timestamp_str,SFN,SFN_p,Slot,Slot_p,CC,CC_p,HARQ,HARQ_p,MCS,MCS_p,CRC,CRC_p,ReTx,ReTx_p,NDI,NDI_p,threshold,anomaly_score,distance_from_threshold
155.csv;03:50:41.383-2024/10/29;69;5,69,354,5,5,0,0,15,11,0,20,0,1,6,4,0,0,0.015417639557754822,0.5031841,0.48776644056614654
155.csv;03:50:44.743-2024/10/29;405;5,405,450,5,5,0,0,15,11,0,19,0,1,6,4,0,0,0.015417639557754822,0.4904152,0.4749975461321713
158.csv;08:03:05.055-2024/12/06;1003;16,1003,680,16,8,0,0,15,10,28,28,1,1,6,4,0,0,0.015417639557754822,0.4265062,0.41108855193432586
160.csv;07:44:47.241-2024/12/05;282;10,282,439,10,7,0,0,0,7,28,28,1,1,6,4,0,0,0.015417639557754822,0.383621,0.36820336764630096
155.csv;03:42:11.764-2024/10/29;307;5,307,400,5,6,0,0,14,12,28,26,1,1,6,4,1,1,0.015417639557754822,0.38199946,0.36658182328518646
160.csv;07:36:50.038-2024/12/05;690;5,690,602,5,6,0,0,2,7,29,28,1,1,6,4,0,0,0.015417639557754822,0.36031115,0.34489351099308746
155.csv;03:50:37.083-2024/10/29;663;5,663,572,5,6,0,0,15,11,29,29,1,1,6,4,0,0,0.015417639557754822,0.36006194,0.34464430397328155
160.csv;07:36:48.923-2024/12/05;578;11,578,551,11,8,0,0,7,9,28,27,1,1,6,4,0,0,0.015417639557754822,0.33637527,0.32095762675579803
155.csv;03:50:41.379-2024/10/29;68;15,68,343,15,9,0,0,15,12,0,20,0,0,5,3,0,0,0.015417639557754822,0.29011,0.2746923524695279
155.csv;03:50:37.079-2024/10/29;662;15,662,548,15,10,0,0,15,12,0,19,0,0,5,4,0,0,0.015417639557754822,0.25750813,0.24209048932369964
155.csv;03:50:44.735-2024/10/29;404;5,404,448,5,5,0,0,15,12,0,21,0,0,5,4,0,0,0.015417639557754822,0.25357828,0.2381606358843686
160.csv;08:36:46.089-2024/12/05;871;8,871,712,8,6,1,0,3,6,30,29,1,1,5,4,0,0,0.015417639557754822,0.1441257,0.12870806043919342
160.csv;08:18:41.120-2024/12/05;918;8,918,742,8,7,1,0,14,11,31,28,1,1,5,4,0,0,0.015417639557754822,0.14385042,0.12843277638729828
160.csv;08:22:17.790-2024/12/05;57;15,57,336,15,9,0,0,1,5,28,28,1,1,5,4,0,0,0.015417639557754822,0.1423674,0.12694975322064178
160.csv;08:36:41.273-2024/12/05;389;9,389,459,9,6,1,0,0,5,28,29,1,1,5,4,1,1,0.015417639557754822,0.13996017,0.12454253023442047
160.csv;07:12:40.464-2024/12/05;116;15,116,338,15,9,0,0,15,11,28,28,1,1,5,4,1,1,0.015417639557754822,0.138455,0.12303736394222992
160.csv;06:58:30.364-2024/12/05;98;11,98,295,11,7,0,0,15,12,28,29,1,1,5,4,0,0,0.015417639557754822,0.1376781,0.12226046210106628
160.csv;09:10:03.998-2024/12/05;982;18,982,746,18,10,0,0,13,11,30,27,1,1,5,4,0,0,0.015417639557754822,0.1321081,0.1166904676514508
160.csv;07:29:40.735-2024/12/05;767;16,767,673,16,9,0,0,13,11,28,27,1,1,5,4,1,1,0.015417639557754822,0.12995014,0.11453249638851898
160.csv;08:54:02.947-2024/12/05;109;15,109,283,15,10,0,0,11,10,29,27,1,1,5,4,1,1,0.015417639557754822,0.1282803,0.11286265736397522
155.csv;03:42:11.760-2024/10/29;306;15,306,405,15,10,0,0,14,11,28,27,1,1,5,4,1,1,0.015417639557754822,0.1278325,0.1124148625689389
160.csv;07:44:47.237-2024/12/05;282;0,282,402,0,4,0,0,0,5,28,29,1,1,5,4,0,0,0.015417639557754822,0.1243107,0.10889306252774017
160.csv;09:11:38.648-2024/12/05;207;8,207,363,8,7,1,0,13,11,31,29,1,1,5,4,1,1,0.015417639557754822,0.12266002,0.1072423789459111
160.csv;06:51:12.577-2024/12/05;351;15,351,423,15,9,0,0,6,8,29,28,1,1,5,4,1,1,0.015417639557754822,0.1217632,0.10634556001003997
158.csv;08:11:33.783-2024/12/06;676;17,676,630,17,10,0,0,1,5,30,30,1,1,5,4,1,1,0.015417639557754822,0.12142006,0.10600242352064865
160.csv;06:49:36.273-2024/12/05;961;5,961,801,5,5,0,0,2,6,29,28,1,1,5,4,1,1,0.015417639557754822,0.119102314,0.10368467455681579
155.csv;03:50:41.375-2024/10/29;68;5,68,336,5,5,0,0,15,13,0,21,0,0,4,3,0,0,0.015417639557754822,0.11888568,0.10346804147537964
160.csv;09:32:57.103-2024/12/05;53;13,53,174,13,8,0,0,12,10,30,27,1,1,5,4,0,0,0.015417639557754822,0.11471131,0.09929366743143814
158.csv;08:03:04.175-2024/12/06;915;15,915,704,15,8,0,0,14,10,28,27,1,1,5,4,0,0,0.015417639557754822,0.1141383,0.09872065817888992
160.csv;09:10:03.998-2024/12/05;982;16,982,718,16,10,0,0,11,10,30,27,1,1,5,4,0,0,0.015417639557754822,0.11249543,0.09707779025610702
160.csv;07:24:11.115-2024/12/05;573;15,573,562,15,9,0,0,12,10,29,29,1,1,5,4,1,1,0.015417639557754822,0.11144548,0.09602783953722732
158.csv;08:03:27.296-2024/12/06;156;1,156,320,1,4,0,0,9,10,28,28,1,1,5,4,1,1,0.015417639557754822,0.10959939,0.09418174957808273
158.csv;08:03:05.015-2024/12/06;999;17,999,698,17,9,0,0,15,12,28,27,1,1,5,4,1,1,0.015417639557754822,0.10958347,0.0941658276873471
160.csv;07:15:12.177-2024/12/05;952;1,952,746,1,4,0,0,10,9,30,27,1,1,5,4,1,1,0.015417639557754822,0.10624187,0.09082422738846557
155.csv;03:50:37.075-2024/10/29;662;5,662,597,5,6,0,0,15,14,29,31,0,0,4,3,0,0,0.015417639557754822,0.10536928,0.08995163774069564
160.csv;07:29:06.526-2024/12/05;419;0,419,477,0,3,0,0,7,8,30,28,1,1,5,4,1,1,0.015417639557754822,0.10431033,0.08889268672045486
158.csv;08:10:50.187-2024/12/06;413;0,413,463,0,4,0,0,7,8,28,29,1,1,5,4,0,0,0.015417639557754822,0.103740335,0.0883226949530484
160.csv;09:39:48.967-2024/12/05;280;0,280,402,0,4,0,0,8,9,28,29,1,1,5,4,1,1,0.015417639557754822,0.102680154,0.08726251458700912
160.csv;07:36:50.032-2024/12/05;689;11,689,649,11,8,0,0,2,6,29,28,1,1,5,4,0,0,0.015417639557754822,0.0996225,0.08420486336525695
160.csv;09:17:34.383-2024/12/05;965;11,965,749,11,7,0,0,4,7,29,28,1,1,5,4,1,1,0.015417639557754822,0.09848584,0.08306820278939026
158.csv;08:10:44.541-2024/12/06;872;7,872,784,7,7,0,0,6,8,28,30,1,1,5,4,0,0,0.015417639557754822,0.097942844,0.08252520447548645
160.csv;08:38:46.431-2024/12/05;617;17,617,573,17,11,0,0,9,9,28,30,1,1,5,4,0,0,0.015417639557754822,0.09785668,0.08243903851088302
160.csv;09:25:43.225-2024/12/05;697;17,697,663,17,10,0,0,4,7,30,29,1,1,5,4,0,0,0.015417639557754822,0.09659898,0.0811813432532193
160.csv;09:26:11.958-2024/12/05;499;1,499,540,1,3,0,0,9,10,29,29,1,1,5,4,0,0,0.015417639557754822,0.09608929,0.08067164903458374
158.csv;08:03:30.018-2024/12/06;428;1,428,492,1,5,0,0,6,9,30,29,1,1,5,4,0,0,0.015417639557754822,0.091770075,0.07635243570383804
160.csv;06:58:33.099-2024/12/05;372;1,372,421,1,4,0,0,11,11,28,27,1,1,5,4,0,0,0.015417639557754822,0.08984297,0.0744253281312825
160.csv;08:31:06.367-2024/12/05;691;10,691,622,10,7,0,0,15,11,29,28,1,1,5,4,0,0,0.015417639557754822,0.087415084,0.07199744468506591
160.csv;07:36:48.903-2024/12/05;576;10,576,540,10,8,0,0,7,8,28,27,1,1,5,4,1,1,0.015417639557754822,0.08618075,0.07076310699757354
160.csv;07:13:36.324-2024/12/05;582;15,582,558,15,9,0,0,9,9,29,27,1,1,5,4,1,1,0.015417639557754822,0.08351186,0.06809421962078827
160.csv;08:18:01.215-2024/12/05;0;0,0,285,0,2,0,0,4,7,29,31,1,1,3,4,0,0,0.015417639557754822,0.081017785,0.06560014521654861
160.csv;08:38:46.450-2024/12/05;619;16,619,574,16,10,0,0,8,9,28,27,1,1,5,4,0,0,0.015417639557754822,0.07926646,0.06384881919201629
160.csv;09:25:33.689-2024/12/05;768;1,768,638,1,4,0,0,6,7,30,29,1,1,5,4,0,0,0.015417639557754822,0.075967774,0.06055013423737304
157.csv;04:08:08.835-2024/10/29;366;15,366,425,15,10,0,0,15,12,0,17,0,0,4,3,1,1,0.015417639557754822,0.07369614,0.05827849691685455
155.csv;03:50:41.367-2024/10/29;67;15,67,302,15,11,0,1,15,13,0,18,0,0,3,3,0,0,0.015417639557754822,0.07111659,0.055698949452006985
160.csv;06:43:16.908-2024/12/05;912;16,912,779,16,12,0,0,9,9,28,31,0,0,4,3,1,1,0.015417639557754822,0.063053645,0.04763600563582199
160.csv;09:34:08.505-2024/12/05;25;16,25,257,16,10,0,0,0,5,29,31,0,0,4,3,1,1,0.015417639557754822,0.062318843,0.04690120330032127
160.csv;08:22:17.743-2024/12/05;52;16,52,279,16,9,0,0,5,7,28,27,1,1,5,4,1,1,0.015417639557754822,0.062102232,0.046684592570626904
160.csv;09:41:39.468-2024/12/05;66;0,66,159,0,4,0,0,10,10,30,30,0,0,4,3,1,1,0.015417639557754822,0.061899673,0.046482033635938336
155.csv;03:50:44.663-2024/10/29;397;5,397,454,5,6,0,0,15,14,29,31,0,0,4,3,0,0,0.015417639557754822,0.061686385,0.0462687458651902
160.csv;09:34:08.448-2024/12/05;20;5,20,198,5,6,0,0,0,5,30,27,0,1,4,4,0,1,0.015417639557754822,0.061471842,0.04605420267161148
155.csv;03:50:37.067-2024/10/29;661;15,661,573,15,12,0,0,15,14,0,11,0,0,3,2,0,0,0.015417639557754822,0.061429817,0.04601217767175453
160.csv;09:10:59.673-2024/12/05;406;12,406,463,12,9,0,0,7,8,30,29,1,1,5,4,1,1,0.015417639557754822,0.06123394,0.0458163019078614
157.csv;04:08:37.124-2024/10/29;123;11,123,256,11,9,0,0,15,13,28,26,0,0,4,3,1,1,0.015417639557754822,0.06090552,0.045487880315149
160.csv;07:22:55.408-2024/12/05;171;1,171,230,1,3,0,0,14,12,30,31,0,0,4,3,1,1,0.015417639557754822,0.060758777,0.045341137405002285
158.csv;08:03:31.196-2024/12/06;545;16,545,573,16,11,0,0,14,12,30,32,0,0,4,3,1,1,0.015417639557754822,0.059671737,0.0442540976959111
160.csv;09:34:08.464-2024/12/05;21;16,21,246,16,9,0,0,3,6,30,31,0,0,4,4,1,1,0.015417639557754822,0.05938983,0.04397219007786529
160.csv;07:22:53.215-2024/12/05;975;15,975,852,15,10,0,0,0,3,30,29,0,0,4,3,1,1,0.015417639557754822,0.05896062,0.043542980756128
160.csv;06:43:48.777-2024/12/05;3;11,3,229,11,9,0,0,14,12,28,30,0,0,4,3,1,1,0.015417639557754822,0.056964803,0.04154716392930763
160.csv;06:59:22.565-2024/12/05;198;13,198,301,13,8,0,0,14,12,29,31,0,0,4,3,0,0,0.015417639557754822,0.056923274,0.041505634393060375
158.csv;08:11:33.806-2024/12/06;678;16,678,649,16,11,0,0,14,12,30,32,0,0,4,3,0,0,0.015417639557754822,0.056780536,0.04136289616998451
160.csv;09:41:39.474-2024/12/05;66;16,66,227,16,10,0,0,14,12,30,32,0,0,4,3,0,0,0.015417639557754822,0.056542978,0.04112533813294189
160.csv;07:36:49.338-2024/12/05;620;0,620,590,0,1,0,0,8,9,28,32,1,1,3,4,0,0,0.015417639557754822,0.05603971,0.04062207004007118
160.csv;09:18:37.237-2024/12/05;82;16,82,274,16,11,0,0,2,6,29,31,0,0,4,3,0,0,0.015417639557754822,0.054974362,0.039556722696387936
160.csv;08:07:58.595-2024/12/05;154;0,154,346,0,3,0,0,14,12,29,31,0,0,4,3,1,1,0.015417639557754822,0.054798577,0.039380937423074414
160.csv;09:26:19.234-2024/12/05;202;16,202,326,16,10,0,0,12,10,29,31,0,0,4,3,1,1,0.015417639557754822,0.054333385,0.03891574552234428
103.csv;04:42:57.614-2024/09/04;819;0,819,752,0,3,0,0,1,4,31,31,0,0,4,3,0,0,0.015417639557754822,0.053809796,0.03839215597089546
160.csv;06:42:29.362-2024/12/05;254;1,254,298,1,3,0,0,12,11,29,31,0,0,4,3,0,0,0.015417639557754822,0.053182382,0.0377647425788285
160.csv;06:58:30.528-2024/12/05;114;16,114,278,16,11,0,0,0,5,28,30,0,0,4,3,1,1,0.015417639557754822,0.052828133,0.037410493548476864
136.csv;18:51:22.344-2024/01/16;9;10,9,267,10,8,1,1,10,11,15,22,1,1,3,4,0,0,0.015417639557754822,0.052387785,0.036970145608747174
157.csv;04:04:21.821-2024/10/29;193;0,193,294,0,3,1,1,15,12,28,29,1,1,3,4,1,1,0.015417639557754822,0.052371383,0.036953743155563046
160.csv;08:22:17.692-2024/12/05;47;15,47,246,15,11,0,0,0,5,29,30,0,0,4,3,0,0,0.015417639557754822,0.052205823,0.0367881838041188
101.csv;10:05:53.677-2024/09/06;143;17,143,273,17,11,0,0,14,11,31,29,0,0,4,4,0,0,0.015417639557754822,0.05183082,0.03641318118151443
103.csv;04:03:12.560-2024/09/04;905;0,905,771,0,2,0,0,0,4,31,32,0,0,4,3,1,1,0.015417639557754822,0.051575497,0.03615785723503845
160.csv;09:11:23.056-2024/12/05;696;16,696,663,16,10,0,0,15,12,29,32,0,0,4,3,0,0,0.015417639557754822,0.0512704,0.035852759684884716
155.csv;03:50:44.659-2024/10/29;396;15,396,424,15,13,0,0,15,14,0,11,0,0,3,2,0,0,0.015417639557754822,0.050292592,0.03487495293792503
160.csv;09:26:16.086-2024/12/05;911;16,911,808,16,10,0,0,3,6,31,32,0,0,4,3,1,1,0.015417639557754822,0.049933694,0.03451605474528091
160.csv;07:38:13.840-2024/12/05;878;5,878,802,5,5,0,0,7,8,28,30,1,1,3,4,1,1,0.015417639557754822,0.04975362,0.03433598166283386
160.csv;08:07:59.294-2024/12/05;223;16,223,374,16,11,0,0,11,10,28,30,0,0,4,3,0,0,0.015417639557754822,0.049577326,0.03415968602474945
160.csv;08:07:58.759-2024/12/05;170;10,170,350,10,7,0,0,0,4,28,29,0,0,4,4,0,0,0.015417639557754822,0.049331963,0.03391432350453155
160.csv;08:23:07.168-2024/12/05;899;10,899,747,10,8,0,0,0,4,28,28,0,0,4,3,1,1,0.015417639557754822,0.049209103,0.03379146343048828
158.csv;08:10:44.744-2024/12/06;892;13,892,813,13,10,0,0,8,8,28,32,0,0,4,3,1,1,0.015417639557754822,0.049132694,0.033715054001176525
160.csv;07:13:36.354-2024/12/05;585;10,585,563,10,8,0,0,5,6,28,32,1,1,3,4,0,0,0.015417639557754822,0.048899263,0.0334816235857846
160.csv;09:10:56.426-2024/12/05;81;11,81,298,11,8,0,0,14,11,30,31,0,0,4,3,0,0,0.015417639557754822,0.04844807,0.03303043132599609
160.csv;09:34:08.505-2024/12/05;25;15,25,330,15,10,0,0,13,10,29,31,0,0,4,3,0,0,0.015417639557754822,0.04831497,0.032897330428922344
160.csv;06:58:33.797-2024/12/05;441;16,441,483,16,11,0,0,13,11,28,31,0,0,4,3,0,0,0.015417639557754822,0.048136108,0.03271846806582229
160.csv;09:10:56.458-2024/12/05;84;16,84,324,16,10,0,0,9,9,30,32,0,0,4,3,0,0,0.015417639557754822,0.047955047,0.03253740778144615
160.csv;08:38:41.780-2024/12/05;152;15,152,321,15,11,0,0,12,11,28,31,0,0,4,3,1,1,0.015417639557754822,0.047913063,0.03249542375978248
160.csv;09:18:37.237-2024/12/05;82;15,82,257,15,10,0,0,15,12,29,29,0,0,4,3,0,0,0.015417639557754822,0.047789555,0.032371915485227276
160.csv;09:26:19.234-2024/12/05;202;17,202,292,17,10,0,0,15,12,29,31,0,0,4,4,1,1,0.015417639557754822,0.04770686,0.03228922149118202
160.csv;09:18:34.566-2024/12/05;839;17,839,746,17,11,0,0,1,5,28,30,0,0,4,3,1,1,0.015417639557754822,0.04768702,0.03226938059505241
160.csv;07:36:50.078-2024/12/05;694;5,694,674,5,5,0,0,9,10,28,30,1,1,3,4,1,1,0.015417639557754822,0.04762196,0.03220432212528007
160.csv;07:22:22.851-2024/12/05;1011;1,1011,749,1,4,0,0,14,11,28,30,0,0,4,3,0,0,0.015417639557754822,0.04760404,0.03218639975365417
160.csv;07:22:53.397-2024/12/05;993;16,993,818,16,11,0,0,14,12,29,31,0,0,4,3,0,0,0.015417639557754822,0.04755006,0.03213242029722946
160.csv;09:40:18.226-2024/12/05;133;16,133,297,16,9,0,0,14,12,29,31,0,0,4,3,0,0,0.015417639557754822,0.047490027,0.032072387244069744
158.csv;08:11:33.806-2024/12/06;678;17,678,643,17,11,0,0,0,4,30,32,0,0,4,3,0,0,0.015417639557754822,0.047104068,0.0316864285426976
160.csv;09:18:37.237-2024/12/05;82;17,82,216,17,10,0,0,4,7,29,29,0,0,4,3,1,1,0.015417639557754822,0.047098864,0.031681224312150646
158.csv;08:19:32.366-2024/12/06;406;16,406,441,16,11,0,0,14,11,28,31,0,0,4,3,1,1,0.015417639557754822,0.047055345,0.031637705470884014
160.csv;06:58:40.988-2024/12/05;136;16,136,284,16,10,0,0,6,7,28,31,0,0,4,3,0,0,0.015417639557754822,0.046767943,0.031350303049647976
160.csv;09:18:34.566-2024/12/05;839;16,839,751,16,10,0,0,15,12,28,30,0,0,4,3,0,0,0.015417639557754822,0.04676758,0.031349941696489025
160.csv;09:34:15.911-2024/12/05;766;11,766,683,11,8,0,0,3,5,30,32,0,0,4,3,0,0,0.015417639557754822,0.046566058,0.031148418392503433
103.csv;04:00:57.591-2024/09/04;720;0,720,676,0,3,0,0,15,12,31,31,0,0,4,3,0,0,0.015417639557754822,0.046545926,0.031128286923730545
160.csv;09:34:15.876-2024/12/05;762;15,762,680,15,10,0,0,0,4,31,33,0,0,4,3,1,1,0.015417639557754822,0.04646062,0.031042981501186066
160.csv;07:14:05.484-2024/12/05;426;10,426,484,10,8,0,0,0,4,28,32,0,0,4,3,0,0,0.015417639557754822,0.046456445,0.03103880545076149
160.csv;06:58:30.815-2024/12/05;143;11,143,331,11,8,0,0,11,10,28,32,0,0,4,3,1,1,0.015417639557754822,0.046381705,0.03096406495150345
160.csv;06:43:08.365-2024/12/05;58;10,58,274,10,7,0,0,15,12,28,31,0,0,4,3,1,1,0.015417639557754822,0.046058048,0.03064040800508278
158.csv;08:03:31.196-2024/12/06;545;17,545,578,17,11,0,0,0,4,30,31,0,0,4,3,0,0,0.015417639557754822,0.045904767,0.030487127210462265
160.csv;08:15:35.453-2024/12/05;783;16,783,678,16,11,0,0,14,11,28,31,0,0,4,3,1,1,0.015417639557754822,0.045897793,0.030480153467023544
160.csv;07:22:53.397-2024/12/05;993;17,993,743,17,11,0,0,0,5,29,31,0,0,4,4,0,0,0.015417639557754822,0.04588247,0.03046483134802597
160.csv;06:58:30.528-2024/12/05;114;15,114,304,15,10,0,0,15,12,28,30,0,0,4,3,1,1,0.015417639557754822,0.0457864,0.030368759836518936
160.csv;06:58:30.525-2024/12/05;114;11,114,263,11,8,0,0,13,11,28,31,0,0,4,3,0,0,0.015417639557754822,0.045736525,0.030318885650003128
160.csv;07:54:07.322-2024/12/05;994;10,994,829,10,8,0,0,0,4,30,30,0,0,4,3,1,1,0.015417639557754822,0.045691673,0.030274033154809647
158.csv;08:19:13.019-2024/12/06;520;0,520,570,0,3,0,0,1,5,30,32,0,0,4,3,0,0,0.015417639557754822,0.045650307,0.030232667531335525
160.csv;06:43:16.720-2024/12/05;893;17,893,789,17,12,0,0,6,7,28,32,0,0,4,3,1,1,0.015417639557754822,0.045607433,0.030189793165290527
160.csv;08:30:43.061-2024/12/05;409;0,409,431,0,3,0,0,13,12,30,31,0,0,4,3,0,0,0.015417639557754822,0.045408733,0.029991093631351166
160.csv;09:41:12.904-2024/12/05;481;16,481,488,16,10,0,0,2,5,29,33,0,0,4,3,0,0,0.015417639557754822,0.045397796,0.02998015617903488
160.csv;06:43:16.662-2024/12/05;888;0,888,776,0,3,0,0,5,7,28,32,0,0,4,3,0,0,0.015417639557754822,0.04539322,0.02997558152254837
160.csv;08:15:37.940-2024/12/05;8;15,8,310,15,9,0,0,0,4,28,30,0,0,4,4,1,1,0.015417639557754822,0.04534564,0.029928002114856415
160.csv;06:58:31.998-2024/12/05;261;15,261,417,15,10,0,0,8,8,28,31,0,0,4,3,1,1,0.015417639557754822,0.04529059,0.029872949774825745
158.csv;08:11:33.806-2024/12/06;678;18,678,627,18,12,0,0,2,5,30,32,0,0,4,3,0,0,0.015417639557754822,0.045209434,0.029791794325673752
160.csv;07:29:07.312-2024/12/05;497;6,497,506,6,6,0,0,4,6,28,32,1,1,3,4,0,0,0.015417639557754822,0.04504309,0.029625448937976532
160.csv;07:30:42.409-2024/12/05;791;0,791,741,0,0,0,0,5,6,29,29,1,1,3,4,1,1,0.015417639557754822,0.044964608,0.029546968247258835
160.csv;06:43:48.777-2024/12/05;3;10,3,253,10,8,0,0,13,11,28,30,0,0,4,3,0,0,0.015417639557754822,0.044939477,0.02952183743890541
155.csv;03:55:07.485-2024/10/29;55;10,55,266,10,8,0,0,15,12,28,27,0,0,4,4,1,1,0.015417639557754822,0.04492537,0.029507729764545135
101.csv;10:06:43.994-2024/09/06;55;10,55,302,10,7,0,0,15,11,31,29,0,0,4,4,1,1,0.015417639557754822,0.044883933,0.029466293360555344
158.csv;08:03:25.196-2024/12/06;969;15,969,816,15,10,0,0,0,4,28,30,0,0,4,3,1,1,0.015417639557754822,0.04463111,0.02921346908386963
160.csv;09:10:56.406-2024/12/05;79;15,79,306,15,9,0,0,0,4,30,32,0,0,4,3,1,1,0.015417639557754822,0.044588204,0.029170564915502243
160.csv;07:53:23.648-2024/12/05;723;5,723,619,5,6,0,0,15,12,30,32,0,0,4,3,1,1,0.015417639557754822,0.04456455,0.02914690932210701
160.csv;09:10:52.183-2024/12/05;681;11,681,651,11,8,0,0,15,12,30,31,0,0,4,3,0,0,0.015417639557754822,0.044386264,0.02896862437900322
160.csv;07:22:22.575-2024/12/05;983;16,983,757,16,12,0,0,13,11,28,30,0,0,4,3,0,0,0.015417639557754822,0.044372197,0.028954557682836227
160.csv;07:14:00.235-2024/12/05;925;11,925,768,11,8,0,0,14,11,29,31,0,0,4,3,0,0,0.015417639557754822,0.044368148,0.0289505082922818
160.csv;09:10:03.978-2024/12/05;980;18,980,823,18,12,0,0,12,9,30,31,0,0,4,3,0,0,0.015417639557754822,0.04435404,0.028936400617921524
160.csv;09:41:08.618-2024/12/05;53;5,53,214,5,5,0,0,15,12,31,29,0,0,4,4,1,1,0.015417639557754822,0.044305876,0.02888823633965271
160.csv;09:26:19.234-2024/12/05;202;15,202,303,15,11,0,0,11,9,29,31,0,0,4,3,0,0,0.015417639557754822,0.044157036,0.028739396091067963
160.csv;06:51:43.325-2024/12/05;354;11,354,426,11,7,0,0,13,11,28,31,0,0,4,3,1,1,0.015417639557754822,0.044083953,0.028666313345992737
160.csv;07:22:22.982-2024/12/05;0;5,0,180,5,6,0,0,1,5,28,27,0,0,4,3,1,1,0.015417639557754822,0.04404789,0.028630248810613327
160.csv;09:26:42.554-2024/12/05;486;15,486,535,15,11,0,0,0,4,29,30,0,0,4,3,1,1,0.015417639557754822,0.04402755,0.028609908725583725
160.csv;07:22:22.787-2024/12/05;1004;17,1004,795,17,12,0,0,12,11,28,29,0,0,4,3,1,1,0.015417639557754822,0.043994196,0.028576556201541595
160.csv;07:53:23.652-2024/12/05;723;10,723,659,10,8,0,0,0,4,30,32,0,0,4,3,1,1,0.015417639557754822,0.043958515,0.028540875371062927
160.csv;09:01:00.175-2024/12/05;872;6,872,705,6,6,0,0,13,11,28,29,0,0,4,3,0,0,0.015417639557754822,0.043932445,0.02851480578955429
160.csv;07:22:22.787-2024/12/05;1004;18,1004,767,18,11,0,0,13,10,28,30,0,0,4,3,0,0,0.015417639557754822,0.043925796,0.028508156146371536
160.csv;09:41:08.634-2024/12/05;54;15,54,206,15,11,0,0,14,11,31,30,0,0,4,3,1,1,0.015417639557754822,0.043849587,0.0284319478827359
160.csv;09:03:26.717-2024/12/05;166;15,166,285,15,12,0,0,5,6,29,31,0,0,4,3,1,1,0.015417639557754822,0.043838713,0.02842107376035469
160.csv;08:07:58.555-2024/12/05;150;0,150,324,0,3,0,0,2,6,29,32,0,0,4,3,0,0,0.015417639557754822,0.04371468,0.0282970402198674
160.csv;08:38:41.768-2024/12/05;151;15,151,322,15,10,0,0,15,12,28,30,0,0,4,3,0,0,0.015417639557754822,0.043696664,0.02827902471598404
160.csv;08:23:08.451-2024/12/05;3;15,3,390,15,8,0,0,3,6,28,31,0,0,4,4,1,1,0.015417639557754822,0.043695785,0.028278145547473602
160.csv;08:07:58.691-2024/12/05;163;11,163,318,11,7,0,0,13,12,28,30,0,0,4,3,1,1,0.015417639557754822,0.043677706,0.028260066713655167
160.csv;09:34:08.486-2024/12/05;24;0,24,240,0,4,0,0,15,11,29,30,0,0,4,4,1,1,0.015417639557754822,0.04364309,0.02822545131620186
160.csv;07:52:07.360-2024/12/05;262;6,262,301,6,5,0,0,5,7,28,31,1,1,3,4,0,0,0.015417639557754822,0.04362405,0.02820641135748642
160.csv;09:41:39.432-2024/12/05;62;11,62,248,11,7,0,0,14,11,30,31,0,0,4,3,1,1,0.015417639557754822,0.04361876,0.028201121445262604
103.csv;03:44:27.562-2024/09/04;21;0,21,274,0,3,0,0,13,10,31,28,0,0,4,4,1,1,0.015417639557754822,0.043568205,0.028150565530622177
160.csv;06:58:30.636-2024/12/05;125;11,125,242,11,7,0,0,15,12,28,30,0,0,4,3,0,0,0.015417639557754822,0.043527223,0.028109583612048798
158.csv;08:10:44.741-2024/12/06;892;11,892,816,11,9,0,0,6,7,28,32,0,0,4,3,1,1,0.015417639557754822,0.043340866,0.02792322596486824
160.csv;09:26:42.554-2024/12/05;486;16,486,534,16,11,0,0,1,5,29,30,0,0,4,3,1,1,0.015417639557754822,0.04331062,0.027892980332935028
160.csv;09:41:39.451-2024/12/05;64;10,64,195,10,7,0,0,12,11,30,30,0,0,4,3,1,1,0.015417639557754822,0.043295894,0.027878254260385208
160.csv;06:43:48.737-2024/12/05;1023;15,1023,777,15,10,0,0,15,11,28,30,0,0,4,4,0,0,0.015417639557754822,0.04327999,0.027862350996101074
103.csv;03:48:12.582-2024/09/04;1019;0,1019,805,0,3,0,0,3,6,31,31,0,0,4,4,1,1,0.015417639557754822,0.043157592,0.02773995285805481
160.csv;09:41:39.523-2024/12/05;71;11,71,307,11,7,0,0,1,5,29,32,0,0,4,4,1,1,0.015417639557754822,0.0431381,0.027720462139213257
160.csv;06:59:22.506-2024/12/05;192;15,192,308,15,10,0,0,0,5,29,32,0,0,4,3,1,1,0.015417639557754822,0.04312627,0.027708630617225342
160.csv;07:14:41.357-2024/12/05;941;16,941,798,16,10,0,0,15,12,29,30,0,0,4,3,1,1,0.015417639557754822,0.043099675,0.027682035769784622
160.csv;07:22:22.787-2024/12/05;1005;0,1005,820,0,4,0,0,14,11,28,31,0,0,4,3,1,1,0.015417639557754822,0.0430831,0.027665461953246765
160.csv;09:10:04.077-2024/12/05;990;15,990,804,15,10,0,0,15,11,30,29,0,0,4,3,0,0,0.015417639557754822,0.043061893,0.02764425387557762
136.csv;18:52:24.856-2024/01/16;116;10,116,184,10,10,1,1,1,1,19,27,1,1,2,3,0,0,0.015417639557754822,0.043039393,0.02762175312217491
160.csv;06:43:48.755-2024/12/05;1;5,1,300,5,5,0,0,3,6,28,28,0,0,4,4,0,0,0.015417639557754822,0.04299076,0.02757311945732849
160.csv;08:46:08.283-2024/12/05;771;0,771,770,0,3,0,0,2,5,29,31,0,0,4,3,1,1,0.015417639557754822,0.042876102,0.02745846247252243
160.csv;07:22:53.276-2024/12/05;981;15,981,808,15,10,0,0,15,12,30,30,0,0,4,3,0,0,0.015417639557754822,0.04283804,0.027420401181543045
160.csv;09:41:10.871-2024/12/05;278;8,278,351,8,8,0,0,11,11,29,30,1,1,3,4,1,1,0.015417639557754822,0.042835426,0.027417786027753525
160.csv;09:20:48.736-2024/12/05;944;15,944,756,15,11,0,0,10,9,29,30,0,0,4,3,0,0,0.015417639557754822,0.042745765,0.027328125740850143
160.csv;09:10:56.505-2024/12/05;89;15,89,250,15,11,0,0,1,5,30,31,0,0,4,4,1,1,0.015417639557754822,0.042687967,0.027270327861869507
160.csv;08:55:13.271-2024/12/05;998;0,998,779,0,2,0,0,0,4,30,30,0,0,4,4,1,1,0.015417639557754822,0.04253255,0.027114908750617676
160.csv;06:58:40.988-2024/12/05;136;17,136,313,17,10,0,0,9,9,28,31,0,0,4,3,0,0,0.015417639557754822,0.04252563,0.027107990886533432
160.csv;09:32:26.224-2024/12/05;37;15,37,311,15,9,0,0,2,6,28,30,0,0,4,4,0,0,0.015417639557754822,0.042496,0.027078359927499466
160.csv;07:14:36.425-2024/12/05;448;15,448,449,15,11,0,0,13,12,29,33,1,1,3,4,1,1,0.015417639557754822,0.04248326,0.027065619434678726
160.csv;09:10:56.417-2024/12/05;80;15,80,213,15,11,0,0,6,8,30,31,0,0,4,3,1,1,0.015417639557754822,0.04246246,0.027044821138942413
160.csv;06:58:41.109-2024/12/05;149;0,149,304,0,4,0,0,12,10,28,31,0,0,4,3,1,1,0.015417639557754822,0.042422004,0.027004364486301117
157.csv;04:04:21.708-2024/10/29;181;8,181,234,8,7,1,1,12,12,28,30,1,1,3,4,1,1,0.015417639557754822,0.042398173,0.026980533804261856
160.csv;06:43:16.908-2024/12/05;912;17,912,805,17,11,0,0,12,10,28,31,0,0,4,3,1,1,0.015417639557754822,0.042344663,0.02692702373441475
160.csv;07:22:53.393-2024/12/05;993;11,993,776,11,8,0,0,10,10,29,31,0,0,4,3,0,0,0.015417639557754822,0.042326964,0.026909324880206757
160.csv;08:15:35.453-2024/12/05;783;15,783,680,15,11,0,0,13,11,28,31,0,0,4,3,1,1,0.015417639557754822,0.04229483,0.026877190526092224
160.csv;09:41:39.500-2024/12/05;69;5,69,206,5,5,0,0,0,4,30,29,0,0,4,4,1,1,0.015417639557754822,0.042290222,0.026872582341993027
160.csv;07:45:16.483-2024/12/05;134;10,134,364,10,8,0,0,0,4,28,31,0,0,4,3,0,0,0.015417639557754822,0.042270325,0.02685268556650894
160.csv;08:23:07.428-2024/12/05;925;11,925,731,11,8,0,0,14,11,28,31,0,0,4,3,0,0,0.015417639557754822,0.042249393,0.026831753160321884
136.csv;18:53:13.360-2024/01/16;870;19,870,812,19,13,1,1,13,11,18,28,1,1,3,3,1,1,0.015417639557754822,0.04221798,0.026800341512525253
160.csv;08:38:41.783-2024/12/05;153;0,153,351,0,3,0,0,0,4,28,31,0,0,4,3,1,1,0.015417639557754822,0.04216561,0.026747971381509476
160.csv;09:18:39.928-2024/12/05;351;16,351,417,16,11,0,0,2,6,29,32,0,0,4,3,0,0,0.015417639557754822,0.04214895,0.026731311883294754
160.csv;08:15:35.400-2024/12/05;778;10,778,742,10,8,0,0,0,4,28,31,0,0,4,3,0,0,0.015417639557754822,0.042128775,0.026711135711038284
160.csv;07:29:07.335-2024/12/05;499;15,499,542,15,11,0,0,14,11,28,31,0,0,4,3,1,1,0.015417639557754822,0.042116076,0.026698436196410828
160.csv;08:23:07.061-2024/12/05;888;13,888,734,13,10,0,0,6,7,28,30,0,0,4,3,0,0,0.015417639557754822,0.04209039,0.026672750319802933
160.csv;07:22:53.397-2024/12/05;993;15,993,814,15,11,0,0,13,11,29,31,0,0,4,3,1,1,0.015417639557754822,0.042055607,0.026637967284286194
160.csv;09:34:08.496-2024/12/05;24;15,24,201,15,10,0,0,4,6,29,30,0,0,4,3,1,1,0.015417639557754822,0.042031333,0.026613693292701416
160.csv;08:38:41.771-2024/12/05;151;16,151,344,16,10,0,0,1,5,28,32,0,0,4,3,0,0,0.015417639557754822,0.04202212,0.02660448064979332
160.csv;07:36:52.502-2024/12/05;936;11,936,832,11,9,0,0,12,11,29,31,1,1,3,4,1,1,0.015417639557754822,0.04187839,0.026460751499498062
160.csv;09:17:37.558-2024/12/05;258;16,258,386,16,10,0,0,14,12,30,31,0,0,4,3,1,1,0.015417639557754822,0.041864846,0.026447206343972855
160.csv;07:14:06.133-2024/12/05;491;10,491,515,10,7,0,0,11,10,28,32,0,0,4,3,0,0,0.015417639557754822,0.04184606,0.02642841970499771
160.csv;08:07:59.262-2024/12/05;220;11,220,321,11,7,0,0,0,5,28,32,0,0,4,3,1,1,0.015417639557754822,0.041832928,0.026415288056695633
160.csv;09:34:15.876-2024/12/05;762;18,762,675,18,12,0,0,4,6,31,33,0,0,4,3,1,1,0.015417639557754822,0.04182127,0.026403631623351746
160.csv;07:52:54.746-2024/12/05;905;0,905,720,0,3,0,0,0,4,28,30,0,0,4,3,1,1,0.015417639557754822,0.041747548,0.026329908128345184
160.csv;08:23:07.061-2024/12/05;888;12,888,710,12,8,0,0,5,7,28,31,0,0,4,3,0,0,0.015417639557754822,0.041746292,0.026328652705514603
160.csv;08:23:07.061-2024/12/05;888;15,888,732,15,11,0,0,7,8,28,31,0,0,4,3,0,0,0.015417639557754822,0.041730747,0.02631310706909912
160.csv;09:17:47.123-2024/12/05;191;10,191,294,10,9,0,0,15,11,29,31,0,0,4,3,0,0,0.015417639557754822,0.041728042,0.026310402508342438
158.csv;08:10:44.744-2024/12/06;892;15,892,760,15,11,0,0,9,9,28,32,0,0,4,3,0,0,0.015417639557754822,0.041645236,0.026227596755588226
160.csv;09:20:48.604-2024/12/05;931;10,931,779,10,8,0,0,13,11,29,30,0,0,4,3,0,0,0.015417639557754822,0.04155879,0.026141151394212418
160.csv;07:22:22.855-2024/12/05;1011;15,1011,771,15,10,0,0,0,5,28,30,0,0,4,3,0,0,0.015417639557754822,0.041466746,0.02604910692151802
160.csv;09:10:04.016-2024/12/05;984;15,984,824,15,9,0,0,15,11,30,30,0,0,4,4,0,0,0.015417639557754822,0.041462168,0.02604452853974121
160.csv;06:43:48.751-2024/12/05;1;0,1,275,0,4,0,0,2,5,28,30,0,0,4,4,1,1,0.015417639557754822,0.041428022,0.02601038252886551
160.csv;07:13:59.186-2024/12/05;820;11,820,744,11,8,0,0,8,9,28,31,0,0,4,3,1,1,0.015417639557754822,0.041427586,0.02600994666990059
160.csv;08:07:58.763-2024/12/05;170;15,170,231,15,10,0,0,1,6,28,30,0,0,4,4,1,1,0.015417639557754822,0.041385602,0.025967962648236923
160.csv;07:29:11.869-2024/12/05;953;0,953,809,0,3,0,0,0,5,28,30,0,0,4,3,1,1,0.015417639557754822,0.041314267,0.025896627064311676
160.csv;07:30:24.437-2024/12/05;18;0,18,382,0,3,0,0,15,11,28,29,0,0,4,4,1,1,0.015417639557754822,0.041313123,0.025895483400190048
158.csv;08:10:42.401-2024/12/06;658;10,658,614,10,8,0,0,15,11,30,31,0,0,4,3,1,1,0.015417639557754822,0.041310504,0.02589286452111023
160.csv;08:01:17.698-2024/12/05;0;3,0,179,3,6,1,1,4,5,29,30,1,1,2,3,0,0,0.015417639557754822,0.04123021,0.02581256961401718
160.csv;07:14:05.331-2024/12/05;411;1,411,494,1,3,0,0,14,11,29,30,0,0,4,3,0,0,0.015417639557754822,0.041222997,0.02580535745199936
160.csv;06:58:31.998-2024/12/05;261;13,261,378,13,9,0,0,7,8,28,31,0,0,4,3,1,1,0.015417639557754822,0.041208144,0.02579050471957939
160.csv;07:14:41.429-2024/12/05;948;18,948,718,18,11,0,0,12,10,29,31,0,0,4,3,1,1,0.015417639557754822,0.04120619,0.0257885489421727
160.csv;09:41:39.523-2024/12/05;71;10,71,284,10,8,0,0,15,11,29,30,0,0,4,3,0,0,0.015417639557754822,0.041201495,0.025783855076396637
160.csv;06:58:30.566-2024/12/05;118;15,118,286,15,10,0,0,3,6,28,32,0,0,4,3,1,1,0.015417639557754822,0.041184667,0.025767027940118484
158.csv;08:12:04.466-2024/12/06;672;16,672,624,16,11,0,0,0,5,28,32,0,0,4,3,1,1,0.015417639557754822,0.041122746,0.02570510616477745
160.csv;07:14:41.556-2024/12/05;961;15,961,733,15,10,0,0,15,12,28,31,0,0,4,4,0,0,0.015417639557754822,0.041045934,0.025628294404113464
160.csv;09:34:08.671-2024/12/05;42;7,42,180,7,7,0,0,9,10,28,29,1,1,3,4,0,0,0.015417639557754822,0.040999718,0.025582078452670746
160.csv;09:03:27.779-2024/12/05;272;16,272,315,16,11,0,0,3,6,29,31,0,0,4,3,1,1,0.015417639557754822,0.040956218,0.025538578237855606
158.csv;08:17:46.851-2024/12/06;95;8,95,332,8,6,0,0,0,4,28,29,0,0,4,4,0,0,0.015417639557754822,0.040944744,0.025527104343736343
160.csv;06:57:29.241-2024/12/05;130;5,130,300,5,6,0,0,14,12,30,31,0,0,4,3,1,1,0.015417639557754822,0.040915098,0.025497458483541183
160.csv;08:31:04.095-2024/12/05;464;6,464,518,6,6,0,0,15,12,29,32,0,0,4,3,0,0,0.015417639557754822,0.040869135,0.02545149585183876
160.csv;07:22:24.395-2024/12/05;141;15,141,386,15,8,0,0,0,5,28,31,0,0,4,4,0,0,0.015417639557754822,0.040790696,0.025373056139314346
160.csv;09:40:18.055-2024/12/05;116;15,116,286,15,10,0,0,8,8,30,31,0,0,4,3,1,1,0.015417639557754822,0.040769085,0.02535144573029297
160.csv;09:41:08.603-2024/12/05;51;11,51,242,11,8,0,0,8,8,31,31,0,0,4,3,0,0,0.015417639557754822,0.04073668,0.02531903942998665
160.csv;08:38:41.682-2024/12/05;143;0,143,203,0,4,0,0,0,5,28,27,0,0,4,4,1,1,0.015417639557754822,0.04072713,0.02530949151095169
160.csv;09:32:51.741-2024/12/05;541;11,541,543,11,8,0,0,5,6,30,33,0,0,4,3,0,0,0.015417639557754822,0.04069298,0.02527534177478569
160.csv;08:38:42.086-2024/12/05;183;5,183,284,5,5,0,0,1,5,28,32,0,0,4,3,0,0,0.015417639557754822,0.04066896,0.025251321102941208
160.csv;09:41:39.474-2024/12/05;66;15,66,254,15,10,0,0,13,11,30,31,0,0,4,3,0,0,0.015417639557754822,0.04064272,0.025225080158078842
160.csv;06:51:43.325-2024/12/05;354;13,354,408,13,9,0,0,14,12,28,30,0,0,4,3,1,1,0.015417639557754822,0.040641025,0.025223385150993042
160.csv;09:40:18.095-2024/12/05;120;15,120,248,15,10,0,0,12,11,30,30,0,0,4,3,1,1,0.015417639557754822,0.040623277,0.02520563786801117
160.csv;09:34:10.574-2024/12/05;232;16,232,315,16,9,0,0,15,12,29,30,0,0,4,3,1,1,0.015417639557754822,0.040604834,0.025187193955743484
103.csv;03:44:27.530-2024/09/04;18;0,18,335,0,4,0,0,13,9,31,29,0,0,4,4,0,0,0.015417639557754822,0.040575232,0.025157592799031906
160.csv;08:23:09.095-2024/12/05;68;0,68,356,0,3,0,0,15,11,28,30,0,0,4,4,1,1,0.015417639557754822,0.040558416,0.02514077683862465
160.csv;09:10:52.176-2024/12/05;680;16,680,670,16,11,0,0,10,10,28,31,0,0,4,3,1,1,0.015417639557754822,0.040533733,0.02511609306510704
160.csv;09:10:03.966-2024/12/05;979;15,979,830,15,10,0,0,2,5,30,30,0,0,4,3,1,1,0.015417639557754822,0.04046771,0.0250500697451474
124.csv;19:29:33.138-2024/02/13;817;10,817,872,10,8,0,0,6,7,31,33,1,1,2,3,1,1,0.015417639557754822,0.040413678,0.024996038134658508
160.csv;06:58:30.636-2024/12/05;125;12,125,271,12,8,0,0,0,5,28,30,0,0,4,3,1,1,0.015417639557754822,0.040403843,0.02498620336827057
160.csv;08:22:17.715-2024/12/05;50;0,50,284,0,3,0,0,11,10,29,31,0,0,4,3,1,1,0.015417639557754822,0.04038282,0.024965181555116348
160.csv;09:41:08.594-2024/12/05;50;15,50,269,15,10,0,0,0,5,31,30,0,0,4,4,0,0,0.015417639557754822,0.040327616,0.02490997647818344
160.csv;09:10:23.106-2024/12/05;845;16,845,739,16,11,0,0,12,10,30,32,0,0,4,3,0,0,0.015417639557754822,0.040297065,0.024879425372445755
160.csv;09:32:51.736-2024/12/05;540;15,540,500,15,11,0,0,15,12,30,32,0,0,4,3,0,0,0.015417639557754822,0.04029365,0.024876009281242065
160.csv;07:22:55.408-2024/12/05;171;2,171,272,2,4,0,0,0,4,30,31,0,0,4,3,1,1,0.015417639557754822,0.040266316,0.02484867682632225
160.csv;09:17:34.448-2024/12/05;971;16,971,798,16,10,0,0,10,9,29,30,0,0,4,3,0,0,0.015417639557754822,0.04017794,0.02476030176457184
160.csv;06:43:16.628-2024/12/05;884;17,884,719,17,11,0,0,8,8,28,31,0,0,4,3,1,1,0.015417639557754822,0.04016967,0.024752031620109253
160.csv;06:58:30.570-2024/12/05;119;0,119,343,0,3,0,0,4,6,28,31,0,0,4,3,0,0,0.015417639557754822,0.040078465,0.02466082533773201
160.csv;07:44:42.123-2024/12/05;794;15,794,721,15,12,0,0,10,10,28,31,1,1,3,4,0,0,0.015417639557754822,0.040009197,0.02459155728992241
160.csv;06:51:25.087-2024/12/05;578;16,578,523,16,11,0,0,14,12,30,32,0,0,4,3,0,0,0.015417639557754822,0.039953765,0.024536124970281296
160.csv;08:46:08.291-2024/12/05;771;15,771,722,15,11,0,0,3,5,29,31,0,0,4,3,1,1,0.015417639557754822,0.03994038,0.024522740002238922
160.csv;09:18:39.924-2024/12/05;351;15,351,360,15,10,0,0,12,11,29,31,0,0,4,3,0,0,0.015417639557754822,0.039889626,0.024471986647212677
160.csv;07:14:06.267-2024/12/05;504;16,504,515,16,11,0,0,1,5,28,31,0,0,4,4,0,0,0.015417639557754822,0.039887346,0.024469706769550018
160.csv;09:10:56.426-2024/12/05;81;12,81,265,12,7,0,0,15,12,30,31,0,0,4,4,1,1,0.015417639557754822,0.039880365,0.0244627255755307
160.csv;09:17:47.123-2024/12/05;191;11,191,303,11,7,0,0,1,5,29,32,0,0,4,3,1,1,0.015417639557754822,0.03987579,0.02445815091904419
160.csv;06:58:26.687-2024/12/05;754;15,754,672,15,10,0,0,3,5,28,32,0,0,4,4,1,1,0.015417639557754822,0.039843537,0.024425897355640106
160.csv;08:46:08.267-2024/12/05;769;7,769,707,7,6,0,0,0,4,29,32,0,0,4,3,0,0,0.015417639557754822,0.039823834,0.02440619429525154
160.csv;09:25:20.945-2024/12/05;517;11,517,472,11,10,0,0,8,10,30,31,1,1,3,4,0,0,0.015417639557754822,0.039784584,0.024366944636666946
158.csv;08:03:23.170-2024/12/06;767;0,767,667,0,3,0,0,1,4,28,31,0,0,4,3,1,1,0.015417639557754822,0.03975027,0.024332630987727814
160.csv;09:26:15.986-2024/12/05;901;16,901,672,16,10,0,0,1,6,31,31,0,0,4,4,1,1,0.015417639557754822,0.03974562,0.024327981825435333
160.csv;06:42:28.420-2024/12/05;159;15,159,328,15,9,0,0,1,5,30,31,0,0,4,4,1,1,0.015417639557754822,0.03969909,0.024281449224317245
160.csv;09:10:03.996-2024/12/05;982;10,982,844,10,8,0,0,0,4,30,31,0,0,4,3,1,1,0.015417639557754822,0.03965651,0.024238869156205826
160.csv;09:17:47.106-2024/12/05;189;16,189,305,16,11,0,0,13,11,29,31,0,0,4,3,0,0,0.015417639557754822,0.039638087,0.02422044759567993
160.csv;07:13:59.698-2024/12/05;871;15,871,776,15,10,0,0,14,11,30,30,0,0,4,3,0,0,0.015417639557754822,0.039566763,0.02414912318762558
160.csv;06:58:30.804-2024/12/05;142;12,142,326,12,9,0,0,6,7,28,32,0,0,4,3,0,0,0.015417639557754822,0.03954905,0.024131409432256393
158.csv;08:18:10.223-2024/12/06;384;15,384,393,15,12,0,0,9,9,28,31,1,1,3,4,0,0,0.015417639557754822,0.039531205,0.02411356529172676
160.csv;06:58:30.606-2024/12/05;122;15,122,326,15,12,0,0,4,6,28,31,0,0,4,3,1,1,0.015417639557754822,0.039496616,0.024078975971305542
160.csv;08:07:59.314-2024/12/05;225;16,225,384,16,11,0,0,14,11,28,30,0,0,4,3,1,1,0.015417639557754822,0.039483618,0.02406597843345421
136.csv;18:51:28.388-2024/01/16;613;19,613,612,19,14,1,1,15,13,15,24,1,1,3,3,1,1,0.015417639557754822,0.039479062,0.02406142240341919
160.csv;07:22:22.791-2024/12/05;1005;1,1005,818,1,4,0,0,0,4,28,29,0,0,4,3,1,1,0.015417639557754822,0.03941343,0.023995790238940887
160.csv;09:17:43.955-2024/12/05;898;11,898,812,11,9,0,0,8,8,29,32,0,0,4,3,0,0,0.015417639557754822,0.03939704,0.023979398961627655
160.csv;09:41:08.671-2024/12/05;58;10,58,331,10,9,0,0,1,5,30,29,0,0,4,4,0,0,0.015417639557754822,0.03938418,0.023966539259517364
160.csv;09:17:31.297-2024/12/05;656;17,656,643,17,12,0,0,10,9,28,30,0,0,4,3,1,1,0.015417639557754822,0.039380204,0.023962564374768906
160.csv;06:43:48.737-2024/12/05;1023;13,1023,807,13,9,0,0,13,10,28,30,0,0,4,4,1,1,0.015417639557754822,0.03937099,0.02395335173186081
160.csv;09:32:57.076-2024/12/05;50;15,50,273,15,11,0,0,2,6,30,30,0,0,4,4,1,1,0.015417639557754822,0.039354306,0.023936666156614
160.csv;07:12:40.408-2024/12/05;110;16,110,220,16,9,0,0,12,10,29,30,0,0,4,3,1,1,0.015417639557754822,0.03929602,0.023878380264604263
160.csv;09:03:26.711-2024/12/05;166;5,166,311,5,4,0,0,1,5,29,29,0,0,4,4,1,1,0.015417639557754822,0.039241794,0.02382415493901985
160.csv;07:22:22.575-2024/12/05;983;15,983,789,15,10,0,0,12,10,28,30,0,0,4,3,1,1,0.015417639557754822,0.039227847,0.02381020745214241
160.csv;09:10:56.458-2024/12/05;84;17,84,299,17,9,0,0,10,9,30,32,0,0,4,4,1,1,0.015417639557754822,0.039225712,0.02380807286080139
160.csv;08:23:07.092-2024/12/05;892;0,892,708,0,2,0,0,3,6,28,30,0,0,4,3,0,0,0.015417639557754822,0.039225496,0.02380785679396408
160.csv;07:22:55.408-2024/12/05;171;0,171,250,0,4,0,0,13,11,30,30,0,0,4,3,1,1,0.015417639557754822,0.03919656,0.02377891873892563
103.csv;03:44:27.590-2024/09/04;24;0,24,180,0,4,0,0,0,4,31,30,1,1,4,4,1,1,0.015417639557754822,0.039186787,0.023769147302472763
158.csv;08:10:48.704-2024/12/06;264;15,264,341,15,10,0,0,11,10,28,32,0,0,4,3,0,0,0.015417639557754822,0.03916903,0.023751388843619995
160.csv;09:41:39.451-2024/12/05;64;11,64,221,11,8,0,0,0,5,30,32,0,0,4,3,0,0,0.015417639557754822,0.039158836,0.023741196449363403
160.csv;08:23:07.168-2024/12/05;899;11,899,721,11,8,0,0,1,5,28,30,0,0,4,3,0,0,0.015417639557754822,0.039048765,0.02363112529691475
155.csv;03:45:05.075-2024/10/29;230;2,230,149,2,2,1,1,9,10,17,24,1,1,2,3,1,1,0.015417639557754822,0.039037373,0.023619733359182053
160.csv;09:41:12.946-2024/12/05;485;17,485,524,17,11,0,0,4,7,29,32,0,0,4,4,0,0,0.015417639557754822,0.039028473,0.023610833640659027
160.csv;08:15:35.400-2024/12/05;778;11,778,744,11,8,0,0,2,5,28,31,0,0,4,3,0,0,0.015417639557754822,0.03902125,0.02360361030277031
160.csv;09:10:09.266-2024/12/05;485;15,485,506,15,12,0,0,14,12,30,31,0,0,4,3,1,1,0.015417639557754822,0.039008766,0.023591126854980164
136.csv;18:51:46.724-2024/01/16;399;6,399,428,6,6,1,1,4,3,16,22,1,1,2,3,1,1,0.015417639557754822,0.03899628,0.02357863968189972
160.csv;08:31:01.474-2024/12/05;202;0,202,306,0,3,0,0,2,6,30,31,0,0,4,3,1,1,0.015417639557754822,0.038983405,0.023565765078628235
160.csv;07:21:32.745-2024/12/05;96;10,96,216,10,8,0,0,0,3,29,28,0,0,4,3,1,1,0.015417639557754822,0.038980763,0.023563123847806625
160.csv;08:15:35.266-2024/12/05;765;5,765,677,5,5,0,0,11,11,28,30,1,1,3,4,1,1,0.015417639557754822,0.038972504,0.023554864879214935
160.csv;09:25:43.209-2024/12/05;696;0,696,638,0,4,0,0,3,6,30,33,0,0,4,3,1,1,0.015417639557754822,0.038922492,0.023504852856958084
160.csv;09:41:08.694-2024/12/05;60;16,60,298,16,9,0,0,11,10,29,31,0,0,4,4,1,1,0.015417639557754822,0.038899627,0.023481987025106125
160.csv;06:51:43.329-2024/12/05;354;15,354,439,15,10,0,0,0,5,28,31,0,0,4,4,0,0,0.015417639557754822,0.03884166,0.023424021508062057
158.csv;08:19:32.366-2024/12/06;406;17,406,444,17,10,0,0,15,12,28,32,0,0,4,4,1,1,0.015417639557754822,0.03883788,0.02342024033840912
160.csv;07:38:26.212-2024/12/05;67;15,67,191,15,11,0,0,7,8,30,29,1,1,3,4,1,1,0.015417639557754822,0.0387846,0.023366961236560516
160.csv;09:41:12.852-2024/12/05;476;15,476,509,15,9,0,0,0,4,30,31,0,0,4,4,1,1,0.015417639557754822,0.038747907,0.023330267127120666
160.csv;07:14:41.425-2024/12/05;948;15,948,793,15,11,0,0,8,8,29,30,0,0,4,3,0,0,0.015417639557754822,0.038745265,0.023327625896299057
160.csv;07:15:17.336-2024/12/05;443;16,443,451,16,11,0,0,7,8,29,32,0,0,4,3,0,0,0.015417639557754822,0.038712904,0.02329526429947632
160.csv;08:07:59.350-2024/12/05;229;15,229,370,15,9,0,0,3,6,28,31,0,0,4,3,1,1,0.015417639557754822,0.03868223,0.023264590259158783
160.csv;09:26:15.998-2024/12/05;902;18,902,781,18,11,0,0,10,9,31,31,0,0,4,3,1,1,0.015417639557754822,0.038643207,0.023225567843282394
160.csv;09:09:57.588-2024/12/05;341;15,341,356,15,10,0,0,1,5,30,31,0,0,4,3,1,1,0.015417639557754822,0.038585432,0.02316779231604355
160.csv;06:42:28.618-2024/12/05;179;15,179,303,15,11,0,0,4,7,29,30,0,0,4,4,0,0,0.015417639557754822,0.038581103,0.023163463528716736
158.csv;08:10:44.638-2024/12/06;882;0,882,778,0,4,0,0,11,9,28,30,0,0,4,3,1,1,0.015417639557754822,0.038573816,0.023156176860892944
160.csv;08:23:07.320-2024/12/05;914;13,914,734,13,10,0,0,5,7,28,30,0,0,4,3,0,0,0.015417639557754822,0.038538497,0.023120857383573227
160.csv;09:26:19.186-2024/12/05;197;15,197,295,15,11,0,0,9,9,29,31,0,0,4,3,1,1,0.015417639557754822,0.038534146,0.023116506244504623
158.csv;08:17:46.926-2024/12/06;102;15,102,311,15,10,0,0,4,7,28,31,0,0,4,3,1,1,0.015417639557754822,0.03852865,0.023111011441314392
136.csv;18:53:42.528-2024/01/16;716;0,716,703,0,2,1,1,0,3,19,25,1,1,3,4,0,0,0.015417639557754822,0.038510032,0.02309239244040268
160.csv;08:23:07.320-2024/12/05;914;16,914,734,16,11,0,0,6,7,28,30,0,0,4,3,1,1,0.015417639557754822,0.038497165,0.023079525287711792
160.csv;09:26:19.194-2024/12/05;198;15,198,343,15,10,0,0,0,4,29,30,0,0,4,3,1,1,0.015417639557754822,0.0384836,0.023065961505735092
160.csv;08:38:41.712-2024/12/05;145;18,145,290,18,12,0,0,6,7,28,29,0,0,4,4,1,1,0.015417639557754822,0.038459614,0.023041974361503296
136.csv;18:52:55.864-2024/01/16;145;10,145,222,10,9,1,1,6,8,22,29,1,1,3,4,0,0,0.015417639557754822,0.038420398,0.023002758230531387
160.csv;08:15:35.468-2024/12/05;785;11,785,751,11,9,0,0,4,6,28,31,0,0,4,3,1,1,0.015417639557754822,0.03829753,0.022879890705907516
101.csv;10:07:05.408-2024/09/06;148;15,148,327,15,10,0,0,11,9,31,30,0,0,4,4,1,1,0.015417639557754822,0.03828845,0.022870812173450165
160.csv;07:22:53.287-2024/12/05;982;15,982,795,15,10,0,0,1,5,30,30,0,0,4,3,1,1,0.015417639557754822,0.03826688,0.022849239017331772
160.csv;07:44:39.756-2024/12/05;558;0,558,562,0,2,0,0,3,5,29,34,0,0,4,3,1,1,0.015417639557754822,0.03825808,0.022840439881646805
160.csv;07:36:47.825-2024/12/05;468;15,468,524,15,10,0,0,1,5,28,30,0,0,4,4,1,1,0.015417639557754822,0.03812784,0.022710200007522278
160.csv;06:51:40.593-2024/12/05;81;5,81,359,5,5,0,0,1,4,29,28,0,0,4,4,1,1,0.015417639557754822,0.038116038,0.02269839828785675
158.csv;08:19:32.387-2024/12/06;408;17,408,507,17,10,0,0,6,8,28,32,0,0,4,4,0,0,0.015417639557754822,0.03808502,0.022667381520831757
157.csv;04:18:02.218-2024/10/29;313;1,313,243,1,1,1,1,12,14,21,26,1,1,2,3,1,1,0.015417639557754822,0.038052186,0.022634546812141113
160.csv;09:17:47.126-2024/12/05;191;15,191,287,15,10,0,0,3,6,29,31,0,0,4,3,0,0,0.015417639557754822,0.03804668,0.022629040833079987
160.csv;06:59:20.489-2024/12/05;1014;16,1014,780,16,11,0,0,13,10,30,30,0,0,4,3,1,1,0.015417639557754822,0.038038153,0.022620513643586807
160.csv;09:18:37.316-2024/12/05;90;11,90,248,11,7,0,0,8,8,29,31,0,0,4,3,1,1,0.015417639557754822,0.037985124,0.022567484136188202
160.csv;07:23:58.175-2024/12/05;303;15,303,326,15,12,0,0,9,10,30,31,1,1,3,4,1,1,0.015417639557754822,0.037948303,0.022530663366878204
158.csv;08:11:34.155-2024/12/06;713;16,713,675,16,10,0,0,6,7,28,32,0,0,4,3,0,0,0.015417639557754822,0.037947103,0.0225294638234021
160.csv;06:43:16.717-2024/12/05;893;16,893,773,16,11,0,0,5,7,28,31,0,0,4,3,0,0,0.015417639557754822,0.037930835,0.022513195480668716
160.csv;09:26:16.086-2024/12/05;911;15,911,775,15,11,0,0,15,12,31,31,0,0,4,3,0,0,0.015417639557754822,0.037916657,0.02249901702579277
160.csv;08:00:16.519-2024/12/05;26;10,26,214,10,8,0,0,2,5,30,29,0,0,4,4,1,1,0.015417639557754822,0.03787869,0.022461048867070846
160.csv;07:14:41.387-2024/12/05;945;0,945,809,0,3,0,0,0,4,29,31,0,0,4,3,1,1,0.015417639557754822,0.037842374,0.02242473473724144
160.csv;06:59:22.638-2024/12/05;206;0,206,315,0,3,0,0,0,5,28,30,0,0,4,4,0,0,0.015417639557754822,0.037820395,0.022402755524480514
160.csv;09:17:37.608-2024/12/05;263;16,263,310,16,10,0,0,15,12,29,31,0,0,4,3,0,0,0.015417639557754822,0.037818156,0.02240051662501114
160.csv;07:22:22.547-2024/12/05;980;15,980,824,15,10,0,0,1,5,28,31,0,0,4,3,0,0,0.015417639557754822,0.037777964,0.022360324467981033
160.csv;09:32:50.696-2024/12/05;436;18,436,458,18,12,0,0,7,7,30,32,0,0,4,3,1,1,0.015417639557754822,0.03777535,0.022357709314191513
158.csv;08:10:44.744-2024/12/06;892;16,892,731,16,11,0,0,10,9,28,31,0,0,4,3,1,1,0.015417639557754822,0.03776259,0.02234495019491928
160.csv;06:50:38.813-2024/12/05;47;5,47,239,5,5,0,0,13,11,28,30,0,0,4,3,1,1,0.015417639557754822,0.03775627,0.02233863210257309
160.csv;07:53:23.917-2024/12/05;750;5,750,623,5,5,0,0,15,12,29,30,0,0,4,3,0,0,0.015417639557754822,0.037715793,0.022298153098190002
160.csv;08:22:17.775-2024/12/05;56;2,56,288,2,4,0,0,15,11,28,30,0,0,4,4,0,0,0.015417639557754822,0.037650894,0.022233254815900497
158.csv;08:19:32.383-2024/12/06;408;16,408,499,16,11,0,0,5,7,28,31,0,0,4,3,0,0,0.015417639557754822,0.03760189,0.02218424862202423
160.csv;09:10:56.428-2024/12/05;82;0,82,225,0,4,0,0,1,5,30,29,0,0,4,4,1,1,0.015417639557754822,0.03759069,0.022173050399387054
160.csv;09:41:08.603-2024/12/05;51;15,51,213,15,9,0,0,10,10,31,29,0,0,4,4,1,1,0.015417639557754822,0.037584275,0.022166635449493103
160.csv;09:17:47.106-2024/12/05;189;17,189,321,17,10,0,0,0,5,29,32,0,0,4,3,1,1,0.015417639557754822,0.037574697,0.022157057728135757
160.csv;07:21:10.678-2024/12/05;962;0,962,740,0,3,0,0,0,3,28,30,0,0,4,4,1,1,0.015417639557754822,0.03756224,0.0221446003573777
158.csv;08:03:23.118-2024/12/06;762;1,762,693,1,4,0,0,0,4,28,29,0,0,4,3,1,1,0.015417639557754822,0.037561823,0.022144183124864273
160.csv;06:50:32.750-2024/12/05;464;16,464,528,16,10,0,0,9,9,30,32,0,0,4,3,0,0,0.015417639557754822,0.037557844,0.022140204514825516
160.csv;06:42:28.738-2024/12/05;191;16,191,364,16,10,0,0,15,11,28,30,0,0,4,4,0,0,0.015417639557754822,0.037533894,0.022116254623496704
160.csv;07:52:54.742-2024/12/05;904;15,904,728,15,10,0,0,14,11,28,30,0,0,4,4,0,0,0.015417639557754822,0.037484586,0.022066946681106262
160.csv;08:23:07.324-2024/12/05;914;17,914,747,17,12,0,0,8,8,28,29,0,0,4,3,1,1,0.015417639557754822,0.03747452,0.022056880946719818
160.csv;09:09:57.575-2024/12/05;340;15,340,387,15,10,0,0,15,12,30,31,0,0,4,3,0,0,0.015417639557754822,0.03747052,0.02205287998493927
160.csv;08:46:08.263-2024/12/05;769;6,769,660,6,5,0,0,13,11,29,31,0,0,4,3,1,1,0.015417639557754822,0.037456263,0.022038623298967056
158.csv;08:03:23.856-2024/12/06;835;16,835,755,16,11,0,0,5,7,28,30,0,0,4,3,1,1,0.015417639557754822,0.037454285,0.022036645169818573
160.csv;07:22:22.655-2024/12/05;991;16,991,786,16,10,0,0,3,6,28,30,0,0,4,4,1,1,0.015417639557754822,0.03743716,0.022019520010316544
160.csv;07:30:23.177-2024/12/05;915;15,915,729,15,9,0,0,15,11,28,30,0,0,4,4,1,1,0.015417639557754822,0.037376888,0.021959248538577728
160.csv;08:23:06.902-2024/12/05;872;15,872,690,15,10,0,0,15,12,28,31,0,0,4,3,0,0,0.015417639557754822,0.037368517,0.021950877811277084
160.csv;08:23:07.312-2024/12/05;913;15,913,698,15,10,0,0,15,12,28,30,0,0,4,3,0,0,0.015417639557754822,0.03733093,0.021913289632165604
160.csv;08:31:04.063-2024/12/05;461;5,461,517,5,5,0,0,14,12,30,32,0,0,4,3,1,1,0.015417639557754822,0.03732948,0.021911840494239502
160.csv;09:10:10.418-2024/12/05;600;16,600,527,16,11,0,0,9,9,29,31,0,0,4,3,1,1,0.015417639557754822,0.037268203,0.021850563194120102
160.csv;07:14:41.429-2024/12/05;948;17,948,728,17,12,0,0,11,10,28,30,0,0,4,3,1,1,0.015417639557754822,0.03725621,0.021838571484649353
160.csv;06:58:30.558-2024/12/05;117;15,117,336,15,9,0,0,10,10,28,31,0,0,4,3,0,0,0.015417639557754822,0.037209593,0.0217919532018544
160.csv;08:46:07.248-2024/12/05;667;15,667,614,15,10,0,0,2,5,28,31,0,0,4,3,1,1,0.015417639557754822,0.037208345,0.021790705229604416
160.csv;07:22:22.831-2024/12/05;1009;2,1009,787,2,4,0,0,5,7,28,32,0,0,4,3,0,0,0.015417639557754822,0.037200984,0.021783344055974655
160.csv;07:44:39.984-2024/12/05;580;15,580,571,15,10,0,0,0,4,28,30,0,0,4,4,1,1,0.015417639557754822,0.03715506,0.021737418677175217
160.csv;09:41:39.445-2024/12/05;63;15,63,302,15,10,0,0,9,8,30,31,0,0,4,4,1,1,0.015417639557754822,0.03712661,0.021708968635165863
160.csv;09:17:34.403-2024/12/05;967;10,967,793,10,8,0,0,0,4,29,29,0,0,4,3,0,0,0.015417639557754822,0.037121985,0.021704345549905472
160.csv;06:51:25.100-2024/12/05;579;17,579,526,17,11,0,0,3,6,30,33,0,0,4,4,0,0,0.015417639557754822,0.03710389,0.021686251814925842
160.csv;09:32:57.073-2024/12/05;50;10,50,292,10,8,0,0,0,5,30,30,0,0,4,4,0,0,0.015417639557754822,0.037097234,0.02167959472116249
160.csv;09:34:08.448-2024/12/05;20;2,20,323,2,4,0,0,15,11,29,28,0,0,4,4,0,0,0.015417639557754822,0.0370449,0.021627261843049698
160.csv;06:58:33.158-2024/12/05;378;0,378,447,0,3,0,0,13,11,29,32,0,0,4,3,1,1,0.015417639557754822,0.037011035,0.02159339522894638
160.csv;09:10:56.448-2024/12/05;83;15,83,194,15,10,0,0,4,7,30,30,0,0,4,3,0,0,0.015417639557754822,0.03697646,0.021558820809686356
160.csv;07:22:22.922-2024/12/05;1018;10,1018,806,10,8,0,0,0,5,28,28,0,0,4,3,1,1,0.015417639557754822,0.03697134,0.02155370226081627
160.csv;09:40:18.213-2024/12/05;132;15,132,374,15,10,0,0,2,6,29,30,0,0,4,4,1,1,0.015417639557754822,0.036947805,0.021530165876710586
160.csv;07:22:55.425-2024/12/05;172;15,172,361,15,10,0,0,9,10,30,32,0,0,4,3,0,0,0.015417639557754822,0.036924616,0.02150697594460266
160.csv;07:22:24.087-2024/12/05;110;15,110,301,15,9,0,0,13,11,28,30,0,0,4,4,1,1,0.015417639557754822,0.036900584,0.021482944096887283
160.csv;08:46:08.223-2024/12/05;765;6,765,676,6,5,0,0,3,6,30,31,0,0,4,3,0,0,0.015417639557754822,0.03689825,0.021480612065160446
158.csv;08:17:46.795-2024/12/06;89;15,89,275,15,9,0,0,7,8,28,30,0,0,4,3,1,1,0.015417639557754822,0.036893465,0.021475825067126923
160.csv;08:23:07.591-2024/12/05;941;18,941,768,18,13,0,0,10,9,28,29,0,0,4,4,0,0,0.015417639557754822,0.036814857,0.021397217716539078
155.csv;03:40:51.340-2024/10/29;456;16,456,485,16,10,0,0,15,12,31,32,0,0,4,4,0,0,0.015417639557754822,0.036774356,0.0213567163604142
160.csv;09:03:27.779-2024/12/05;272;17,272,336,17,10,0,0,4,7,29,32,0,0,4,4,0,0,0.015417639557754822,0.03672713,0.021309490855300598
160.csv;07:14:09.608-2024/12/05;839;0,839,656,0,3,0,0,1,5,28,30,0,0,4,4,0,0,0.015417639557754822,0.036708925,0.021291285361612015
160.csv;09:41:08.597-2024/12/05;51;0,51,318,0,4,0,0,1,6,31,32,0,0,4,4,1,1,0.015417639557754822,0.036681287,0.021263647432887726
158.csv;08:03:26.186-2024/12/06;44;15,44,331,15,10,0,0,5,7,28,28,0,0,4,4,0,0,0.015417639557754822,0.036642577,0.021224937941396408
160.csv;09:10:00.339-2024/12/05;616;15,616,584,15,10,0,0,2,5,31,32,0,0,4,3,1,1,0.015417639557754822,0.036626294,0.02120865469750183
160.csv;06:58:33.047-2024/12/05;366;15,366,474,15,10,0,0,3,6,28,33,0,0,4,3,0,0,0.015417639557754822,0.036621757,0.021204117293918304
160.csv;06:43:16.631-2024/12/05;884;18,884,733,18,12,0,0,9,8,28,31,0,0,4,3,1,1,0.015417639557754822,0.036615554,0.021197914685571365
160.csv;08:31:04.103-2024/12/05;465;2,465,547,2,4,0,0,4,6,29,31,0,0,4,3,0,0,0.015417639557754822,0.036600392,0.021182752754056625
158.csv;08:17:45.654-2024/12/06;999;15,999,815,15,9,0,0,2,6,30,30,0,0,4,4,0,0,0.015417639557754822,0.036524143,0.021106503512227707
157.csv;04:04:22.042-2024/10/29;215;3,215,163,3,4,1,1,13,12,0,9,1,1,2,2,1,1,0.015417639557754822,0.036515493,0.02109785338815468
158.csv;08:17:46.783-2024/12/06;88;10,88,374,10,8,0,0,0,4,29,31,0,0,4,4,1,1,0.015417639557754822,0.036492106,0.021074466015660934
160.csv;08:38:42.046-2024/12/05;179;5,179,256,5,4,0,0,15,12,28,28,0,0,4,4,0,0,0.015417639557754822,0.036485508,0.02106786852654236
160.csv;06:58:30.636-2024/12/05;125;13,125,278,13,9,0,0,1,5,28,31,0,0,4,3,0,0,0.015417639557754822,0.036479235,0.02106159513767975
160.csv;06:43:16.738-2024/12/05;895;15,895,789,15,9,0,0,2,5,28,30,0,0,4,4,1,1,0.015417639557754822,0.036463827,0.02104618733700531
160.csv;07:30:23.285-2024/12/05;926;15,926,758,15,9,0,0,1,5,28,30,0,0,4,4,0,0,0.015417639557754822,0.036456946,0.02103930672582405
160.csv;08:07:58.731-2024/12/05;167;16,167,368,16,9,0,0,11,10,28,30,0,0,4,4,1,1,0.015417639557754822,0.036447328,0.021029688026273422
160.csv;09:28:22.725-2024/12/05;263;15,263,382,15,9,0,0,15,12,29,30,0,0,4,4,1,1,0.015417639557754822,0.036445297,0.02102765774306076
160.csv;08:23:06.898-2024/12/05;872;5,872,738,5,6,0,0,14,11,28,31,0,0,4,3,0,0,0.015417639557754822,0.036440704,0.021023064460122757
160.csv;07:53:22.744-2024/12/05;632;15,632,604,15,10,0,0,15,11,28,32,0,0,4,4,0,0,0.015417639557754822,0.036433626,0.02101598640855568
160.csv;09:32:57.038-2024/12/05;47;5,47,291,5,6,0,0,2,5,30,29,0,0,4,4,0,1,0.015417639557754822,0.036418486,0.02100084682878273
160.csv;06:43:48.777-2024/12/05;3;12,3,260,12,8,0,0,0,5,28,31,0,0,4,4,0,0,0.015417639557754822,0.036394875,0.02097723593887108
160.csv;09:41:10.855-2024/12/05;276;15,276,353,15,11,0,0,6,7,29,31,0,0,4,3,0,0,0.015417639557754822,0.036394734,0.020977094377839737
108.csv;11:06:54.826-2024/10/21;56;10,56,339,10,7,0,0,14,11,31,30,0,0,4,4,0,0,0.015417639557754822,0.036392666,0.02097502684172409
160.csv;09:25:17.721-2024/12/05;195;5,195,270,5,6,0,0,1,5,30,31,0,0,4,3,1,1,0.015417639557754822,0.03638954,0.02097190132316368
160.csv;08:46:07.156-2024/12/05;658;12,658,633,12,9,0,0,6,8,29,31,0,0,4,3,0,0,0.015417639557754822,0.03638884,0.02097120096858757
158.csv;08:09:32.933-2024/12/06;879;15,879,754,15,9,0,0,0,4,29,31,0,0,4,4,1,1,0.015417639557754822,0.03638776,0.020970120634401016
160.csv;09:03:27.779-2024/12/05;272;15,272,358,15,10,0,0,2,5,29,32,0,0,4,4,1,1,0.015417639557754822,0.036335915,0.02091827576931732
160.csv;07:38:33.253-2024/12/05;771;15,771,699,15,10,0,0,2,5,30,31,0,0,4,4,1,1,0.015417639557754822,0.03632309,0.020905449594819717
136.csv;18:52:50.880-2024/01/16;671;0,671,698,0,1,1,1,6,7,20,26,1,1,3,4,1,1,0.015417639557754822,0.03630338,0.020885739083850555
158.csv;08:10:47.813-2024/12/06;175;16,175,360,16,10,0,0,14,11,30,31,0,0,4,3,1,1,0.015417639557754822,0.036294486,0.020876846815908127
160.csv;08:15:35.393-2024/12/05;777;16,777,649,16,11,0,0,15,13,28,30,0,0,4,3,0,0,0.015417639557754822,0.03628143,0.020863789673412018
160.csv;08:22:17.723-2024/12/05;50;15,50,340,15,10,0,0,5,7,29,30,0,0,4,4,0,0,0.015417639557754822,0.03627888,0.02086124157484787
160.csv;09:41:39.477-2024/12/05;67;0,67,355,0,3,0,0,15,12,30,30,0,0,4,4,1,1,0.015417639557754822,0.036228564,0.020810924078786545
160.csv;07:44:39.600-2024/12/05;542;5,542,542,5,5,0,0,1,5,30,31,0,0,4,3,0,0,0.015417639557754822,0.0362282,0.020810559000337295
160.csv;08:15:35.400-2024/12/05;778;15,778,682,15,11,0,0,6,7,28,31,0,0,4,3,1,1,0.015417639557754822,0.036220364,0.02080272471483963
160.csv;09:10:23.197-2024/12/05;854;11,854,761,11,8,0,0,1,4,29,31,0,0,4,3,1,1,0.015417639557754822,0.03620797,0.020790330674016647
160.csv;07:14:05.753-2024/12/05;453;11,453,464,11,10,0,0,11,11,28,31,1,1,3,4,1,1,0.015417639557754822,0.03618885,0.020771208758914642
160.csv;08:37:35.418-2024/12/05;684;15,684,659,15,10,0,0,13,11,28,29,0,0,4,4,0,0,0.015417639557754822,0.036171615,0.020753975565993957
160.csv;08:46:08.223-2024/12/05;765;5,765,671,5,5,0,0,2,5,30,31,0,0,4,3,0,0,0.015417639557754822,0.03615958,0.020741939153039627
160.csv;08:46:08.211-2024/12/05;763;15,763,673,15,10,0,0,15,12,30,32,0,0,4,4,1,1,0.015417639557754822,0.036154013,0.020736373569333725
160.csv;09:41:39.464-2024/12/05;65;15,65,212,15,10,0,0,7,8,30,30,0,0,4,3,0,0,0.015417639557754822,0.036148157,0.020730517412984543
160.csv;09:40:18.061-2024/12/05;117;10,117,226,10,7,0,0,0,5,30,30,0,0,4,4,0,0,0.015417639557754822,0.036145926,0.020728285964095764
160.csv;07:15:16.965-2024/12/05;406;10,406,474,10,7,0,0,1,4,29,30,0,0,4,4,1,1,0.015417639557754822,0.036115434,0.020697794463002853
160.csv;09:10:00.347-2024/12/05;617;15,617,559,15,10,0,0,12,10,31,31,0,0,4,3,0,0,0.015417639557754822,0.03611119,0.020693551357352905
160.csv;06:58:33.087-2024/12/05;370;15,370,402,15,10,0,0,15,12,28,30,0,0,4,3,0,0,0.015417639557754822,0.036106337,0.02068869730409401
155.csv;03:55:08.085-2024/10/29;115;10,115,342,10,7,0,0,15,12,28,29,0,0,4,4,0,0,0.015417639557754822,0.036079973,0.020662333424651794
158.csv;08:10:49.094-2024/12/06;303;15,303,353,15,10,0,0,13,11,28,29,0,0,4,3,1,1,0.015417639557754822,0.03606864,0.020651001091563873
160.csv;09:25:17.865-2024/12/05;209;15,209,322,15,10,0,0,10,9,29,30,0,0,4,3,0,0,0.015417639557754822,0.036045305,0.020627665873134308
160.csv;09:33:06.613-2024/12/05;1004;16,1004,809,16,11,0,0,1,5,29,30,0,0,4,3,1,1,0.015417639557754822,0.036014106,0.02059646656688469
160.csv;07:38:26.205-2024/12/05;66;15,66,283,15,10,0,0,9,9,30,30,0,0,4,4,0,0,0.015417639557754822,0.036012996,0.020595356430375748
160.csv;08:23:07.368-2024/12/05;919;6,919,731,6,5,0,0,8,9,28,30,0,0,4,3,0,0,0.015417639557754822,0.036000226,0.02058258613523262
160.csv;08:39:56.051-2024/12/05;412;0,412,407,0,2,0,0,3,5,31,31,1,1,3,4,0,0,0.015417639557754822,0.035974022,0.02055638244327324
160.csv;07:22:53.387-2024/12/05;992;15,992,768,15,11,0,0,6,7,30,30,0,0,4,4,0,0,0.015417639557754822,0.03595388,0.020536239798629456
160.csv;07:22:22.775-2024/12/05;1003;16,1003,800,16,11,0,0,5,7,28,29,0,0,4,3,1,1,0.015417639557754822,0.035953846,0.02053620627101677
160.csv;09:33:06.613-2024/12/05;1004;15,1004,812,15,10,0,0,0,5,30,30,0,0,4,3,0,0,0.015417639557754822,0.03592703,0.02050939163144844
160.csv;07:29:08.678-2024/12/05;634;0,634,622,0,2,0,0,14,13,28,30,1,1,3,4,1,1,0.015417639557754822,0.035915222,0.020497582461202316
160.csv;08:53:31.255-2024/12/05;12;10,12,278,10,6,0,0,11,10,30,30,0,0,4,4,0,0,0.015417639557754822,0.035905235,0.02048759495791214
158.csv;08:12:04.501-2024/12/06;676;10,676,637,10,8,0,0,15,12,28,28,0,0,4,3,0,0,0.015417639557754822,0.035902645,0.02048500588115471
158.csv;08:19:18.063-2024/12/06;0;5,0,691,5,7,1,1,1,0,30,31,1,1,1,1,1,1,0.015417639557754822,0.035901226,0.020483586545550995
101.csv;09:56:46.849-2024/09/06;756;7,756,688,7,6,1,1,15,11,31,31,0,0,4,4,1,1,0.015417639557754822,0.03584948,0.02043184226330536
160.csv;08:38:41.791-2024/12/05;153;15,153,278,15,9,0,0,5,7,28,29,0,0,4,4,1,1,0.015417639557754822,0.035838824,0.02042118420776146
160.csv;08:30:28.308-2024/12/05;981;10,981,841,10,10,0,0,10,9,28,28,0,0,4,3,1,1,0.015417639557754822,0.035821076,0.020403436924779587
160.csv;06:59:22.655-2024/12/05;207;15,207,350,15,10,0,0,7,8,28,31,0,0,4,3,0,0,0.015417639557754822,0.03581682,0.020399178917968445
160.csv;08:15:38.036-2024/12/05;18;0,18,411,0,3,0,0,3,6,28,30,0,0,4,4,1,1,0.015417639557754822,0.035804275,0.020386635865533523
160.csv;06:58:33.162-2024/12/05;378;1,378,434,1,3,0,0,14,12,29,30,0,0,4,3,1,1,0.015417639557754822,0.035776064,0.02035842424210327
160.csv;09:17:31.287-2024/12/05;655;15,655,579,15,11,0,0,0,5,29,30,0,0,4,4,0,0,0.015417639557754822,0.035775732,0.02035809269126671
160.csv;07:22:24.555-2024/12/05;157;15,157,372,15,9,0,0,2,5,28,31,0,0,4,4,1,1,0.015417639557754822,0.03577045,0.02035281022962349
160.csv;09:34:08.486-2024/12/05;24;1,24,282,1,3,0,0,2,5,29,30,0,0,4,4,1,1,0.015417639557754822,0.035738748,0.02032110800918358
160.csv;07:14:37.424-2024/12/05;548;10,548,541,10,10,0,0,4,6,29,33,1,1,3,4,0,0,0.015417639557754822,0.035729714,0.02031207418020981
160.csv;07:22:22.895-2024/12/05;1015;15,1015,793,15,10,0,0,15,11,28,29,0,0,4,4,0,0,0.015417639557754822,0.035718698,0.020301058496797256
160.csv;07:29:07.207-2024/12/05;486;16,486,490,16,11,0,0,2,6,28,31,0,0,4,4,0,0,0.015417639557754822,0.03571104,0.02029339929994362
160.csv;07:52:19.903-2024/12/05;492;15,492,501,15,11,0,0,0,4,28,30,0,0,4,4,0,0,0.015417639557754822,0.03571103,0.020293391849363022
160.csv;07:22:22.867-2024/12/05;1012;15,1012,768,15,10,0,0,4,7,28,30,0,0,4,4,1,1,0.015417639557754822,0.035710573,0.02029293363865631
160.csv;07:13:40.469-2024/12/05;997;0,997,828,0,2,0,0,11,11,28,32,1,1,3,4,0,0,0.015417639557754822,0.035699554,0.02028191422995346
158.csv;08:11:33.909-2024/12/06;689;5,689,709,5,5,0,0,15,11,29,32,0,0,4,3,0,0,0.015417639557754822,0.03569597,0.02027833050068634
158.csv;08:11:34.133-2024/12/06;711;16,711,648,16,10,0,0,11,10,28,32,0,0,4,4,1,1,0.015417639557754822,0.035692394,0.020274754221999817
160.csv;09:32:50.696-2024/12/05;436;16,436,453,16,11,0,0,4,7,29,31,0,0,4,3,1,1,0.015417639557754822,0.035689116,0.02027147596653717
160.csv;07:13:59.917-2024/12/05;893;15,893,747,15,9,0,0,4,6,28,30,0,0,4,4,1,1,0.015417639557754822,0.03568168,0.02026404028710144
136.csv;18:52:34.024-2024/01/16;9;10,9,43,10,10,1,1,12,12,19,23,1,1,2,3,0,0,0.015417639557754822,0.0356778,0.02026016225990074
158.csv;08:03:29.983-2024/12/06;424;15,424,464,15,10,0,0,3,5,30,32,0,0,4,4,0,0,0.015417639557754822,0.03566466,0.020247019435727768
160.csv;06:59:20.291-2024/12/05;995;5,995,765,5,5,0,0,0,4,29,28,0,0,4,3,0,0,0.015417639557754822,0.03565298,0.02023534065064209
158.csv;08:12:04.463-2024/12/06;672;15,672,611,15,11,0,0,15,12,29,31,0,0,4,3,1,1,0.015417639557754822,0.03564534,0.020227700080239944
158.csv;08:12:04.392-2024/12/06;665;11,665,633,11,9,0,0,5,6,30,32,0,0,4,3,0,0,0.015417639557754822,0.035612606,0.02019496595438736
160.csv;08:07:58.691-2024/12/05;163;10,163,378,10,8,0,0,11,11,28,30,0,0,4,3,0,0,0.015417639557754822,0.035606824,0.020189184303844147
158.csv;08:10:47.848-2024/12/06;179;5,179,279,5,6,0,0,1,5,30,32,0,0,4,3,0,0,0.015417639557754822,0.03560397,0.020186330731475525
160.csv;06:59:22.545-2024/12/05;196;15,196,349,15,11,0,0,12,10,29,31,0,0,4,3,1,1,0.015417639557754822,0.035598774,0.02018113395150917
158.csv;08:10:48.036-2024/12/06;198;0,198,341,0,3,0,0,1,5,29,30,0,0,4,4,0,0,0.015417639557754822,0.035585072,0.020167432333791428
160.csv;09:41:39.513-2024/12/05;70;15,70,246,15,11,0,0,13,11,29,30,0,0,4,3,1,1,0.015417639557754822,0.035570625,0.020152985658013992
160.csv;06:58:30.815-2024/12/05;143;10,143,343,10,8,0,0,9,8,28,31,0,0,4,3,0,0,0.015417639557754822,0.0355634,0.020145758594834976
160.csv;06:58:30.546-2024/12/05;116;15,116,333,15,10,0,0,7,8,28,30,0,0,4,4,0,0,0.015417639557754822,0.035546016,0.020128376390302353
136.csv;18:51:54.156-2024/01/16;118;13,118,195,13,10,1,1,6,7,30,32,1,1,3,3,0,0,0.015417639557754822,0.035523433,0.020105793680513077
160.csv;09:33:45.065-2024/12/05;753;15,753,649,15,10,0,0,1,5,29,30,0,0,4,3,0,0,0.015417639557754822,0.035492983,0.02007534315761345
160.csv;06:58:32.028-2024/12/05;264;15,264,426,15,10,0,0,15,11,28,30,0,0,4,4,0,0,0.015417639557754822,0.035492137,0.020074497516715698
160.csv;09:17:31.297-2024/12/05;656;15,656,658,15,10,0,0,5,6,29,31,0,0,4,3,1,1,0.015417639557754822,0.035474524,0.02005688434418457
158.csv;08:03:26.178-2024/12/06;44;6,44,249,6,5,0,0,0,6,28,28,0,0,4,4,1,1,0.015417639557754822,0.03546545,0.020047809537017517
160.csv;07:52:54.746-2024/12/05;905;1,905,718,1,4,0,0,1,5,28,30,0,0,4,4,0,0,0.015417639557754822,0.035463996,0.020046356673801117
158.csv;08:10:42.365-2024/12/06;654;18,654,621,18,11,0,0,6,6,30,32,0,0,4,4,1,1,0.015417639557754822,0.035457846,0.020040206219518356
160.csv;09:41:10.734-2024/12/05;264;15,264,311,15,10,0,0,0,5,29,29,0,0,4,3,1,1,0.015417639557754822,0.03542718,0.020009539629781418
160.csv;08:46:07.149-2024/12/05;657;15,657,609,15,11,0,0,14,12,29,29,0,0,4,3,1,1,0.015417639557754822,0.0354236,0.020005959625804596
157.csv;04:04:21.654-2024/10/29;176;6,176,254,6,7,1,1,15,13,28,30,1,1,3,4,1,1,0.015417639557754822,0.035415035,0.019997395183408432
160.csv;07:22:22.787-2024/12/05;1004;16,1004,804,16,11,0,0,11,10,28,29,0,0,4,3,1,1,0.015417639557754822,0.035384938,0.019967298563087158
158.csv;08:10:48.700-2024/12/06;264;5,264,370,5,5,0,0,10,10,28,31,0,0,4,3,0,0,0.015417639557754822,0.035379913,0.019962273146474533
160.csv;08:38:41.822-2024/12/05;157;2,157,397,2,3,0,0,15,11,28,30,0,0,4,4,1,1,0.015417639557754822,0.035358988,0.019941348190868072
160.csv;09:32:26.054-2024/12/05;20;10,20,200,10,9,0,0,6,7,28,29,0,0,4,4,0,0,0.015417639557754822,0.035315312,0.019897672887408905
160.csv;08:23:07.049-2024/12/05;887;11,887,697,11,8,0,0,14,12,28,29,0,0,4,3,0,0,0.015417639557754822,0.035311025,0.019893385078275375
160.csv;09:18:34.569-2024/12/05;839;18,839,713,18,11,0,0,4,6,28,30,0,0,4,4,0,0,0.015417639557754822,0.0353095,0.019891861434543304
160.csv;06:58:30.808-2024/12/05;142;13,142,277,13,10,0,0,7,8,28,32,0,0,4,3,1,1,0.015417639557754822,0.035305507,0.019887867923343353
160.csv;08:15:35.400-2024/12/05;778;12,778,723,12,9,0,0,5,7,28,31,0,0,4,3,0,0,0.015417639557754822,0.035281096,0.019863456096017532
160.csv;09:32:51.741-2024/12/05;541;12,541,541,12,9,0,0,7,8,30,33,0,0,4,3,1,1,0.015417639557754822,0.03526116,0.019843522067630463
158.csv;08:03:22.971-2024/12/06;747;10,747,675,10,10,0,0,12,10,28,31,0,0,4,3,1,1,0.015417639557754822,0.0352579,0.01984025871332901
160.csv;09:40:18.077-2024/12/05;119;1,119,250,1,4,0,0,15,11,30,30,0,0,4,4,1,1,0.015417639557754822,0.03524463,0.01982698922928589
160.csv;06:51:40.577-2024/12/05;79;15,79,255,15,10,0,0,3,6,29,31,0,0,4,4,0,0,0.015417639557754822,0.03524302,0.019825379903876953
158.csv;08:10:48.025-2024/12/06;197;0,197,359,0,3,0,0,15,11,29,30,0,0,4,4,0,0,0.015417639557754822,0.03523499,0.019817351903283768
121.csv;21:48:46.679-2024/01/04;521;3,521,514,3,4,0,0,12,12,30,29,0,0,4,3,0,0,0.015417639557754822,0.03522828,0.01981063893016594
160.csv;09:34:15.953-2024/12/05;770;15,770,706,15,11,0,0,3,6,30,31,0,0,4,3,1,1,0.015417639557754822,0.035219252,0.019801612551772766
158.csv;08:03:28.523-2024/12/06;278;15,278,411,15,9,0,0,1,5,28,32,0,0,4,4,0,0,0.015417639557754822,0.035192408,0.01977476810988205
160.csv;08:23:08.975-2024/12/05;56;0,56,255,0,3,0,0,11,10,28,29,0,0,4,3,0,0,0.015417639557754822,0.03516281,0.01974517067846077
160.csv;07:13:06.503-2024/12/05;672;11,672,631,11,8,0,0,0,4,29,32,0,0,4,3,1,1,0.015417639557754822,0.035127312,0.019709672387206726
160.csv;07:22:22.875-2024/12/05;1013;15,1013,766,15,10,0,0,6,7,28,30,0,0,4,3,0,0,0.015417639557754822,0.035089064,0.019671424831712418
160.csv;06:51:40.886-2024/12/05;110;10,110,217,10,9,0,0,7,7,28,29,0,0,4,3,1,1,0.015417639557754822,0.035067808,0.019650168325269394
160.csv;08:23:07.280-2024/12/05;910;10,910,687,10,7,0,0,4,6,28,31,0,0,4,3,1,1,0.015417639557754822,0.035033267,0.019615627433622055
158.csv;08:10:44.773-2024/12/06;895;11,895,726,11,9,0,0,14,11,28,31,0,0,4,3,0,0,0.015417639557754822,0.035031714,0.019614073987567596
160.csv;06:42:29.472-2024/12/05;265;1,265,377,1,2,0,0,11,11,28,30,1,1,3,4,0,0,0.015417639557754822,0.03498741,0.01956976911004799
160.csv;08:22:17.715-2024/12/05;50;1,50,268,1,3,0,0,4,6,29,31,0,0,4,4,1,1,0.015417639557754822,0.03496478,0.01954714169677513
160.csv;08:31:04.095-2024/12/05;464;5,464,523,5,5,0,0,14,11,29,32,0,0,4,3,0,0,0.015417639557754822,0.03495434,0.019536699708068542
160.csv;06:42:28.648-2024/12/05;182;15,182,349,15,9,0,0,15,12,28,31,0,0,4,4,1,1,0.015417639557754822,0.034950826,0.019533186759317093
160.csv;09:34:13.824-2024/12/05;557;16,557,541,16,10,0,0,0,5,29,31,0,0,4,4,0,0,0.015417639557754822,0.034942776,0.019525136406982117
158.csv;08:11:33.866-2024/12/06;684;18,684,656,18,12,0,0,9,9,29,32,0,0,4,3,1,1,0.015417639557754822,0.034938075,0.019520435090625458
160.csv;09:32:57.041-2024/12/05;47;6,47,284,6,5,0,0,3,6,30,31,0,0,4,3,1,1,0.015417639557754822,0.03492292,0.019505280609691315
160.csv;08:15:35.367-2024/12/05;775;5,775,644,5,5,0,0,12,10,28,31,0,0,4,3,0,0,0.015417639557754822,0.034915965,0.019498325492704086
158.csv;08:17:46.918-2024/12/06;102;6,102,377,6,5,0,0,1,5,28,31,0,0,4,3,0,0,0.015417639557754822,0.034914758,0.019497118498647385
160.csv;07:14:41.429-2024/12/05;949;2,949,799,2,3,0,0,15,12,29,31,0,0,4,3,0,0,0.015417639557754822,0.034912363,0.019494723136985474
160.csv;09:18:34.576-2024/12/05;840;16,840,741,16,10,0,0,0,5,28,30,0,0,4,4,0,0,0.015417639557754822,0.034899812,0.019482172633969955
160.csv;07:52:54.857-2024/12/05;916;0,916,781,0,3,0,0,1,4,28,30,0,0,4,3,1,1,0.015417639557754822,0.034893952,0.019476312752330475
160.csv;06:58:33.797-2024/12/05;441;15,441,495,15,10,0,0,11,10,28,32,0,0,4,3,0,0,0.015417639557754822,0.034884103,0.01946646308478134
160.csv;06:44:58.418-2024/12/05;823;15,823,755,15,10,0,0,1,5,30,30,0,0,4,4,1,1,0.015417639557754822,0.034864545,0.019446905310714416
160.csv;09:24:46.172-2024/12/05;112;10,112,252,10,7,0,0,2,5,29,30,0,0,4,4,1,1,0.015417639557754822,0.034856502,0.019438862408960037
155.csv;03:42:45.596-2024/10/29;618;2,618,599,2,4,1,0,13,11,30,30,0,0,4,4,0,0,0.015417639557754822,0.03483145,0.01941380983170288
160.csv;06:51:25.087-2024/12/05;578;15,578,526,15,11,0,0,12,11,30,32,0,0,4,3,1,1,0.015417639557754822,0.03480028,0.01938264032777565
157.csv;04:04:21.511-2024/10/29;162;2,162,249,2,3,1,1,8,8,28,31,1,1,3,4,1,1,0.015417639557754822,0.034769736,0.01935209667261856
160.csv;07:38:26.281-2024/12/05;74;10,74,213,10,8,0,0,14,11,30,29,0,0,4,4,0,0,0.015417639557754822,0.03475685,0.01933921089347618
160.csv;08:38:46.510-2024/12/05;625;16,625,576,16,11,0,0,7,8,28,31,0,0,4,3,1,1,0.015417639557754822,0.034755956,0.01933831682380455
160.csv;07:22:53.402-2024/12/05;994;10,994,830,10,8,0,0,2,6,29,30,0,0,4,4,0,0,0.015417639557754822,0.034754917,0.01933727746781128
160.csv;07:29:07.339-2024/12/05;500;0,500,537,0,3,0,0,15,12,28,30,0,0,4,4,1,1,0.015417639557754822,0.034746867,0.019329227115476303
160.csv;09:32:51.745-2024/12/05;541;15,541,533,15,10,0,0,8,8,30,32,0,0,4,3,1,1,0.015417639557754822,0.03474594,0.019328299518191986
160.csv;08:46:08.083-2024/12/05;751;5,751,620,5,5,0,0,6,8,30,32,0,0,4,3,1,1,0.015417639557754822,0.034744516,0.019326876457297974
160.csv;07:22:22.567-2024/12/05;982;17,982,784,17,12,0,0,8,8,28,30,0,0,4,3,1,1,0.015417639557754822,0.03472627,0.019308629985416107
160.csv;07:14:06.267-2024/12/05;504;15,504,518,15,9,0,0,0,5,28,31,0,0,4,4,0,0,0.015417639557754822,0.034716725,0.019299085791671448
160.csv;06:49:37.083-2024/12/05;18;0,18,285,0,3,0,0,2,5,28,29,0,0,4,4,1,1,0.015417639557754822,0.034705568,0.019287928547227554
160.csv;08:38:46.461-2024/12/05;621;0,621,568,0,3,0,0,0,5,28,31,0,0,4,4,0,0,0.015417639557754822,0.03470221,0.01928457206066864
160.csv;09:34:08.451-2024/12/05;20;6,20,248,6,6,0,0,2,5,30,29,0,0,4,4,0,0,0.015417639557754822,0.03468154,0.019263900424802475
160.csv;09:33:03.436-2024/12/05;686;16,686,647,16,11,0,0,13,11,31,31,0,0,4,3,1,1,0.015417639557754822,0.034681417,0.019263777490222626
160.csv;06:43:51.430-2024/12/05;269;1,269,390,1,3,0,0,0,5,28,32,0,0,4,4,1,1,0.015417639557754822,0.034677282,0.019259642417991333
160.csv;09:26:16.066-2024/12/05;909;15,909,754,15,10,0,0,2,5,31,31,0,0,4,4,1,1,0.015417639557754822,0.034666397,0.019248757119739227
158.csv;08:03:29.936-2024/12/06;419;16,419,457,16,10,0,0,9,9,30,33,0,0,4,4,0,0,0.015417639557754822,0.03460139,0.019183750804031067
160.csv;07:52:54.786-2024/12/05;909;0,909,730,0,2,0,0,14,11,28,28,0,0,4,4,1,1,0.015417639557754822,0.03459829,0.019180651362502747
160.csv;06:50:32.909-2024/12/05;481;0,481,499,0,3,0,0,1,5,29,31,0,0,4,4,1,1,0.015417639557754822,0.034587193,0.01916955372270363
160.csv;08:07:58.599-2024/12/05;154;5,154,271,5,6,0,0,15,12,29,31,0,0,4,3,0,0,0.015417639557754822,0.034580424,0.019162784870231323
160.csv;09:18:42.015-2024/12/05;560;15,560,537,15,10,0,0,1,5,30,31,0,0,4,3,1,1,0.015417639557754822,0.034566827,0.019149187560641937
160.csv;09:40:21.286-2024/12/05;439;17,439,487,17,13,0,0,12,11,30,33,1,1,3,4,1,1,0.015417639557754822,0.034557644,0.01914000472005623
160.csv;09:17:34.377-2024/12/05;964;15,964,808,15,11,0,0,15,12,29,29,0,0,4,3,1,1,0.015417639557754822,0.034515638,0.019097998346650772
160.csv;07:22:22.831-2024/12/05;1009;1,1009,826,1,3,0,0,4,6,28,31,0,0,4,3,0,0,0.015417639557754822,0.03449693,0.019079289938771896
160.csv;06:43:48.725-2024/12/05;1022;11,1022,834,11,9,0,0,5,6,28,31,0,0,4,3,1,1,0.015417639557754822,0.03448873,0.01907109057482498
158.csv;08:11:33.909-2024/12/06;689;6,689,691,6,6,0,0,1,5,29,32,0,0,4,3,0,0,0.015417639557754822,0.034469943,0.019052303935849838
160.csv;08:31:04.135-2024/12/05;468;7,468,525,7,6,0,0,13,11,28,30,0,0,4,3,0,0,0.015417639557754822,0.03445943,0.01904179116662758
160.csv;06:51:25.100-2024/12/05;579;16,579,538,16,11,0,0,2,5,30,32,0,0,4,4,0,0,0.015417639557754822,0.034456734,0.019039094056451492
158.csv;08:03:23.118-2024/12/06;762;0,762,686,0,3,0,0,13,11,28,29,0,0,4,3,1,1,0.015417639557754822,0.03445645,0.01903881093438881
160.csv;06:43:16.908-2024/12/05;912;15,912,779,15,11,0,0,8,8,28,29,0,0,4,3,0,0,0.015417639557754822,0.034455724,0.01903808450278061
160.csv;08:46:56.629-2024/12/05;485;15,485,495,15,10,0,0,13,11,30,31,0,0,4,3,0,0,0.015417639557754822,0.034434702,0.01901706268962639
160.csv;07:14:00.235-2024/12/05;925;13,925,803,13,9,0,0,1,5,29,31,0,0,4,4,0,0,0.015417639557754822,0.034417022,0.018999382461869888
160.csv;08:07:58.644-2024/12/05;158;16,158,207,16,13,0,0,14,13,29,29,1,1,3,4,0,1,0.015417639557754822,0.034409877,0.01899223735507744
160.csv;08:38:41.688-2024/12/05;143;16,143,238,16,11,0,0,8,9,28,30,0,0,4,3,1,1,0.015417639557754822,0.034408152,0.01899051254566925
160.csv;06:51:40.550-2024/12/05;77;0,77,242,0,4,0,0,14,11,29,29,0,0,4,4,0,0,0.015417639557754822,0.03439866,0.01898102050598877
160.csv;08:30:28.277-2024/12/05;978;10,978,798,10,9,0,0,7,7,28,29,0,0,4,3,0,0,0.015417639557754822,0.034390006,0.018972366656625442
160.csv;09:26:15.986-2024/12/05;901;17,901,726,17,11,0,0,2,6,31,31,0,0,4,4,0,0,0.015417639557754822,0.03437732,0.01895968204315918
157.csv;04:09:49.072-2024/10/29;150;10,150,310,10,7,0,0,13,12,28,31,0,0,4,4,0,0,0.015417639557754822,0.034373358,0.018955718334281616
160.csv;09:10:10.428-2024/12/05;601;16,601,628,16,10,0,0,5,7,29,31,0,0,4,3,1,1,0.015417639557754822,0.034373034,0.01895539423402565
160.csv;06:59:20.441-2024/12/05;1010;5,1010,729,5,5,0,0,15,12,30,29,0,0,4,4,1,1,0.015417639557754822,0.034303162,0.0188855226891877
160.csv;09:41:39.487-2024/12/05;68;1,68,185,1,3,0,0,6,7,30,30,0,0,4,3,1,1,0.015417639557754822,0.0342754,0.01885776182588356
160.csv;09:25:30.485-2024/12/05;447;15,447,507,15,9,0,0,15,12,30,32,0,0,4,4,1,1,0.015417639557754822,0.03423429,0.018816649522149734
160.csv;06:58:29.814-2024/12/05;43;6,43,206,6,7,0,0,12,12,28,30,1,1,3,4,0,0,0.015417639557754822,0.034214016,0.018796376492345505
160.csv;09:17:34.360-2024/12/05;963;1,963,797,1,3,0,0,0,4,29,30,0,0,4,4,1,1,0.015417639557754822,0.034211777,0.01879413759287613
101.csv;09:54:48.705-2024/09/06;206;0,206,158,0,1,1,1,14,14,20,25,1,1,2,3,1,1,0.015417639557754822,0.034196064,0.018778424318397217
160.csv;07:44:39.604-2024/12/05;542;10,542,530,10,8,0,0,2,5,30,31,0,0,4,3,0,0,0.015417639557754822,0.034182664,0.01876502444919365
160.csv;09:18:41.997-2024/12/05;558;16,558,535,16,10,0,0,5,7,30,33,0,0,4,3,1,1,0.015417639557754822,0.03417832,0.018760680760705643
160.csv;07:22:55.417-2024/12/05;171;15,171,326,15,10,0,0,2,5,30,32,0,0,4,3,0,0,0.015417639557754822,0.03417758,0.01875993942793625
160.csv;07:30:58.324-2024/12/05;334;10,334,387,10,9,0,0,5,7,30,32,1,1,3,4,0,0,0.015417639557754822,0.034134842,0.018717202897632294
158.csv;08:03:26.166-2024/12/06;43;0,43,293,0,4,0,0,2,6,29,30,0,0,4,4,1,1,0.015417639557754822,0.03411989,0.018702249582374268
158.csv;08:03:25.196-2024/12/06;969;16,969,814,16,11,0,0,2,6,28,30,0,0,4,3,1,1,0.015417639557754822,0.034114297,0.018696657921636276
160.csv;07:29:07.315-2024/12/05;497;15,497,514,15,10,0,0,3,5,28,31,0,0,4,3,1,1,0.015417639557754822,0.034095705,0.018678064997756653
160.csv;09:26:19.218-2024/12/05;201;0,201,355,0,3,0,0,1,5,29,30,0,0,4,3,0,0,0.015417639557754822,0.034083303,0.018665663506353073
160.csv;07:13:26.665-2024/12/05;640;15,640,635,15,10,0,0,2,5,29,31,0,0,4,4,0,0,0.015417639557754822,0.034069017,0.01865137701805847
160.csv;07:29:06.302-2024/12/05;396;10,396,437,10,9,0,0,2,5,30,31,1,1,3,4,0,0,0.015417639557754822,0.03405027,0.01863263135727661
160.csv;08:23:07.575-2024/12/05;940;0,940,757,0,3,0,0,0,5,28,30,0,0,4,4,0,0,0.015417639557754822,0.034048684,0.018631044383609466
160.csv;09:18:37.316-2024/12/05;90;12,90,259,12,8,0,0,9,9,29,31,0,0,4,3,0,0,0.015417639557754822,0.034047276,0.018629636223876648
136.csv;18:53:35.860-2024/01/16;49;0,49,120,0,1,1,1,2,3,19,27,1,1,2,3,0,0,0.015417639557754822,0.034042567,0.018624927456939392
160.csv;08:46:08.083-2024/12/05;751;3,751,626,3,4,0,0,4,6,30,32,0,0,4,3,1,1,0.015417639557754822,0.03403345,0.018615811671579056
141.csv;14:11:00.145-2024/06/17;727;0,727,632,0,3,0,0,0,3,29,29,0,0,4,4,1,1,0.015417639557754822,0.034009103,0.01859146317418831
160.csv;07:30:22.957-2024/12/05;893;15,893,759,15,9,0,0,12,10,28,31,0,0,4,4,0,0,0.015417639557754822,0.034002077,0.01858443727668541
160.csv;09:10:56.471-2024/12/05;86;5,86,301,5,5,0,0,1,4,30,30,0,0,4,4,0,0,0.015417639557754822,0.033999566,0.018581926431024246
160.csv;08:38:42.131-2024/12/05;187;15,187,339,15,10,0,0,7,8,28,30,0,0,4,3,1,1,0.015417639557754822,0.03399596,0.018578320350015335
101.csv;09:54:36.995-2024/09/06;59;5,59,288,5,6,0,0,12,10,31,28,0,0,4,4,0,0,0.015417639557754822,0.033989947,0.018572307731473617
160.csv;08:38:41.727-2024/12/05;147;11,147,314,11,8,0,0,1,5,28,30,0,0,4,3,1,1,0.015417639557754822,0.03398632,0.018568679298722916
160.csv;09:26:11.734-2024/12/05;476;15,476,515,15,10,0,0,15,12,30,31,0,0,4,3,0,0,0.015417639557754822,0.033969533,0.018551893140638046
160.csv;07:30:25.424-2024/12/05;116;10,116,344,10,7,0,0,2,5,28,31,0,0,4,4,1,1,0.015417639557754822,0.033958703,0.018541063721740417
160.csv;06:50:32.742-2024/12/05;464;0,464,528,0,3,0,0,14,12,31,30,0,0,4,3,1,1,0.015417639557754822,0.033944465,0.018526825662219696
160.csv;08:07:59.262-2024/12/05;220;15,220,375,15,9,0,0,2,6,28,32,0,0,4,4,0,0,0.015417639557754822,0.033927042,0.01850940247949379
160.csv;06:50:42.752-2024/12/05;441;5,441,477,5,4,0,0,11,10,30,31,0,0,4,3,1,1,0.015417639557754822,0.03391719,0.018499549086654358
000.csv;05:49:55.868-2024/09/02;266;11,266,357,11,7,0,0,14,12,31,30,0,0,4,4,1,1,0.015417639557754822,0.03390666,0.018489021416270904
155.csv;03:50:39.227-2024/10/29;877;15,877,704,15,10,0,0,14,12,29,30,0,0,4,4,0,0,0.015417639557754822,0.03390153,0.018483891691529922
160.csv;06:58:30.797-2024/12/05;141;15,141,371,15,10,0,0,2,5,28,31,0,0,4,4,1,1,0.015417639557754822,0.03389763,0.018479991312587433
160.csv;08:15:38.822-2024/12/05;96;17,96,220,17,11,0,0,8,9,28,29,0,0,4,4,1,1,0.015417639557754822,0.033888124,0.018470484371745758
136.csv;18:54:17.156-2024/01/16;82;10,82,62,10,10,1,1,5,5,12,15,1,1,1,2,0,0,0.015417639557754822,0.033887744,0.018470104392135315
160.csv;06:59:20.434-2024/12/05;1009;11,1009,819,11,9,0,0,11,10,28,30,0,0,4,3,0,0,0.015417639557754822,0.033886123,0.018468483890855484
101.csv;10:08:08.525-2024/09/06;316;15,316,390,15,10,0,0,13,11,31,30,0,0,4,4,1,1,0.015417639557754822,0.03387383,0.01845619043287056
160.csv;09:09:57.755-2024/12/05;358;15,358,360,15,10,0,0,15,13,29,31,0,0,4,3,0,0,0.015417639557754822,0.033871885,0.018454245831334763
160.csv;09:34:08.496-2024/12/05;25;0,25,162,0,4,0,0,11,10,29,28,0,0,4,3,1,1,0.015417639557754822,0.03383453,0.018416888620221786
160.csv;08:07:59.262-2024/12/05;220;12,220,325,12,9,0,0,1,5,28,32,0,0,4,3,1,1,0.015417639557754822,0.03383146,0.018413818981015854
160.csv;09:41:08.603-2024/12/05;51;12,51,262,12,8,0,0,9,9,31,32,0,0,4,4,0,0,0.015417639557754822,0.03383139,0.01841375192579048
160.csv;07:22:22.955-2024/12/05;1021;10,1021,801,10,7,0,0,0,5,28,29,0,0,4,4,0,0,0.015417639557754822,0.03382018,0.01840253880199211
160.csv;08:23:07.276-2024/12/05;910;6,910,688,6,5,0,0,2,6,28,32,0,0,4,3,1,1,0.015417639557754822,0.033792585,0.018374945576751404
158.csv;08:10:48.959-2024/12/06;290;0,290,419,0,3,0,0,0,5,28,32,0,0,4,4,0,0,0.015417639557754822,0.03375816,0.018340520169103317
160.csv;07:36:47.831-2024/12/05;469;12,469,496,12,8,0,0,4,6,28,32,0,0,4,3,0,0,0.015417639557754822,0.033757485,0.018339845891559296
160.csv;08:07:59.310-2024/12/05;225;15,225,395,15,11,0,0,13,10,28,30,0,0,4,3,0,0,0.015417639557754822,0.03375484,0.018337200935447388
160.csv;09:41:39.506-2024/12/05;70;0,70,226,0,4,0,0,2,5,29,31,0,0,4,3,1,1,0.015417639557754822,0.033749282,0.018331642802322082
160.csv;09:26:19.190-2024/12/05;198;5,198,345,5,6,0,0,12,11,29,30,0,0,4,3,0,0,0.015417639557754822,0.033711053,0.018293413873279266
160.csv;06:44:22.780-2024/12/05;332;0,332,439,0,3,0,0,15,12,28,30,0,0,4,4,0,0,0.015417639557754822,0.03370934,0.018291700239741974
158.csv;08:12:04.466-2024/12/06;673;0,673,633,0,3,0,0,1,5,29,30,0,0,4,3,1,1,0.015417639557754822,0.033705853,0.018288213368022613
160.csv;08:07:58.731-2024/12/05;167;15,167,367,15,11,0,0,10,10,28,29,0,0,4,3,1,1,0.015417639557754822,0.033695217,0.018277577664220505
160.csv;09:10:56.426-2024/12/05;81;10,81,303,10,7,0,0,13,11,30,30,0,0,4,4,1,1,0.015417639557754822,0.033677604,0.018259964491689377
160.csv;07:14:41.376-2024/12/05;943;15,943,739,15,10,0,0,13,11,29,31,0,0,4,3,1,1,0.015417639557754822,0.033676475,0.018258835728728943
160.csv;08:39:56.072-2024/12/05;414;0,414,394,0,3,0,0,15,13,31,31,1,1,3,4,1,1,0.015417639557754822,0.033675186,0.018257546778285675
160.csv;08:22:17.680-2024/12/05;46;12,46,296,12,7,0,0,10,10,29,31,0,0,4,3,1,1,0.015417639557754822,0.03366351,0.018245871718490295
160.csv;06:59:20.330-2024/12/05;999;0,999,789,0,2,0,0,2,6,28,30,0,0,4,4,1,1,0.015417639557754822,0.033643704,0.018226064349973373
103.csv;04:02:27.567-2024/09/04;502;0,502,556,0,3,0,0,2,5,31,32,0,0,4,4,1,1,0.015417639557754822,0.033628512,0.018210872616136246
160.csv;09:32:50.683-2024/12/05;435;15,435,445,15,10,0,0,0,4,30,32,0,0,4,4,1,1,0.015417639557754822,0.033604287,0.018186647053325348
160.csv;08:23:07.168-2024/12/05;899;12,899,694,12,9,0,0,2,6,28,30,0,0,4,4,0,0,0.015417639557754822,0.033588894,0.018171254153812103
160.csv;08:38:46.808-2024/12/05;655;15,655,641,15,9,0,0,15,12,28,31,0,0,4,4,1,1,0.015417639557754822,0.03357884,0.018161199595296555
160.csv;08:23:07.130-2024/12/05;895;11,895,713,11,8,0,0,1,5,28,30,0,0,4,4,1,1,0.015417639557754822,0.033577688,0.01816004848059433
160.csv;09:41:10.844-2024/12/05;275;15,275,401,15,10,0,0,13,11,29,30,0,0,4,4,0,0,0.015417639557754822,0.033575974,0.018158334847057037
160.csv;06:59:22.557-2024/12/05;197;10,197,348,10,7,0,0,15,12,29,31,0,0,4,4,1,1,0.015417639557754822,0.033569857,0.018152217920386963
160.csv;06:43:48.765-2024/12/05;2;10,2,259,10,8,0,0,6,8,28,31,0,0,4,3,0,0,0.015417639557754822,0.033544254,0.018126614000165634
160.csv;07:14:07.287-2024/12/05;606;16,606,592,16,11,0,0,11,10,28,32,0,0,4,3,0,0,0.015417639557754822,0.033489265,0.018071624990070038
158.csv;08:17:46.787-2024/12/06;89;0,89,242,0,3,0,0,2,6,29,30,0,0,4,4,0,0,0.015417639557754822,0.03348747,0.01806982940014618
157.csv;04:08:08.831-2024/10/29;366;5,366,374,5,7,0,0,15,14,0,13,0,0,3,3,1,1,0.015417639557754822,0.033438932,0.01802129259284752
160.csv;08:38:41.702-2024/12/05;145;0,145,247,0,3,0,0,2,6,28,28,0,0,4,4,0,0,0.015417639557754822,0.033435952,0.01801831236060875
160.csv;06:42:29.362-2024/12/05;254;2,254,302,2,4,0,0,14,12,29,30,0,0,4,3,1,1,0.015417639557754822,0.033435266,0.018017626907193832
158.csv;08:03:22.965-2024/12/06;746;17,746,657,17,12,0,0,11,9,28,31,0,0,4,3,0,0,0.015417639557754822,0.033433728,0.018016088362300568
160.csv;08:38:41.721-2024/12/05;146;15,146,279,15,11,0,0,14,12,28,30,0,0,4,3,0,0,0.015417639557754822,0.03343238,0.018014739807212524
158.csv;08:03:23.086-2024/12/06;758;16,758,642,16,12,0,0,9,9,28,31,0,0,4,3,0,0,0.015417639557754822,0.033425085,0.018007445688808136
160.csv;09:34:08.448-2024/12/05;20;0,20,228,0,4,0,0,13,10,30,30,0,0,4,4,0,0,0.015417639557754822,0.033413142,0.017995502408111267
160.csv;06:43:16.638-2024/12/05;885;15,885,717,15,10,0,0,14,12,28,31,0,0,4,4,1,1,0.015417639557754822,0.03341121,0.017993568982446365
160.csv;07:14:41.326-2024/12/05;938;15,938,728,15,10,0,0,13,11,29,31,0,0,4,4,0,0,0.015417639557754822,0.033391565,0.017973925526702576
136.csv;18:51:46.724-2024/01/16;399;8,399,337,8,8,1,1,7,7,16,26,1,1,1,2,1,1,0.015417639557754822,0.03338787,0.0179702300387265
160.csv;06:42:28.595-2024/12/05;177;7,177,349,7,6,0,0,6,7,29,32,1,1,3,4,0,0,0.015417639557754822,0.033379313,0.017961673046910934
160.csv;07:22:24.262-2024/12/05;128;10,128,294,10,7,0,0,15,11,28,28,0,0,4,4,1,1,0.015417639557754822,0.03337134,0.017953700925672226
160.csv;07:53:23.808-2024/12/05;739;6,739,728,6,6,0,0,4,6,28,31,0,0,4,3,1,1,0.015417639557754822,0.03336788,0.017950240130984955
160.csv;06:58:40.988-2024/12/05;136;15,136,280,15,10,0,0,5,7,28,30,0,0,4,4,0,0,0.015417639557754822,0.03336014,0.01794249897774475
160.csv;08:31:04.103-2024/12/05;465;1,465,560,1,3,0,0,2,5,29,31,0,0,4,3,1,1,0.015417639557754822,0.03335457,0.01793692966874855
160.csv;07:22:22.667-2024/12/05;992;15,992,815,15,10,0,0,5,7,28,30,0,0,4,3,0,0,0.015417639557754822,0.03334153,0.017923891152703934
158.csv;08:17:46.918-2024/12/06;102;5,102,420,5,5,0,0,0,4,28,31,0,0,4,4,1,1,0.015417639557754822,0.033337258,0.017919618244731598
160.csv;09:26:16.014-2024/12/05;904;10,904,744,10,8,0,0,0,4,31,32,0,0,4,4,0,0,0.015417639557754822,0.033334136,0.017916496451461487
160.csv;07:44:40.309-2024/12/05;613;5,613,582,5,5,0,0,14,13,28,32,1,1,3,4,0,0,0.015417639557754822,0.033332,0.017914361860120468
160.csv;08:07:59.294-2024/12/05;223;15,223,415,15,11,0,0,10,8,28,32,0,0,4,4,1,1,0.015417639557754822,0.03332655,0.01790891176041382
160.csv;09:41:10.724-2024/12/05;263;15,263,323,15,9,0,0,14,11,29,30,0,0,4,4,0,0,0.015417639557754822,0.033325315,0.01790767496403473
158.csv;08:10:47.813-2024/12/06;175;15,175,377,15,10,0,0,13,11,30,31,0,0,4,3,0,0,0.015417639557754822,0.033302158,0.01788451855953949
124.csv;19:26:09.499-2024/02/13;933;10,933,975,10,9,0,0,2,3,31,31,1,1,2,3,0,0,0.015417639557754822,0.033286918,0.017869278396928482
160.csv;07:13:59.182-2024/12/05;820;10,820,751,10,7,0,0,6,8,28,31,0,0,4,3,0,0,0.015417639557754822,0.03328604,0.017868399228418045
160.csv;06:57:52.473-2024/12/05;405;10,405,426,10,8,0,0,8,9,30,31,1,1,3,4,0,0,0.015417639557754822,0.033253476,0.01783583646591919
103.csv;04:51:12.565-2024/09/04;138;0,138,278,0,2,0,0,11,10,31,31,0,0,4,4,0,0,0.015417639557754822,0.033249315,0.017831675316655807
160.csv;07:12:40.408-2024/12/05;110;15,110,235,15,9,0,0,11,10,29,29,0,0,4,3,0,0,0.015417639557754822,0.03323331,0.017815671469533615
160.csv;06:42:29.350-2024/12/05;252;15,252,377,15,9,0,0,5,7,30,33,0,0,4,4,1,1,0.015417639557754822,0.033225663,0.017808023448550873
160.csv;07:14:05.686-2024/12/05;446;15,446,442,15,10,0,0,15,12,28,32,0,0,4,4,0,0,0.015417639557754822,0.03322023,0.017802591975295715
160.csv;07:53:23.716-2024/12/05;730;1,730,665,1,3,0,0,1,5,28,31,0,0,4,3,0,0,0.015417639557754822,0.033208035,0.01779039537485855
158.csv;08:03:31.158-2024/12/06;542;1,542,532,1,2,0,0,0,3,29,31,0,0,4,4,1,1,0.015417639557754822,0.033204272,0.017786632831657104
160.csv;08:38:41.771-2024/12/05;152;0,152,278,0,4,0,0,6,8,28,31,0,0,4,3,0,0,0.015417639557754822,0.033197224,0.017779584582412414
160.csv;06:59:20.425-2024/12/05;1008;10,1008,827,10,8,0,0,14,11,28,30,0,0,4,3,0,0,0.015417639557754822,0.033185266,0.017767626400554352
160.csv;07:14:00.287-2024/12/05;931;0,931,780,0,3,0,0,2,5,28,31,0,0,4,4,1,1,0.015417639557754822,0.033171494,0.017753854002320938
160.csv;08:31:04.103-2024/12/05;465;0,465,569,0,3,0,0,1,4,29,31,0,0,4,3,1,1,0.015417639557754822,0.033138156,0.017720516379440002
160.csv;07:14:06.213-2024/12/05;499;10,499,499,10,8,0,0,1,4,28,32,0,0,4,3,1,1,0.015417639557754822,0.033135623,0.01771798318203705
157.csv;04:18:05.457-2024/10/29;637;0,637,598,0,4,1,1,12,9,31,30,0,0,4,4,1,1,0.015417639557754822,0.03313036,0.01771271934684532
160.csv;09:41:08.637-2024/12/05;55;0,55,261,0,4,0,0,2,6,31,30,0,0,4,4,1,1,0.015417639557754822,0.033123545,0.017705905790889435
158.csv;08:03:22.785-2024/12/06;728;16,728,640,16,10,0,0,12,10,29,31,0,0,4,4,1,1,0.015417639557754822,0.03309888,0.01768124064382332
160.csv;06:43:43.072-2024/12/05;457;1,457,472,1,3,0,0,0,4,28,30,0,0,4,4,0,0,0.015417639557754822,0.03309715,0.017679512109124832
158.csv;08:19:32.383-2024/12/06;408;15,408,498,15,10,0,0,3,5,28,30,0,0,4,4,0,0,0.015417639557754822,0.033088453,0.017670813556277924
160.csv;06:49:35.868-2024/12/05;920;15,920,772,15,10,0,0,11,10,31,30,0,0,4,4,1,1,0.015417639557754822,0.03308739,0.017669751848542862
160.csv;06:58:39.676-2024/12/05;5;10,5,380,10,7,0,0,5,8,28,30,0,0,4,4,1,1,0.015417639557754822,0.03307718,0.017659540827834778
158.csv;08:17:45.793-2024/12/06;1013;15,1013,847,15,10,0,0,9,9,28,30,0,0,4,3,0,0,0.015417639557754822,0.033076398,0.0176587585168721
160.csv;07:44:42.115-2024/12/05;793;15,793,749,15,11,0,0,12,10,28,31,0,0,4,4,1,1,0.015417639557754822,0.033073545,0.01765590494450348
158.csv;08:03:22.975-2024/12/06;747;15,747,672,15,10,0,0,1,5,28,31,0,0,4,4,0,0,0.015417639557754822,0.03305693,0.01763929014977234
160.csv;07:38:19.843-2024/12/05;454;10,454,470,10,8,0,0,7,8,30,33,1,1,3,4,0,0,0.015417639557754822,0.033043962,0.017626322414243393
160.csv;09:39:53.843-2024/12/05;767;15,767,712,15,10,0,0,1,4,30,31,0,0,4,4,1,1,0.015417639557754822,0.03304102,0.017623379434907608
158.csv;08:04:58.070-2024/12/06;17;5,17,105,5,6,0,0,2,4,30,28,1,1,4,3,1,1,0.015417639557754822,0.033034954,0.017617314662301712
158.csv;08:04:40.471-2024/12/06;305;10,305,352,10,8,0,0,15,13,29,32,1,1,3,4,1,1,0.015417639557754822,0.033007246,0.017589605953061752
160.csv;08:38:42.078-2024/12/05;182;11,182,276,11,7,0,0,11,10,28,30,0,0,4,3,1,1,0.015417639557754822,0.032990273,0.01757263353046196
160.csv;09:33:06.616-2024/12/05;1005;0,1005,794,0,4,0,0,5,7,30,32,0,0,4,4,0,0,0.015417639557754822,0.032983687,0.01756604721721428
160.csv;07:36:52.275-2024/12/05;913;15,913,727,15,11,0,0,15,12,29,30,0,0,4,4,1,1,0.015417639557754822,0.032973718,0.017556078340375595
105.csv;11:28:06.536-2024/11/20;263;4,263,213,4,4,1,1,11,12,27,31,1,1,2,3,0,0,0.015417639557754822,0.032970436,0.01755279635962265
160.csv;06:58:30.804-2024/12/05;142;11,142,379,11,8,0,0,5,7,28,32,0,0,4,4,1,1,0.015417639557754822,0.0329628,0.017545159514510803
160.csv;08:23:07.308-2024/12/05;913;12,913,698,12,9,0,0,12,10,28,31,0,0,4,3,1,1,0.015417639557754822,0.03294833,0.017530690486991577
160.csv;06:57:28.794-2024/12/05;85;5,85,370,5,5,0,0,11,10,30,31,0,0,4,4,0,0,0.015417639557754822,0.032944176,0.017526536788308792
160.csv;08:31:01.490-2024/12/05;203;15,203,405,15,10,0,0,14,11,30,30,0,0,4,4,0,0,0.015417639557754822,0.03293176,0.01751412039574402
160.csv;06:51:25.110-2024/12/05;581;1,581,549,1,2,0,0,6,7,30,32,0,0,4,3,1,1,0.015417639557754822,0.032930527,0.017512887324655228
160.csv;07:15:16.936-2024/12/05;403;15,403,437,15,10,0,0,4,7,31,30,0,0,4,3,1,1,0.015417639557754822,0.032923475,0.01750583535012024
160.csv;09:09:57.658-2024/12/05;348;15,348,379,15,10,0,0,13,11,29,30,0,0,4,3,1,1,0.015417639557754822,0.032922354,0.017504714037740402
160.csv;08:36:47.149-2024/12/05;977;8,977,906,8,7,1,1,8,8,28,30,1,1,3,4,1,1,0.015417639557754822,0.032911193,0.01749355306800621
160.csv;09:32:57.066-2024/12/05;49;17,49,199,17,9,0,0,11,10,30,31,0,0,4,3,0,0,0.015417639557754822,0.03290711,0.017489470149839096
160.csv;09:41:08.607-2024/12/05;52;0,52,223,0,4,0,0,11,9,31,30,0,0,4,4,1,1,0.015417639557754822,0.03290172,0.01748407965477722
160.csv;09:32:51.745-2024/12/05;541;16,541,535,16,11,0,0,9,9,30,31,0,0,4,3,1,1,0.015417639557754822,0.032897227,0.017479586954677277
160.csv;06:57:52.473-2024/12/05;405;7,405,418,7,7,0,0,7,8,30,32,1,1,3,4,0,0,0.015417639557754822,0.03289157,0.01747393196400421
160.csv;08:46:08.227-2024/12/05;765;7,765,662,7,6,0,0,4,7,30,31,0,0,4,3,0,0,0.015417639557754822,0.03287065,0.01745301073368805
160.csv;08:23:07.096-2024/12/05;892;2,892,723,2,4,0,0,6,7,28,31,0,0,4,3,1,1,0.015417639557754822,0.03285722,0.017439581062162094
160.csv;06:43:51.441-2024/12/05;269;16,269,328,16,11,0,0,10,9,28,30,0,0,4,4,0,0,0.015417639557754822,0.032844037,0.017426397259795837
158.csv;08:03:32.096-2024/12/06;635;16,635,600,16,11,0,0,10,9,29,32,0,0,4,3,0,0,0.015417639557754822,0.03283552,0.017417881246173553
160.csv;06:57:32.002-2024/12/05;406;2,406,437,2,2,0,0,5,6,28,32,0,0,4,3,1,1,0.015417639557754822,0.03283522,0.017417579497659378
160.csv;09:40:26.573-2024/12/05;968;10,968,853,10,8,0,0,14,12,31,30,0,0,4,3,0,0,0.015417639557754822,0.032832988,0.0174153480487706
157.csv;04:04:22.293-2024/10/29;240;3,240,278,3,4,1,1,12,12,29,31,1,1,3,4,1,1,0.015417639557754822,0.03282194,0.01740429883774536
160.csv;09:34:13.755-2024/12/05;550;16,550,483,16,11,0,0,9,9,29,32,0,0,4,3,0,0,0.015417639557754822,0.03281152,0.017393879200780563
160.csv;07:22:53.287-2024/12/05;982;16,982,784,16,11,0,0,3,6,30,30,0,0,4,3,1,1,0.015417639557754822,0.032811034,0.017393394913041763
160.csv;09:33:06.607-2024/12/05;1004;0,1004,839,0,3,0,0,13,10,30,31,0,0,4,4,1,1,0.015417639557754822,0.032775953,0.017358313854301147
158.csv;08:10:47.789-2024/12/06;173;5,173,236,5,5,0,0,4,7,28,30,0,0,4,4,0,0,0.015417639557754822,0.032771725,0.017354085649812393
157.csv;04:18:02.198-2024/10/29;311;0,311,313,0,3,1,1,11,10,31,31,1,1,3,4,0,0,0.015417639557754822,0.03276905,0.017351410891378097
160.csv;08:46:08.083-2024/12/05;751;6,751,616,6,6,0,0,7,8,30,32,0,0,4,3,0,0,0.015417639557754822,0.03276332,0.017345681394899063
160.csv;07:46:13.285-2024/12/05;695;0,695,669,0,2,0,0,0,5,30,31,0,0,4,4,1,1,0.015417639557754822,0.03274066,0.01732302045401352
157.csv;04:04:22.079-2024/10/29;219;0,219,267,0,3,1,1,15,13,29,30,1,1,3,3,1,1,0.015417639557754822,0.032725554,0.017307914401853256
160.csv;08:07:58.559-2024/12/05;150;10,150,275,10,8,0,0,8,9,29,31,0,0,4,3,1,1,0.015417639557754822,0.032719202,0.01730156278189438
160.csv;09:34:15.911-2024/12/05;766;10,766,672,10,8,0,0,2,5,30,32,0,0,4,3,0,0,0.015417639557754822,0.03271602,0.017298381383979492
160.csv;07:45:36.372-2024/12/05;75;10,75,205,10,9,0,0,8,9,29,32,1,1,3,4,1,1,0.015417639557754822,0.032701425,0.01728378569659012
158.csv;08:03:23.693-2024/12/06;819;15,819,708,15,9,0,0,5,7,28,32,0,0,4,4,0,0,0.015417639557754822,0.032701112,0.017283472772205048
160.csv;08:23:07.280-2024/12/05;910;16,910,688,16,12,0,0,8,9,28,29,0,0,4,4,0,0,0.015417639557754822,0.032672774,0.017255134488904648
160.csv;08:47:24.618-2024/12/05;212;10,212,350,10,7,0,0,10,9,30,29,0,0,4,4,0,0,0.015417639557754822,0.03266613,0.01724849229630249
157.csv;04:04:21.462-2024/10/29;157;3,157,214,3,4,1,1,10,11,28,30,1,1,3,4,1,1,0.015417639557754822,0.032666013,0.01724837308701294
158.csv;08:03:23.955-2024/12/06;845;16,845,681,16,12,0,0,10,10,28,30,0,0,4,3,0,0,0.015417639557754822,0.03265575,0.017238109912240677
160.csv;07:07:13.181-2024/12/05;156;0,156,294,0,3,0,0,9,8,30,30,0,0,4,4,1,1,0.015417639557754822,0.032654125,0.017236485685670547
160.csv;08:22:17.668-2024/12/05;45;10,45,245,10,7,0,0,1,4,29,28,0,0,4,4,1,1,0.015417639557754822,0.032652184,0.01723454480942505
160.csv;09:03:26.717-2024/12/05;166;16,166,325,16,10,0,0,6,8,29,30,0,0,4,4,1,1,0.015417639557754822,0.032639403,0.017221763338411026
160.csv;08:22:17.850-2024/12/05;63;15,63,246,15,11,0,0,0,5,28,32,1,1,4,4,0,0,0.015417639557754822,0.032639064,0.017221424336993866
160.csv;09:33:03.432-2024/12/05;686;11,686,639,11,8,0,0,11,10,31,32,0,0,4,3,1,1,0.015417639557754822,0.032598644,0.017181004937255554
136.csv;18:53:56.864-2024/01/16;101;9,101,59,9,10,1,1,8,8,17,22,1,1,1,2,1,1,0.015417639557754822,0.03257896,0.01716132050331848
103.csv;04:51:12.601-2024/09/04;142;0,142,277,0,2,0,0,11,9,31,31,0,0,4,4,1,1,0.015417639557754822,0.032570377,0.017152737434470825
160.csv;07:14:05.323-2024/12/05;410;5,410,504,5,6,0,0,1,5,29,32,0,0,4,3,0,0,0.015417639557754822,0.03256091,0.017143271471822433
160.csv;06:58:33.789-2024/12/05;441;0,441,501,0,3,0,0,7,8,28,32,0,0,4,3,0,0,0.015417639557754822,0.032531522,0.017113882656657867
160.csv;09:34:15.872-2024/12/05;762;11,762,636,11,8,0,0,15,12,31,32,0,0,4,4,1,1,0.015417639557754822,0.032527085,0.0171094458359124
160.csv;09:26:19.254-2024/12/05;204;15,204,299,15,11,0,0,14,11,29,30,0,0,4,4,1,1,0.015417639557754822,0.03252596,0.017108320798242264
160.csv;07:22:22.567-2024/12/05;982;16,982,772,16,11,0,0,7,8,28,28,0,0,4,3,0,0,0.015417639557754822,0.032524418,0.0171067785280587
158.csv;08:03:27.356-2024/12/06;161;15,161,348,15,10,0,0,14,11,28,30,0,0,4,4,1,1,0.015417639557754822,0.032509983,0.01709234302815216
160.csv;07:22:24.935-2024/12/05;195;15,195,313,15,9,0,0,6,7,28,29,0,0,4,4,0,0,0.015417639557754822,0.032506052,0.017088412846887283
160.csv;09:41:12.904-2024/12/05;481;15,481,482,15,10,0,0,1,5,29,33,0,0,4,4,0,0,0.015417639557754822,0.03249256,0.017074919845426254
160.csv;09:10:56.458-2024/12/05;84;15,84,253,15,10,0,0,8,9,30,31,0,0,4,4,0,0,0.015417639557754822,0.03248805,0.017070412244165115
160.csv;08:23:07.130-2024/12/05;895;10,895,718,10,8,0,0,0,4,28,29,0,0,4,4,0,0,0.015417639557754822,0.032475032,0.01705739235457199
160.csv;06:58:31.942-2024/12/05;256;6,256,375,6,5,0,0,12,11,28,30,0,0,4,3,0,0,0.015417639557754822,0.032452043,0.017034403588140182
160.csv;07:14:06.125-2024/12/05;490;15,490,501,15,10,0,0,4,6,29,30,0,0,4,3,0,0,0.015417639557754822,0.03242412,0.017006478812062912
160.csv;07:22:22.595-2024/12/05;985;10,985,774,10,8,0,0,1,5,28,31,0,0,4,4,1,1,0.015417639557754822,0.032414977,0.016997336949670486
160.csv;07:30:04.712-2024/12/05;93;5,93,345,5,6,0,0,6,7,30,29,0,0,4,4,0,0,0.015417639557754822,0.032411374,0.016993734593951874
160.csv;07:22:22.795-2024/12/05;1005;15,1005,807,15,10,0,0,2,5,28,30,0,0,4,4,1,1,0.015417639557754822,0.032410815,0.016993175800407104
160.csv;06:58:33.733-2024/12/05;435;10,435,482,10,7,0,0,4,6,29,32,0,0,4,3,1,1,0.015417639557754822,0.03240598,0.0169883403735997
157.csv;04:04:22.337-2024/10/29;244;8,244,271,8,7,1,1,10,11,29,31,1,1,3,4,0,0,0.015417639557754822,0.032390747,0.01697310766156929
101.csv;09:58:13.487-2024/09/06;204;5,204,272,5,6,1,0,10,10,31,28,0,0,4,4,1,1,0.015417639557754822,0.03238264,0.016965001429879837
160.csv;09:25:33.669-2024/12/05;766;1,766,655,1,2,0,0,3,6,30,31,0,0,4,3,0,0,0.015417639557754822,0.032381788,0.01696414833840149
160.csv;09:09:57.792-2024/12/05;362;5,362,408,5,4,0,0,5,6,29,32,1,1,3,4,0,0,0.015417639557754822,0.03236183,0.01694419195827263
160.csv;06:58:30.528-2024/12/05;115;0,115,369,0,3,0,0,1,5,28,30,0,0,4,4,0,0,0.015417639557754822,0.03235922,0.016941580529773407
158.csv;08:03:23.955-2024/12/06;845;17,845,678,17,11,0,0,11,10,28,31,0,0,4,4,1,1,0.015417639557754822,0.032356683,0.016939043607080154
160.csv;09:25:17.805-2024/12/05;203;15,203,407,15,9,0,0,4,6,29,31,0,0,4,4,0,0,0.015417639557754822,0.032345824,0.016928184385860138
160.csv;09:34:13.802-2024/12/05;555;10,555,589,10,9,0,0,9,9,29,30,0,0,4,3,1,1,0.015417639557754822,0.032344863,0.016927223260963135
160.csv;06:59:22.655-2024/12/05;207;10,207,308,10,7,0,0,15,12,28,31,0,0,4,3,0,0,0.015417639557754822,0.03232842,0.016910779829585724
157.csv;04:04:21.548-2024/10/29;165;7,165,255,7,7,1,1,13,11,28,31,1,1,3,4,1,1,0.015417639557754822,0.032274608,0.01685696801122444
160.csv;06:58:35.367-2024/12/05;598;15,598,587,15,10,0,0,14,11,28,31,0,0,4,4,0,0,0.015417639557754822,0.03227297,0.016855328883493118
160.csv;09:32:50.746-2024/12/05;441;15,441,445,15,9,0,0,14,12,29,30,0,0,4,4,0,0,0.015417639557754822,0.032259807,0.016842167432868652
160.csv;08:23:07.368-2024/12/05;919;7,919,729,7,7,0,0,12,11,28,31,0,0,4,3,0,0,0.015417639557754822,0.03224978,0.016832138951385193
160.csv;06:43:16.778-2024/12/05;899;15,899,790,15,10,0,0,10,9,28,30,0,0,4,3,0,0,0.015417639557754822,0.03223732,0.016819681580627136
160.csv;07:13:59.618-2024/12/05;863;16,863,767,16,12,0,0,8,8,30,32,1,1,3,4,1,1,0.015417639557754822,0.032234613,0.016816973294580154
158.csv;08:10:44.560-2024/12/06;874;5,874,737,5,5,0,0,1,4,28,31,0,0,4,3,0,0,0.015417639557754822,0.032217246,0.016799605991208725
160.csv;07:38:26.069-2024/12/05;53;5,53,200,5,6,0,0,0,3,30,29,0,0,4,4,0,0,0.015417639557754822,0.032199726,0.01678208595093506
160.csv;09:32:24.527-2024/12/05;892;0,892,739,0,2,0,0,5,7,30,30,0,0,4,4,1,1,0.015417639557754822,0.032198332,0.016780692692363434
160.csv;07:45:16.491-2024/12/05;135;10,135,370,10,7,0,0,2,5,28,30,0,0,4,4,1,1,0.015417639557754822,0.032179683,0.016762043889129333
136.csv;18:51:20.180-2024/01/16;816;19,816,843,19,17,1,1,8,8,15,24,1,1,1,1,0,0,0.015417639557754822,0.032171067,0.01675342729266899
160.csv;07:22:22.891-2024/12/05;1015;1,1015,745,1,4,0,0,14,11,28,31,0,0,4,4,1,1,0.015417639557754822,0.032164264,0.016746624912584
160.csv;06:58:26.676-2024/12/05;753;11,753,675,11,9,0,0,11,10,28,31,0,0,4,3,1,1,0.015417639557754822,0.032162897,0.016745257731044464
158.csv;08:18:08.029-2024/12/06;165;5,165,251,5,4,0,0,12,10,29,28,0,0,4,4,0,0,0.015417639557754822,0.032161213,0.01674357389982956
160.csv;07:22:24.827-2024/12/05;184;15,184,313,15,10,0,0,5,7,28,30,0,0,4,4,0,0,0.015417639557754822,0.032155957,0.01673831751521843
160.csv;07:13:59.186-2024/12/05;820;13,820,697,13,9,0,0,13,11,28,32,0,0,4,3,0,0,0.015417639557754822,0.032146994,0.01672935446676033
160.csv;09:40:27.631-2024/12/05;50;10,50,257,10,8,0,0,13,10,29,30,0,0,4,4,0,0,0.015417639557754822,0.03214583,0.01672819217618721
158.csv;08:03:26.178-2024/12/06;44;5,44,267,5,6,0,0,15,11,28,28,0,0,4,4,1,1,0.015417639557754822,0.032144997,0.016727357711160355
136.csv;18:52:50.876-2024/01/16;670;10,670,756,10,9,1,1,6,6,20,28,1,1,2,2,1,1,0.015417639557754822,0.032134637,0.016716997678840332
160.csv;06:43:16.622-2024/12/05;884;0,884,738,0,3,0,0,2,5,28,31,0,0,4,3,1,1,0.015417639557754822,0.03213206,0.016714419777953796
160.csv;07:14:41.425-2024/12/05;948;16,948,720,16,11,0,0,10,9,28,30,0,0,4,3,1,1,0.015417639557754822,0.032120265,0.016702625508868866
160.csv;06:59:20.408-2024/12/05;1006;15,1006,776,15,10,0,0,12,11,28,29,0,0,4,4,0,0,0.015417639557754822,0.032105643,0.016688003744447403
160.csv;09:25:33.661-2024/12/05;765;6,765,701,6,6,0,0,0,4,30,29,0,0,4,3,1,1,0.015417639557754822,0.032093115,0.016675475593173675
158.csv;08:10:48.708-2024/12/06;265;0,265,376,0,3,0,0,1,6,28,31,0,0,4,4,0,0,0.015417639557754822,0.032089915,0.016672275568807297
160.csv;09:25:17.845-2024/12/05;207;15,207,281,15,10,0,0,4,7,29,30,0,0,4,4,1,1,0.015417639557754822,0.032080904,0.016663264091575317
160.csv;07:52:54.770-2024/12/05;907;10,907,644,10,8,0,0,15,12,28,29,0,0,4,4,0,0,0.015417639557754822,0.032073583,0.01665594389613884
160.csv;06:58:32.424-2024/12/05;304;10,304,429,10,7,0,0,0,5,28,32,0,0,4,4,0,0,0.015417639557754822,0.032072064,0.016654423977697067
160.csv;08:31:04.143-2024/12/05;469;0,469,526,0,3,0,0,15,12,28,30,0,0,4,3,1,1,0.015417639557754822,0.032066233,0.016648593898379974
160.csv;07:30:39.784-2024/12/05;528;15,528,535,15,10,0,0,2,5,29,31,0,0,4,4,0,0,0.015417639557754822,0.03205196,0.016634318585956268
160.csv;06:58:30.566-2024/12/05;118;10,118,265,10,8,0,0,0,4,28,29,0,0,4,4,0,0,0.015417639557754822,0.032024898,0.01660725807722824
157.csv;04:18:02.218-2024/10/29;313;0,313,355,0,5,1,0,14,12,31,29,1,1,4,4,0,0,0.015417639557754822,0.03202236,0.01660472115453499
160.csv;07:14:41.376-2024/12/05;943;11,943,791,11,9,0,0,11,10,29,30,0,0,4,3,0,0,0.015417639557754822,0.032018673,0.01660103311713951
160.csv;08:07:59.258-2024/12/05;220;10,220,356,10,7,0,0,15,12,28,31,0,0,4,3,0,0,0.015417639557754822,0.032018337,0.01660069784101265
160.csv;08:07:58.794-2024/12/05;174;2,174,334,2,4,0,0,0,4,28,29,0,0,4,4,1,1,0.015417639557754822,0.03201826,0.016600619609916382
136.csv;18:52:16.344-2024/01/16;289;6,289,357,6,5,1,1,10,9,18,24,1,1,3,4,0,0,0.015417639557754822,0.03201676,0.0165991220432164
160.csv;06:42:28.697-2024/12/05;187;15,187,328,15,10,0,0,7,8,28,31,0,0,4,4,1,1,0.015417639557754822,0.032014173,0.01659653296645897
160.csv;08:07:58.791-2024/12/05;173;15,173,282,15,9,0,0,12,11,28,29,0,0,4,4,1,1,0.015417639557754822,0.03200443,0.01658679133232849
160.csv;08:15:37.712-2024/12/05;1009;15,1009,819,15,9,0,0,9,8,28,30,0,0,4,4,1,1,0.015417639557754822,0.031990457,0.01657281776841896
160.csv;08:23:07.368-2024/12/05;919;5,919,754,5,5,0,0,7,9,28,29,0,0,4,3,1,1,0.015417639557754822,0.03197557,0.016557931508386307
160.csv;08:40:45.280-2024/12/05;214;15,214,263,15,14,0,0,8,8,30,31,1,1,3,4,1,1,0.015417639557754822,0.031969696,0.016552056725585632
160.csv;06:58:30.525-2024/12/05;114;12,114,273,12,9,0,0,14,12,28,31,0,0,4,4,1,1,0.015417639557754822,0.031901542,0.01648390253957527
160.csv;09:33:06.605-2024/12/05;1003;15,1003,783,15,10,0,0,11,10,30,30,0,0,4,4,1,1,0.015417639557754822,0.031896845,0.01647920494850891
158.csv;08:10:44.773-2024/12/06;895;10,895,764,10,8,0,0,13,11,28,31,0,0,4,3,1,1,0.015417639557754822,0.03189085,0.016473210956418686
160.csv;08:23:07.412-2024/12/05;923;15,923,752,15,10,0,0,4,6,28,29,0,0,4,3,1,1,0.015417639557754822,0.03187673,0.016459092106187515
158.csv;08:11:33.845-2024/12/06;682;15,682,658,15,11,0,0,0,4,30,31,0,0,4,3,1,1,0.015417639557754822,0.031866718,0.01644907852586525
160.csv;07:22:24.107-2024/12/05;113;0,113,275,0,4,0,0,14,12,28,27,0,0,4,4,1,1,0.015417639557754822,0.031860746,0.016443106885516815
160.csv;08:38:46.457-2024/12/05;620;15,620,585,15,11,0,0,13,11,28,30,0,0,4,4,1,1,0.015417639557754822,0.0318441,0.016426462288463287
160.csv;08:38:41.751-2024/12/05;149;15,149,272,15,10,0,0,4,7,28,29,0,0,4,4,1,1,0.015417639557754822,0.03182963,0.016411989535653763
160.csv;06:58:26.346-2024/12/05;720;15,720,654,15,10,0,0,1,5,29,30,0,0,4,4,1,1,0.015417639557754822,0.031823784,0.016406144555175476
136.csv;18:54:31.044-2024/01/16;447;10,447,464,10,10,1,1,2,1,9,13,1,1,1,2,1,1,0.015417639557754822,0.031805407,0.016387767698133163
158.csv;08:10:44.454-2024/12/06;863;15,863,723,15,10,0,0,3,6,29,30,0,0,4,4,0,0,0.015417639557754822,0.031792603,0.01637496387537735
155.csv;03:50:41.347-2024/10/29;65;15,65,110,15,13,0,0,14,14,0,10,1,1,1,2,0,0,0.015417639557754822,0.031791218,0.016373578067386322
160.csv;06:58:31.854-2024/12/05;247;10,247,420,10,8,0,0,0,4,28,31,0,0,4,4,0,0,0.015417639557754822,0.031788655,0.01637101506766098
160.csv;09:03:52.237-2024/12/05;670;15,670,586,15,10,0,0,0,5,30,31,0,0,4,4,0,0,0.015417639557754822,0.03178855,0.016370910759532623
160.csv;07:22:53.138-2024/12/05;968;0,968,758,0,3,0,0,0,4,30,29,0,0,4,4,1,1,0.015417639557754822,0.031764936,0.016347296144330673
160.csv;07:44:39.991-2024/12/05;581;10,581,584,10,9,0,0,5,5,28,32,1,1,3,4,0,0,0.015417639557754822,0.03174635,0.016328710671031647
160.csv;07:14:06.285-2024/12/05;506;15,506,501,15,10,0,0,4,7,28,31,0,0,4,4,1,1,0.015417639557754822,0.03173588,0.01631823888000267
158.csv;08:17:45.681-2024/12/06;1002;5,1002,794,5,7,0,0,15,11,29,29,0,0,4,4,1,1,0.015417639557754822,0.031707805,0.01629016509231346
160.csv;07:14:08.115-2024/12/05;689;16,689,632,16,9,0,0,13,11,28,29,0,0,4,4,0,0,0.015417639557754822,0.031694964,0.016277324016654663
160.csv;09:32:53.932-2024/12/05;760;11,760,721,11,8,0,0,10,9,30,32,0,0,4,3,1,1,0.015417639557754822,0.031677872,0.01626023238476532
158.csv;08:10:44.744-2024/12/06;892;17,892,763,17,12,0,0,11,10,28,31,0,0,4,3,0,0,0.015417639557754822,0.03167675,0.016259111072385483
160.csv;08:38:42.042-2024/12/05;179;0,179,378,0,4,0,0,11,9,28,30,0,0,4,4,0,0,0.015417639557754822,0.03167516,0.01625752037342804
160.csv;08:23:07.380-2024/12/05;920;15,920,701,15,10,0,0,0,5,28,30,0,0,4,4,0,0,0.015417639557754822,0.031664323,0.016246683503949814
160.csv;09:10:56.495-2024/12/05;88;15,88,292,15,11,0,0,12,10,30,30,0,0,4,4,0,0,0.015417639557754822,0.031643946,0.016226306166017227
160.csv;09:17:34.452-2024/12/05;972;10,972,784,10,7,0,0,13,10,29,29,0,0,4,4,1,1,0.015417639557754822,0.031632267,0.01621462738093155
160.csv;07:53:23.704-2024/12/05;729;0,729,671,0,3,0,0,0,4,28,31,0,0,4,4,0,0,0.015417639557754822,0.031617187,0.016199547405803375
160.csv;09:33:06.648-2024/12/05;1008;0,1008,766,0,4,0,0,14,11,29,29,0,0,4,4,0,0,0.015417639557754822,0.03161659,0.01619895135935562
160.csv;07:22:22.827-2024/12/05;1009;0,1009,855,0,3,0,0,3,6,28,31,0,0,4,3,1,1,0.015417639557754822,0.03161537,0.016197729464137726
160.csv;09:25:43.209-2024/12/05;696;5,696,617,5,5,0,0,5,7,30,31,0,0,4,3,1,1,0.015417639557754822,0.031612102,0.016194462384545975
160.csv;07:29:06.988-2024/12/05;465;0,465,463,0,2,0,0,12,10,28,31,0,0,4,3,0,0,0.015417639557754822,0.031605877,0.016188237424457245
160.csv;09:20:48.736-2024/12/05;944;10,944,754,10,7,0,0,9,9,29,30,0,0,4,3,0,0,0.015417639557754822,0.031588715,0.01617107501205223
160.csv;09:17:34.414-2024/12/05;968;10,968,855,10,8,0,0,14,11,30,31,0,0,4,3,0,0,0.015417639557754822,0.031588227,0.016170586999023132
157.csv;04:04:21.788-2024/10/29;189;8,189,222,8,7,1,1,12,12,28,30,1,1,3,4,1,1,0.015417639557754822,0.031586416,0.01616877650793808
160.csv;08:15:38.822-2024/12/05;97;0,97,237,0,4,0,0,10,9,28,31,0,0,4,3,1,1,0.015417639557754822,0.031566452,0.016148812677228622
160.csv;09:33:06.648-2024/12/05;1008;5,1008,783,5,5,0,0,0,4,29,29,0,0,4,4,1,1,0.015417639557754822,0.03156325,0.016145608927571945
160.csv;07:53:23.716-2024/12/05;730;0,730,640,0,3,0,0,14,11,28,31,0,0,4,3,0,0,0.015417639557754822,0.031545095,0.01612745558794754
160.csv;09:10:03.978-2024/12/05;981;0,981,818,0,3,0,0,13,10,30,31,0,0,4,4,1,1,0.015417639557754822,0.031542893,0.01612525394138115
158.csv;08:03:22.863-2024/12/06;736;15,736,642,15,10,0,0,10,8,28,31,0,0,4,4,1,1,0.015417639557754822,0.031537004,0.01611936425741928
160.csv;07:22:07.299-2024/12/05;480;0,480,512,0,4,0,0,15,12,30,31,0,0,4,4,1,1,0.015417639557754822,0.03152574,0.016108098979556732
158.csv;08:03:23.056-2024/12/06;755;15,755,646,15,9,0,0,2,6,28,31,0,0,4,4,0,0,0.015417639557754822,0.031525344,0.016107704098785095
160.csv;07:45:51.693-2024/12/05;583;15,583,577,15,13,0,0,6,7,28,32,1,1,3,4,0,0,0.015417639557754822,0.03151613,0.016098491455877
158.csv;08:03:23.856-2024/12/06;836;0,836,779,0,3,0,0,6,7,28,31,0,0,4,3,1,1,0.015417639557754822,0.031495646,0.016078006084525757
160.csv;07:22:22.607-2024/12/05;986;18,986,751,18,11,0,0,4,6,28,30,0,0,4,3,0,0,0.015417639557754822,0.031495128,0.01607748826917427
160.csv;09:34:10.581-2024/12/05;233;10,233,407,10,8,0,0,0,4,29,31,0,0,4,4,0,0,0.015417639557754822,0.031491864,0.016074224914872818
136.csv;18:51:46.416-2024/01/16;368;13,368,468,13,9,1,1,6,7,30,32,1,1,3,4,0,0,0.015417639557754822,0.031481892,0.016064252312743835
160.csv;09:17:37.558-2024/12/05;258;17,258,353,17,10,0,0,1,5,30,31,0,0,4,3,1,1,0.015417639557754822,0.031479813,0.016062173600757294
160.csv;08:38:42.078-2024/12/05;182;15,182,333,15,10,0,0,12,10,28,31,0,0,4,4,0,0,0.015417639557754822,0.031471215,0.016053575630748444
157.csv;04:04:22.417-2024/10/29;252;8,252,285,8,6,1,1,10,10,29,30,1,1,3,4,0,0,0.015417639557754822,0.031469673,0.01605203336056488
160.csv;09:09:57.746-2024/12/05;357;15,357,374,15,10,0,0,13,11,29,32,0,0,4,3,0,0,0.015417639557754822,0.031464305,0.016046665217244797
160.csv;08:13:48.001-2024/12/05;278;15,278,347,15,10,0,0,12,11,29,31,0,0,4,4,1,1,0.015417639557754822,0.031432368,0.016014728303516083
160.csv;09:07:40.694-2024/12/05;988;10,988,788,10,6,0,0,14,11,30,30,0,0,4,4,1,1,0.015417639557754822,0.03142618,0.016008540596330337
158.csv;08:11:33.845-2024/12/06;682;16,682,666,16,10,0,0,2,6,30,32,0,0,4,4,1,1,0.015417639557754822,0.031415455,0.015997815485561066
160.csv;09:33:03.436-2024/12/05;686;15,686,633,15,11,0,0,12,10,31,31,0,0,4,3,1,1,0.015417639557754822,0.0314148,0.015997159834468536
160.csv;08:40:44.100-2024/12/05;96;17,96,37,17,15,0,0,8,8,30,32,1,1,2,3,0,0,0.015417639557754822,0.03140475,0.015987109001243286
160.csv;08:31:01.482-2024/12/05;203;1,203,291,1,3,0,0,12,11,30,31,0,0,4,3,0,0,0.015417639557754822,0.031402122,0.01598448267158287
160.csv;07:14:41.429-2024/12/05;949;0,949,693,0,4,0,0,13,10,29,32,0,0,4,3,0,0,0.015417639557754822,0.031381384,0.015963743980491333
160.csv;06:51:45.047-2024/12/05;526;15,526,518,15,10,0,0,2,6,28,31,0,0,4,4,1,1,0.015417639557754822,0.031377092,0.015959452446067505
160.csv;09:10:04.050-2024/12/05;988;0,988,777,0,2,0,0,1,5,30,30,0,0,4,4,0,0,0.015417639557754822,0.03137305,0.015955410506093674
160.csv;07:45:36.120-2024/12/05;50;5,50,242,5,4,0,0,3,6,30,30,0,0,4,4,0,0,0.015417639557754822,0.0313606,0.015942960585916214
160.csv;09:41:10.714-2024/12/05;262;15,262,343,15,10,0,0,2,6,29,31,0,0,4,4,1,1,0.015417639557754822,0.0313446,0.01592696046408432
160.csv;09:10:56.461-2024/12/05;85;5,85,165,5,6,0,0,12,11,30,29,0,0,4,3,1,1,0.015417639557754822,0.03133515,0.015917509402597122
160.csv;08:07:59.294-2024/12/05;223;17,223,376,17,10,0,0,12,11,28,30,0,0,4,4,1,1,0.015417639557754822,0.03129391,0.01587627043899315
160.csv;09:01:00.267-2024/12/05;881;15,881,708,15,10,0,0,5,7,28,30,0,0,4,3,0,0,0.015417639557754822,0.03129323,0.01587558871086853
160.csv;06:58:26.666-2024/12/05;752;15,752,673,15,10,0,0,1,6,28,29,0,0,4,4,1,1,0.015417639557754822,0.03128935,0.01587171068366783
155.csv;03:34:46.280-2024/10/29;814;15,814,697,15,11,0,0,12,11,31,30,0,0,4,3,1,1,0.015417639557754822,0.03127944,0.015861801411473923
160.csv;08:23:07.412-2024/12/05;923;16,923,739,16,11,0,0,13,11,28,30,0,0,4,4,1,1,0.015417639557754822,0.03127341,0.015855770166480713
160.csv;07:22:22.811-2024/12/05;1007;5,1007,773,5,6,0,0,1,6,28,30,0,0,4,4,0,0,0.015417639557754822,0.03126713,0.015849489327037506
160.csv;09:41:39.441-2024/12/05;63;10,63,340,10,8,0,0,5,7,30,32,0,0,4,4,0,0,0.015417639557754822,0.031243902,0.015826262142026596
160.csv;06:58:32.134-2024/12/05;275;10,275,357,10,8,0,0,14,11,28,30,0,0,4,4,1,1,0.015417639557754822,0.031225959,0.015808319281304054
160.csv;07:29:06.796-2024/12/05;445;15,445,483,15,8,0,0,4,6,28,31,0,0,4,4,1,1,0.015417639557754822,0.03121382,0.015796180422866516
160.csv;09:17:47.116-2024/12/05;190;15,190,314,15,10,0,0,12,10,29,31,0,0,4,4,0,0,0.015417639557754822,0.031207234,0.015789594109618835
158.csv;08:11:33.962-2024/12/06;694;11,694,638,11,8,0,0,2,5,29,31,0,0,4,3,1,1,0.015417639557754822,0.031198764,0.015781124662125282
160.csv;06:51:25.097-2024/12/05;579;15,579,554,15,10,0,0,0,5,30,31,0,0,4,4,0,0,0.015417639557754822,0.031187814,0.015770174171292953
158.csv;08:10:44.625-2024/12/06;881;0,881,788,0,3,0,0,3,6,28,31,0,0,4,4,1,1,0.015417639557754822,0.031184457,0.01576681768473404
160.csv;08:15:36.728-2024/12/05;911;10,911,723,10,7,0,0,1,5,28,30,0,0,4,4,1,1,0.015417639557754822,0.031178948,0.015761307980382614
160.csv;06:43:48.737-2024/12/05;1023;12,1023,787,12,8,0,0,12,10,28,30,0,0,4,4,0,0,0.015417639557754822,0.03117327,0.015755630637967758
158.csv;08:10:44.454-2024/12/06;863;16,863,711,16,11,0,0,5,8,29,31,0,0,4,4,1,1,0.015417639557754822,0.031169772,0.015752132590377502
160.csv;06:42:28.690-2024/12/05;187;0,187,312,0,3,0,0,14,11,28,31,0,0,4,4,0,0,0.015417639557754822,0.031169498,0.015751858781540565
160.csv;08:38:46.440-2024/12/05;618;15,618,623,15,9,0,0,1,4,28,31,0,0,4,4,1,1,0.015417639557754822,0.031150838,0.01573319880243557
160.csv;09:17:34.380-2024/12/05;965;0,965,760,0,2,0,0,1,5,29,29,0,0,4,4,0,0,0.015417639557754822,0.031133419,0.015715779344999962
160.csv;09:40:30.798-2024/12/05;367;5,367,314,5,5,0,0,15,12,29,29,0,0,4,4,0,0,0.015417639557754822,0.031131422,0.015713782589399986
160.csv;06:58:31.914-2024/12/05;253;11,253,380,11,8,0,0,6,7,28,31,0,0,4,3,1,1,0.015417639557754822,0.03110048,0.01568284032818096
160.csv;06:50:38.717-2024/12/05;37;10,37,229,10,8,0,0,11,9,29,27,0,0,4,3,1,1,0.015417639557754822,0.031093726,0.01567608637686985
160.csv;07:14:06.117-2024/12/05;489;15,489,478,15,9,0,0,0,5,29,32,0,0,4,4,1,1,0.015417639557754822,0.031093003,0.01567536367055195
160.csv;07:14:05.093-2024/12/05;387;5,387,401,5,5,0,0,7,9,30,32,0,0,4,3,1,1,0.015417639557754822,0.03108999,0.015672349910700493
158.csv;08:17:46.795-2024/12/06;89;16,89,312,16,10,0,0,8,8,29,29,0,0,4,4,0,0,0.015417639557754822,0.031078622,0.015660982187354736
160.csv;07:53:23.684-2024/12/05;726;17,726,615,17,11,0,0,6,7,29,32,0,0,4,3,1,1,0.015417639557754822,0.031070678,0.015653038005793266
160.csv;09:01:01.720-2024/12/05;3;1,3,307,1,3,0,0,13,11,28,30,0,0,4,4,0,0,0.015417639557754822,0.03106223,0.015644590910041504
158.csv;08:19:32.644-2024/12/06;434;13,434,455,13,9,0,0,14,11,28,31,0,0,4,3,1,1,0.015417639557754822,0.031024514,0.015606874208414726
100.csv;04:29:05.895-2024/09/05;97;18,97,244,18,12,0,0,10,9,31,32,0,0,3,3,1,1,0.015417639557754822,0.031022198,0.015604558940494232
160.csv;08:23:07.096-2024/12/05;892;1,892,686,1,4,0,0,4,7,28,31,0,0,4,3,1,1,0.015417639557754822,0.03101862,0.01560098079916256
160.csv;07:22:53.297-2024/12/05;983;15,983,785,15,10,0,0,13,11,30,30,0,0,4,4,0,0,0.015417639557754822,0.03099919,0.015581549684965782
160.csv;09:09:57.638-2024/12/05;347;0,347,423,0,3,0,0,1,5,29,31,0,0,4,4,0,0,0.015417639557754822,0.030998278,0.015580638851487808
160.csv;07:53:23.917-2024/12/05;750;6,750,641,6,5,0,0,1,5,29,30,0,0,4,3,0,0,0.015417639557754822,0.030996282,0.015578642095887833
160.csv;09:40:14.881-2024/12/05;823;10,823,739,10,8,0,0,4,6,30,30,0,0,4,3,1,1,0.015417639557754822,0.030981932,0.015564292277658157
160.csv;08:15:35.393-2024/12/05;777;15,777,644,15,10,0,0,11,11,28,30,0,0,4,3,0,0,0.015417639557754822,0.03097213,0.015554491038882904
160.csv;07:14:41.357-2024/12/05;941;15,941,750,15,10,0,0,12,11,29,29,0,0,4,3,0,0,0.015417639557754822,0.03096921,0.01555157041128891
160.csv;07:13:59.950-2024/12/05;897;5,897,882,5,5,0,0,4,5,28,31,1,1,3,4,0,0,0.015417639557754822,0.030953951,0.01553631162222641
160.csv;09:09:57.759-2024/12/05;359;0,359,430,0,3,0,0,2,6,29,32,0,0,4,4,0,0,0.015417639557754822,0.030951014,0.015533374230826073
160.csv;06:51:40.454-2024/12/05;67;5,67,293,5,5,0,0,13,10,30,30,0,0,4,4,0,0,0.015417639557754822,0.030950228,0.015532588194573097
160.csv;08:31:04.067-2024/12/05;461;10,461,526,10,8,0,0,1,5,30,32,0,0,4,3,0,0,0.015417639557754822,0.030949205,0.01553156560238617
160.csv;06:58:26.426-2024/12/05;728;15,728,642,15,10,0,0,11,9,28,32,0,0,4,4,0,0,0.015417639557754822,0.030937713,0.015520073081815414
160.csv;09:03:52.217-2024/12/05;668;12,668,635,12,10,0,0,5,7,30,32,0,0,4,3,0,0,0.015417639557754822,0.030926025,0.01550838498350399
160.csv;09:41:08.637-2024/12/05;55;1,55,332,1,4,0,0,3,7,31,31,0,0,4,4,0,0,0.015417639557754822,0.030920565,0.015502925570571594
136.csv;18:52:16.336-2024/01/16;288;10,288,245,10,11,1,1,10,10,18,26,1,1,2,3,0,0,0.015417639557754822,0.030916294,0.015498654525244408
157.csv;04:18:11.108-2024/10/29;178;2,178,73,2,4,1,1,13,13,17,21,1,1,2,3,0,0,0.015417639557754822,0.030914651,0.015497011672222786
160.csv;09:39:53.434-2024/12/05;726;16,726,672,16,10,0,0,15,12,29,32,0,0,4,4,1,1,0.015417639557754822,0.03091292,0.01549528127487915
160.csv;08:23:06.962-2024/12/05;879;0,879,696,0,3,0,0,15,12,28,29,0,0,4,4,1,1,0.015417639557754822,0.030894823,0.015477183814609222
136.csv;18:51:51.608-2024/01/16;887;16,887,913,16,14,1,1,6,6,20,27,1,1,2,2,1,1,0.015417639557754822,0.03088968,0.015472041051352196
160.csv;08:22:17.755-2024/12/05;54;5,54,270,5,5,0,0,4,6,28,27,0,0,4,4,0,0,0.015417639557754822,0.030888997,0.015471357460582428
160.csv;06:42:29.467-2024/12/05;264;16,264,382,16,10,0,0,5,7,28,31,0,0,4,4,0,0,0.015417639557754822,0.030870082,0.015452442299091988
160.csv;09:18:37.269-2024/12/05;86;1,86,229,1,3,0,0,5,7,29,30,0,0,4,4,0,0,0.015417639557754822,0.030854784,0.015437144394481354
158.csv;08:11:33.962-2024/12/06;694;10,694,640,10,8,0,0,1,5,29,31,0,0,4,3,1,1,0.015417639557754822,0.03084799,0.015430351327622108
160.csv;07:38:26.181-2024/12/05;64;10,64,335,10,8,0,0,13,10,30,29,0,0,4,4,0,0,0.015417639557754822,0.030835226,0.015417586620414429
160.csv;06:59:20.441-2024/12/05;1010;0,1010,823,0,3,0,0,13,10,30,30,0,0,4,4,0,0,0.015417639557754822,0.030829873,0.015412233378255539
158.csv;08:03:23.161-2024/12/06;766;7,766,668,7,6,0,0,13,11,28,31,0,0,4,3,0,0,0.015417639557754822,0.03082864,0.015411000307166748
160.csv;07:22:22.907-2024/12/05;1016;15,1016,797,15,10,0,0,4,7,28,30,0,0,4,4,0,0,0.015417639557754822,0.030828247,0.01541060728904026
160.csv;07:36:46.905-2024/12/05;376;15,376,425,15,9,0,0,14,12,30,29,0,0,4,4,1,1,0.015417639557754822,0.03080652,0.015388879533374481
160.csv;09:25:17.717-2024/12/05;195;0,195,372,0,3,0,0,12,11,30,32,0,0,4,3,1,1,0.015417639557754822,0.030804357,0.015386717002356224
160.csv;08:23:07.276-2024/12/05;910;7,910,693,7,7,0,0,3,5,28,30,0,0,4,3,0,0,0.015417639557754822,0.03080345,0.015385809894168549
160.csv;07:22:53.497-2024/12/05;1004;0,1004,837,0,3,0,0,15,11,28,29,0,0,4,4,0,0,0.015417639557754822,0.030768918,0.015351278315746956
158.csv;08:12:04.392-2024/12/06;665;12,665,620,12,9,0,0,6,8,30,32,0,0,4,3,1,1,0.015417639557754822,0.03076476,0.015347120891773872
160.csv;09:17:43.936-2024/12/05;896;15,896,784,15,10,0,0,7,8,29,30,0,0,4,4,1,1,0.015417639557754822,0.030758552,0.015340912695491486
160.csv;09:34:15.953-2024/12/05;770;10,770,691,10,9,0,0,2,5,30,30,0,0,4,3,1,1,0.015417639557754822,0.030753639,0.015335999037587814
160.csv;06:59:20.391-2024/12/05;1005;5,1005,857,5,6,0,0,14,10,28,30,0,0,4,4,1,1,0.015417639557754822,0.030752892,0.015335252116882973
160.csv;07:36:26.706-2024/12/05;404;16,404,432,16,10,0,0,6,7,29,30,0,0,4,4,1,1,0.015417639557754822,0.030750984,0.01533334476825016
160.csv;07:22:53.491-2024/12/05;1003;5,1003,751,5,5,0,0,11,10,28,27,0,0,4,4,1,1,0.015417639557754822,0.030737149,0.015319509040081673
160.csv;07:22:22.847-2024/12/05;1011;0,1011,707,0,3,0,0,13,11,28,30,0,0,4,4,1,1,0.015417639557754822,0.030729216,0.015311576034391098
160.csv;06:43:16.717-2024/12/05;893;15,893,704,15,10,0,0,1,5,28,29,0,0,4,4,0,0,0.015417639557754822,0.030717313,0.015299673731887512
160.csv;07:14:09.608-2024/12/05;839;2,839,776,2,3,0,0,11,11,28,30,1,1,3,4,1,1,0.015417639557754822,0.03068745,0.015269809942209892
160.csv;09:32:53.956-2024/12/05;762;15,762,714,15,10,0,0,14,11,30,31,0,0,4,4,1,1,0.015417639557754822,0.030664684,0.015247044693195991
160.csv;07:14:05.962-2024/12/05;474;3,474,512,3,4,0,0,15,14,28,30,1,1,3,4,0,0,0.015417639557754822,0.030664152,0.015246511976683311
158.csv;08:10:48.148-2024/12/06;209;0,209,316,0,3,0,0,2,5,28,31,0,0,4,4,0,0,0.015417639557754822,0.03066328,0.015245640258753471
160.csv;07:22:22.527-2024/12/05;978;15,978,799,15,11,0,0,7,8,28,29,0,0,4,3,1,1,0.015417639557754822,0.030658046,0.015240406225884132
160.csv;06:58:29.699-2024/12/05;32;0,32,258,0,3,0,0,6,7,28,30,0,0,4,4,1,1,0.015417639557754822,0.030656759,0.015239119138086014
160.csv;08:23:07.404-2024/12/05;923;0,923,701,0,4,0,0,7,8,28,31,0,0,4,3,0,0,0.015417639557754822,0.03065241,0.01523476986166256
160.csv;09:10:56.432-2024/12/05;82;5,82,319,5,5,0,0,2,6,30,30,0,0,4,4,1,1,0.015417639557754822,0.030651134,0.015233493949735336
160.csv;07:14:05.488-2024/12/05;426;15,426,484,15,10,0,0,4,6,28,32,0,0,4,3,1,1,0.015417639557754822,0.03064939,0.015231750513875656
158.csv;08:03:22.996-2024/12/06;749;15,749,638,15,10,0,0,14,11,28,31,0,0,4,4,1,1,0.015417639557754822,0.030631896,0.015214256550634079
160.csv;08:38:46.510-2024/12/05;625;17,625,557,17,11,0,0,12,11,28,31,0,0,4,4,0,0,0.015417639557754822,0.030629052,0.015211412291491203
103.csv;04:06:12.580-2024/09/04;475;0,475,489,0,3,0,0,2,6,31,31,0,0,4,4,0,0,0.015417639557754822,0.03062439,0.015206750090682678
157.csv;04:04:22.132-2024/10/29;224;3,224,237,3,4,1,1,11,12,29,30,1,1,3,3,1,1,0.015417639557754822,0.030603908,0.015186268444621735
101.csv;10:08:36.881-2024/09/06;80;0,80,127,0,2,1,1,10,9,25,29,0,0,2,3,0,0,0.015417639557754822,0.030591084,0.01517344413276928
160.csv;06:57:31.987-2024/12/05;404;15,404,459,15,10,0,0,11,10,28,31,0,0,4,4,1,1,0.015417639557754822,0.03058154,0.01516389993902462
160.csv;07:53:23.696-2024/12/05;727;16,727,677,16,11,0,0,13,11,28,32,0,0,4,4,0,0,0.015417639557754822,0.030577226,0.015159586052859001
160.csv;07:36:48.916-2024/12/05;577;15,577,557,15,9,0,0,3,6,28,31,0,0,4,4,0,0,0.015417639557754822,0.030571697,0.015154057722056084
160.csv;06:50:37.622-2024/12/05;952;0,952,783,0,3,0,0,5,6,31,31,0,0,4,4,1,1,0.015417639557754822,0.03056341,0.015145770813787155
158.csv;08:17:45.844-2024/12/06;1018;15,1018,767,15,11,0,0,8,9,28,29,0,0,4,4,1,1,0.015417639557754822,0.030557502,0.015139862503373794
157.csv;04:04:21.859-2024/10/29;196;8,196,144,8,10,1,1,13,14,0,6,1,1,2,3,1,1,0.015417639557754822,0.030547181,0.015129541586601906
158.csv;08:03:29.936-2024/12/06;419;15,419,435,15,10,0,0,8,9,30,33,0,0,4,4,0,0,0.015417639557754822,0.0305401,0.01512245980974453
158.csv;08:03:25.218-2024/12/06;972;0,972,805,0,3,0,0,1,5,29,30,0,0,4,4,1,1,0.015417639557754822,0.030515902,0.01509826218661087
155.csv;03:50:37.279-2024/10/29;682;16,682,604,16,10,0,0,14,11,29,30,0,0,4,4,0,0,0.015417639557754822,0.030507967,0.015090327318275146
160.csv;09:26:16.006-2024/12/05;904;0,904,780,0,3,0,0,13,11,31,30,0,0,4,3,0,0,0.015417639557754822,0.030496547,0.015078907440865211
160.csv;09:18:37.269-2024/12/05;86;0,86,258,0,4,0,0,12,10,29,29,0,0,4,4,1,1,0.015417639557754822,0.03049446,0.015076821278298073
160.csv;07:38:26.198-2024/12/05;66;0,66,335,0,4,0,0,5,7,30,30,0,0,4,4,0,0,0.015417639557754822,0.03047014,0.015052500720584564
160.csv;06:59:20.431-2024/12/05;1009;5,1009,869,5,5,0,0,0,4,28,30,0,0,4,4,0,0,0.015417639557754822,0.030465404,0.01504776401397007
160.csv;08:15:35.290-2024/12/05;767;10,767,667,10,8,0,0,0,3,28,29,0,0,4,4,1,1,0.015417639557754822,0.030463101,0.01504546178456562
158.csv;08:03:22.971-2024/12/06;747;11,747,658,11,8,0,0,15,12,28,31,0,0,4,4,1,1,0.015417639557754822,0.030462386,0.015044746528828316
160.csv;09:25:30.457-2024/12/05;445;0,445,517,0,4,0,0,0,5,30,32,0,0,4,4,1,1,0.015417639557754822,0.030450575,0.015032935495937042
160.csv;07:13:26.662-2024/12/05;640;6,640,651,6,6,0,0,4,5,29,32,1,1,3,4,0,0,0.015417639557754822,0.03044516,0.015027520786488228
160.csv;06:59:20.401-2024/12/05;1006;0,1006,850,0,3,0,0,4,7,28,31,0,0,4,4,1,1,0.015417639557754822,0.030445062,0.015027422066295319
160.csv;08:23:07.320-2024/12/05;914;11,914,729,11,9,0,0,4,6,28,30,0,0,4,3,0,0,0.015417639557754822,0.030437978,0.015020338426792793
160.csv;07:50:55.046-2024/12/05;198;18,198,327,18,11,0,0,2,5,28,29,0,0,4,4,1,1,0.015417639557754822,0.030437863,0.015020222942793541
158.csv;08:12:04.426-2024/12/06;668;16,668,604,16,10,0,0,13,11,29,32,0,0,4,3,0,0,0.015417639557754822,0.030435987,0.015018347259128265
160.csv;07:52:54.730-2024/12/05;903;10,903,716,10,8,0,0,2,5,28,30,0,0,4,3,0,0,0.015417639557754822,0.030434525,0.015016885082686119
160.csv;07:53:23.808-2024/12/05;739;5,739,720,5,6,0,0,2,5,28,30,0,0,4,3,1,1,0.015417639557754822,0.03042537,0.015007730181777649
160.csv;09:40:18.111-2024/12/05;122;5,122,198,5,6,0,0,2,4,30,28,0,0,4,4,0,0,0.015417639557754822,0.03042011,0.01500247007187622
160.csv;06:58:26.466-2024/12/05;732;15,732,655,15,11,0,0,11,10,29,30,0,0,4,3,1,1,0.015417639557754822,0.030416228,0.014998588319385223
160.csv;08:07:58.559-2024/12/05;150;5,150,351,5,5,0,0,4,7,29,31,0,0,4,3,1,1,0.015417639557754822,0.030410368,0.014992728437745743
160.csv;09:26:11.738-2024/12/05;477;0,477,528,0,3,0,0,0,5,30,33,0,0,4,3,0,0,0.015417639557754822,0.030397587,0.01497994696673172
136.csv;18:52:51.420-2024/01/16;725;0,725,692,0,2,1,1,6,8,20,27,1,1,3,4,0,0,0.015417639557754822,0.030395478,0.01497783845242279
160.csv;08:23:08.107-2024/12/05;993;5,993,754,5,5,0,0,1,5,28,28,0,0,4,3,0,0,0.015417639557754822,0.030376343,0.01495870349880474
160.csv;08:38:41.731-2024/12/05;147;16,147,304,16,11,0,0,8,9,28,31,0,0,4,4,0,0,0.015417639557754822,0.030366823,0.014949183519447021
158.csv;08:03:22.936-2024/12/06;744;0,744,651,0,3,0,0,0,5,28,30,0,0,4,4,0,0,0.015417639557754822,0.030363457,0.014945817719662361
160.csv;09:41:08.597-2024/12/05;51;1,51,271,1,3,0,0,2,5,31,30,0,0,4,4,0,0,0.015417639557754822,0.030361254,0.01494361421045082
160.csv;07:14:41.337-2024/12/05;940;0,940,794,0,3,0,0,1,5,29,29,0,0,4,4,1,1,0.015417639557754822,0.030356826,0.014939186702931099
160.csv;06:42:29.362-2024/12/05;254;0,254,298,0,3,0,0,11,10,29,30,0,0,4,3,0,0,0.015417639557754822,0.030343007,0.014925367738568954
160.csv;07:53:23.684-2024/12/05;727;0,727,604,0,3,0,0,8,9,29,32,0,0,4,3,0,0,0.015417639557754822,0.03032567,0.014908030237519913
160.csv;06:43:16.730-2024/12/05;895;0,895,711,0,4,0,0,14,11,28,30,0,0,4,4,0,0,0.015417639557754822,0.030304242,0.01488660236772316
160.csv;08:38:42.060-2024/12/05;180;15,180,270,15,11,0,0,10,9,28,29,0,0,4,3,1,1,0.015417639557754822,0.030300047,0.014882407690847092
160.csv;09:41:08.706-2024/12/05;62;0,62,326,0,3,0,0,6,7,30,30,0,0,4,4,0,0,0.015417639557754822,0.030296864,0.014879224430287056
158.csv;08:17:46.926-2024/12/06;103;0,103,326,0,3,0,0,5,7,28,31,0,0,4,3,0,0,0.015417639557754822,0.030296842,0.014879202078545265
160.csv;06:43:16.711-2024/12/05;893;0,893,707,0,4,0,0,15,12,28,29,0,0,4,4,1,1,0.015417639557754822,0.0302858,0.014868160318100624
160.csv;07:14:05.428-2024/12/05;420;16,420,492,16,10,0,0,7,8,28,31,0,0,4,3,0,0,0.015417639557754822,0.030285254,0.0148676145630719
160.csv;09:26:19.194-2024/12/05;198;10,198,326,10,7,0,0,13,11,29,31,0,0,4,3,1,1,0.015417639557754822,0.030279014,0.014861374701821976
160.csv;07:53:23.720-2024/12/05;730;10,730,610,10,8,0,0,2,5,28,30,0,0,4,3,1,1,0.015417639557754822,0.030273316,0.014855676870310478
158.csv;08:03:32.113-2024/12/06;637;10,637,582,10,8,0,0,15,12,29,31,0,0,4,4,1,1,0.015417639557754822,0.03026164,0.01484399994786995
160.csv;09:32:57.085-2024/12/05;51;15,51,234,15,10,0,0,6,8,30,30,0,0,4,4,0,0,0.015417639557754822,0.030257057,0.014839417840802841
160.csv;06:43:51.426-2024/12/05;268;15,268,262,15,10,0,0,9,9,28,30,0,0,4,4,1,1,0.015417639557754822,0.03024491,0.014827269669139557
160.csv;08:31:04.103-2024/12/05;465;3,465,531,3,4,0,0,7,8,29,32,0,0,4,3,1,1,0.015417639557754822,0.030242942,0.014825302715861969
160.csv;08:15:36.325-2024/12/05;871;0,871,689,0,3,0,0,12,11,28,30,0,0,4,4,0,0,0.015417639557754822,0.030237617,0.014819977413380318
160.csv;06:58:31.926-2024/12/05;254;16,254,372,16,10,0,0,1,6,28,31,0,0,4,3,0,0,0.015417639557754822,0.030224612,0.014806972424948387
160.csv;08:07:58.784-2024/12/05;173;0,173,349,0,3,0,0,5,7,28,31,0,0,4,4,0,0,0.015417639557754822,0.030221328,0.014803688581550293
101.csv;09:52:17.668-2024/09/06;462;5,462,468,5,6,1,1,10,11,17,25,1,1,2,2,1,1,0.015417639557754822,0.030216113,0.014798473175132446
160.csv;09:10:03.978-2024/12/05;980;15,980,832,15,11,0,0,8,9,30,29,0,0,4,3,1,1,0.015417639557754822,0.030210063,0.014792423303687744
157.csv;04:22:21.641-2024/10/29;655;3,655,730,3,1,1,1,11,12,19,27,1,1,2,3,1,1,0.015417639557754822,0.030206623,0.014788982998097115
160.csv;09:34:08.496-2024/12/05;24;17,24,218,17,9,0,0,10,10,29,30,0,0,4,4,1,1,0.015417639557754822,0.030194346,0.014776706303918533
160.csv;07:22:22.831-2024/12/05;1009;3,1009,737,3,5,0,0,6,7,28,31,0,0,4,3,1,1,0.015417639557754822,0.030181507,0.014763867090904884
160.csv;09:33:06.616-2024/12/05;1004;17,1004,778,17,11,0,0,2,5,29,31,0,0,4,3,1,1,0.015417639557754822,0.030177262,0.014759622122609787
158.csv;08:19:32.641-2024/12/06;434;11,434,453,11,8,0,0,12,11,28,31,0,0,4,3,1,1,0.015417639557754822,0.03017707,0.014759430270159416
160.csv;08:46:08.227-2024/12/05;765;10,765,655,10,8,0,0,5,7,30,31,0,0,4,3,0,0,0.015417639557754822,0.030165466,0.014747825990879707
160.csv;08:15:35.496-2024/12/05;788;0,788,631,0,4,0,0,14,12,28,30,0,0,4,3,0,0,0.015417639557754822,0.030162241,0.014744601752126388
160.csv;07:22:53.393-2024/12/05;993;12,993,725,12,9,0,0,12,11,29,31,0,0,4,4,0,0,0.015417639557754822,0.030158712,0.014741072039568596
160.csv;09:17:43.919-2024/12/05;895;0,895,725,0,4,0,0,15,11,29,30,0,0,4,4,0,0,0.015417639557754822,0.030142648,0.014725008587801628
160.csv;07:14:41.341-2024/12/05;940;5,940,826,5,6,0,0,3,5,29,31,0,0,4,3,1,1,0.015417639557754822,0.03013514,0.014717500265205078
157.csv;04:04:21.459-2024/10/29;156;8,156,131,8,9,1,1,13,13,0,6,1,1,2,3,1,1,0.015417639557754822,0.030131202,0.014713562633359604
160.csv;08:38:38.915-2024/12/05;890;5,890,725,5,6,0,0,0,4,28,30,0,0,4,4,0,0,0.015417639557754822,0.030130716,0.014713076482975655
158.csv;08:11:34.227-2024/12/06;721;5,721,662,5,5,0,0,1,4,28,32,0,0,4,3,1,1,0.015417639557754822,0.030126495,0.014708855729067497
160.csv;08:47:23.921-2024/12/05;142;16,142,217,16,13,0,0,9,9,30,32,1,1,3,3,0,0,0.015417639557754822,0.030118586,0.014700946937763863
160.csv;06:50:40.988-2024/12/05;264;15,264,342,15,10,0,0,13,11,28,30,0,0,4,4,0,0,0.015417639557754822,0.030113924,0.014696284736955337
160.csv;09:41:10.741-2024/12/05;265;10,265,310,10,8,0,0,1,5,29,31,0,0,4,4,1,1,0.015417639557754822,0.030110717,0.014693077262008362
160.csv;06:49:58.159-2024/12/05;77;15,77,254,15,10,0,0,9,9,29,30,0,0,4,3,1,1,0.015417639557754822,0.030108385,0.014690745230281525
160.csv;07:22:55.385-2024/12/05;168;15,168,287,15,10,0,0,1,5,30,29,0,0,4,4,0,0,0.015417639557754822,0.030098286,0.014680645968282394
160.csv;06:50:32.060-2024/12/05;396;0,396,421,0,2,0,0,0,4,30,30,0,0,4,4,0,0,0.015417639557754822,0.030079314,0.014661674927437477
158.csv;08:18:10.226-2024/12/06;385;0,385,375,0,1,0,0,10,11,28,29,1,1,3,4,0,0,0.015417639557754822,0.030071136,0.014653496052587204
160.csv;06:58:27.624-2024/12/05;848;5,848,704,5,6,0,0,13,11,29,32,0,0,4,4,1,1,0.015417639557754822,0.03006999,0.014652350525820427
160.csv;07:52:54.774-2024/12/05;908;0,908,741,0,3,0,0,3,5,28,31,0,0,4,4,1,1,0.015417639557754822,0.030068388,0.014650748650992088
160.csv;09:18:37.312-2024/12/05;90;5,90,306,5,6,0,0,0,4,29,30,0,0,4,4,0,0,0.015417639557754822,0.030061433,0.01464379353400486
160.csv;08:23:07.284-2024/12/05;910;17,910,691,17,11,0,0,9,9,28,31,0,0,4,4,1,1,0.015417639557754822,0.030061224,0.014643584917748146
158.csv;08:17:45.559-2024/12/06;990;5,990,783,5,4,0,0,1,4,30,30,0,0,4,4,1,1,0.015417639557754822,0.030059164,0.014641524832213097
160.csv;08:05:15.134-2024/12/05;192;0,192,294,0,2,0,0,13,11,29,28,0,0,4,3,0,0,0.015417639557754822,0.03005092,0.0146332807647826
160.csv;09:09:57.575-2024/12/05;340;11,340,375,11,7,0,0,13,11,30,32,0,0,4,4,1,1,0.015417639557754822,0.030049428,0.014631788786018066
158.csv;08:03:29.976-2024/12/06;423;16,423,448,16,11,0,0,9,9,30,32,0,0,4,3,1,1,0.015417639557754822,0.030045856,0.014628216232621841
160.csv;06:58:39.976-2024/12/05;35;10,35,327,10,7,0,0,7,8,28,30,0,0,4,4,0,0,0.015417639557754822,0.030035902,0.014618262256944351
158.csv;08:03:26.170-2024/12/06;43;5,43,313,5,5,0,0,7,7,29,29,0,0,4,4,0,0,0.015417639557754822,0.030031094,0.014613454769814186
160.csv;08:23:07.352-2024/12/05;917;15,917,743,15,10,0,0,5,7,28,31,0,0,4,3,1,1,0.015417639557754822,0.030001616,0.014583976547682457
160.csv;07:22:22.579-2024/12/05;984;0,984,748,0,4,0,0,14,11,28,30,0,0,4,4,0,0,0.015417639557754822,0.029994007,0.014576367642247848
160.csv;09:26:13.894-2024/12/05;692;15,692,623,15,12,0,0,5,7,31,30,0,0,4,3,1,1,0.015417639557754822,0.02999309,0.014575451220834427
160.csv;09:10:59.613-2024/12/05;400;5,400,338,5,5,0,0,5,6,30,28,0,0,4,4,0,1,0.015417639557754822,0.029991329,0.014573689158523254
136.csv;18:53:25.840-2024/01/16;71;0,71,278,0,4,1,1,2,7,30,29,1,1,4,4,0,0,0.015417639557754822,0.029969836,0.014552196096146278
160.csv;06:59:20.281-2024/12/05;994;0,994,855,0,3,0,0,6,7,29,31,0,0,4,4,0,0,0.015417639557754822,0.029967513,0.014549873377645187
160.csv;07:14:05.692-2024/12/05;447;10,447,490,10,8,0,0,4,4,28,31,1,1,3,4,1,1,0.015417639557754822,0.029966496,0.014548856373393707
160.csv;09:09:57.718-2024/12/05;355;0,355,392,0,2,0,0,15,12,29,30,0,0,4,4,1,1,0.015417639557754822,0.029938996,0.014521356280410461
158.csv;08:19:32.644-2024/12/06;434;12,434,460,12,8,0,0,13,11,28,31,0,0,4,4,1,1,0.015417639557754822,0.029935904,0.014518264289462738
160.csv;08:23:07.320-2024/12/05;914;10,914,720,10,7,0,0,3,6,28,31,0,0,4,4,1,1,0.015417639557754822,0.02993504,0.014517400022113495
101.csv;09:55:25.159-2024/09/06;779;5,779,843,5,5,1,1,10,10,19,26,1,1,2,2,1,1,0.015417639557754822,0.029931687,0.014514047260844879
160.csv;07:22:55.387-2024/12/05;169;0,169,211,0,3,0,0,3,7,30,29,0,0,4,3,1,1,0.015417639557754822,0.029928427,0.014510787631833725
160.csv;08:23:07.352-2024/12/05;918;0,918,695,0,4,0,0,10,10,28,30,0,0,4,3,0,0,0.015417639557754822,0.02991002,0.014492380972469025
160.csv;09:03:22.494-2024/12/05;768;12,768,697,12,9,0,0,9,9,30,32,0,0,4,3,1,1,0.015417639557754822,0.02990661,0.014488970469200783
158.csv;08:18:08.026-2024/12/06;165;0,165,303,0,2,0,0,5,6,29,30,0,0,4,4,1,1,0.015417639557754822,0.029894322,0.014476682599151306
160.csv;08:15:35.505-2024/12/05;789;1,789,681,1,3,0,0,0,5,28,30,0,0,4,4,1,1,0.015417639557754822,0.029888896,0.014471256713831596
160.csv;06:43:16.915-2024/12/05;913;10,913,802,10,7,0,0,2,5,28,30,0,0,4,4,0,0,0.015417639557754822,0.029876886,0.014459246377909355
160.csv;08:46:08.087-2024/12/05;751;7,751,611,7,6,0,0,8,8,30,32,0,0,4,3,1,1,0.015417639557754822,0.029860642,0.014443002249562912
158.csv;08:10:44.645-2024/12/06;883;0,883,747,0,3,0,0,2,6,28,32,0,0,4,4,0,0,0.015417639557754822,0.029853143,0.014435503240192108
158.csv;08:03:23.038-2024/12/06;754;0,754,612,0,2,0,0,1,6,28,29,0,0,4,4,1,1,0.015417639557754822,0.029848782,0.014431142787897758
136.csv;18:53:49.888-2024/01/16;428;0,428,457,0,2,1,1,7,9,30,32,1,1,3,4,0,0,0.015417639557754822,0.029843949,0.014426309223735504
160.csv;09:17:34.429-2024/12/05;970;0,970,794,0,2,0,0,1,5,29,30,0,0,4,4,1,1,0.015417639557754822,0.029831968,0.01441432869013565
160.csv;06:43:51.437-2024/12/05;269;15,269,373,15,11,0,0,5,7,28,31,0,0,4,4,1,1,0.015417639557754822,0.02979659,0.014378949608171158
157.csv;04:07:42.425-2024/10/29;797;10,797,663,10,8,0,0,15,12,30,30,0,0,4,4,1,1,0.015417639557754822,0.029785182,0.014367542769277267
160.csv;07:14:05.175-2024/12/05;395;15,395,471,15,9,0,0,3,6,29,32,0,0,4,4,0,0,0.015417639557754822,0.029767172,0.014349532853329353
158.csv;08:03:26.178-2024/12/06;44;1,44,324,1,3,0,0,12,10,28,30,0,0,4,4,0,0,0.015417639557754822,0.02976697,0.014349329825008087
157.csv;04:04:21.548-2024/10/29;165;8,165,204,8,7,1,1,12,12,28,31,1,1,3,3,1,1,0.015417639557754822,0.029762488,0.014344848300779037
158.csv;08:11:34.188-2024/12/06;717;0,717,630,0,3,0,0,1,5,28,30,0,0,4,4,0,0,0.015417639557754822,0.029743126,0.014325486104452782
160.csv;09:41:39.438-2024/12/05;63;6,63,230,6,7,0,0,3,5,30,30,0,0,4,3,1,1,0.015417639557754822,0.029730951,0.014313311855757408
160.csv;09:34:10.555-2024/12/05;230;15,230,308,15,10,0,0,2,5,29,31,0,0,4,4,0,0,0.015417639557754822,0.029723331,0.014305691774451904
158.csv;08:19:32.363-2024/12/06;406;15,406,447,15,11,0,0,10,10,28,30,0,0,4,3,1,1,0.015417639557754822,0.02972229,0.014304650555813484
160.csv;08:55:13.232-2024/12/05;994;0,994,856,0,3,0,0,9,9,30,28,0,0,4,4,1,1,0.015417639557754822,0.029703261,0.01428562177296894
160.csv;07:37:48.881-2024/12/05;430;10,430,442,10,10,0,0,9,10,28,30,1,1,3,4,1,1,0.015417639557754822,0.02970001,0.014282369594538383
160.csv;06:58:32.432-2024/12/05;305;6,305,379,6,5,0,0,10,11,29,32,1,1,3,4,0,0,0.015417639557754822,0.029691672,0.014274032394850426
160.csv;09:17:31.297-2024/12/05;657;0,657,621,0,3,0,0,11,10,29,31,0,0,4,3,0,0,0.015417639557754822,0.029691497,0.014273857306206398
160.csv;08:15:35.243-2024/12/05;763;0,763,702,0,2,0,0,2,5,28,29,0,0,4,4,1,1,0.015417639557754822,0.02966956,0.014251920934283905
158.csv;08:17:45.856-2024/12/06;1020;0,1020,803,0,3,0,0,11,10,28,29,0,0,4,3,1,1,0.015417639557754822,0.029666284,0.014248644541466408
157.csv;04:19:59.543-2024/10/29;781;6,781,750,6,6,1,1,15,13,31,31,1,1,3,3,1,1,0.015417639557754822,0.029663641,0.014246001447999649
160.csv;08:23:13.073-2024/12/05;466;0,466,514,0,2,0,0,15,11,30,30,0,0,4,4,1,1,0.015417639557754822,0.029657606,0.01423996647771614
160.csv;07:53:23.724-2024/12/05;730;16,730,614,16,11,0,0,6,8,28,30,0,0,4,4,0,0,0.015417639557754822,0.02965068,0.0142330411630513
160.csv;06:58:40.998-2024/12/05;137;15,137,195,15,12,0,0,1,4,28,30,1,1,4,3,1,1,0.015417639557754822,0.029644683,0.014227043445670776
160.csv;09:17:31.184-2024/12/05;645;10,645,555,10,8,0,0,14,11,30,31,0,0,4,3,1,1,0.015417639557754822,0.029638968,0.014221328850352936
158.csv;08:19:32.366-2024/12/06;407;1,407,421,1,3,0,0,0,5,28,30,0,0,4,4,0,0,0.015417639557754822,0.029637875,0.014220235477650337
160.csv;09:41:10.721-2024/12/05;263;11,263,332,11,7,0,0,13,11,29,32,0,0,4,4,0,0,0.015417639557754822,0.029635958,0.014218318815791779
160.csv;08:15:35.367-2024/12/05;775;6,775,637,6,6,0,0,14,11,28,31,0,0,4,4,1,1,0.015417639557754822,0.029632773,0.014215133692586594
160.csv;07:44:38.991-2024/12/05;481;6,481,483,6,6,0,0,13,12,28,31,1,1,3,4,1,1,0.015417639557754822,0.02962643,0.014208789523208313
101.csv;09:54:47.620-2024/09/06;97;15,97,47,15,13,0,0,13,14,12,17,1,1,2,3,1,1,0.015417639557754822,0.029623302,0.014205662142002754
160.csv;08:38:38.418-2024/12/05;840;11,840,720,11,7,0,0,0,4,28,30,0,0,4,4,1,1,0.015417639557754822,0.029618965,0.014201325904095344
160.csv;08:23:07.296-2024/12/05;912;1,912,739,1,4,0,0,0,5,28,29,0,0,4,3,1,1,0.015417639557754822,0.0296159,0.01419825999017971
160.csv;09:18:37.302-2024/12/05;89;10,89,310,10,7,0,0,13,10,29,31,0,0,4,4,1,1,0.015417639557754822,0.029615024,0.014197384546959572
160.csv;09:18:37.227-2024/12/05;82;1,82,298,1,4,0,0,13,10,29,30,0,0,4,4,0,0,0.015417639557754822,0.02961147,0.014193830620014839
160.csv;06:58:30.815-2024/12/05;143;12,143,323,12,9,0,0,12,11,28,32,0,0,4,4,1,1,0.015417639557754822,0.029609624,0.014191984738671951
160.csv;08:22:17.588-2024/12/05;37;10,37,207,10,9,0,0,6,7,28,31,1,1,3,3,1,1,0.015417639557754822,0.029607961,0.014190321396553688
160.csv;09:25:30.461-2024/12/05;445;6,445,517,6,6,0,0,4,6,30,32,0,0,4,3,0,0,0.015417639557754822,0.0296063,0.014188659917080574
160.csv;08:31:01.474-2024/12/05;202;5,202,365,5,5,0,0,5,7,30,32,0,0,4,3,0,0,0.015417639557754822,0.029590879,0.014173239077890091
160.csv;06:51:25.071-2024/12/05;577;0,577,561,0,2,0,0,1,5,30,31,0,0,4,4,0,0,0.015417639557754822,0.029590439,0.014172799493634872
160.csv;09:17:37.613-2024/12/05;264;10,264,360,10,8,0,0,0,4,29,31,0,0,4,4,1,1,0.015417639557754822,0.029583277,0.01416563762303608
160.csv;06:42:28.375-2024/12/05;155;5,155,201,5,5,0,0,8,9,30,27,0,0,4,4,1,1,0.015417639557754822,0.02957485,0.014157211016380958
160.csv;07:14:41.552-2024/12/05;961;10,961,787,10,8,0,0,0,3,28,33,1,1,3,3,0,0,0.015417639557754822,0.029567052,0.014149412121141128
160.csv;08:38:38.931-2024/12/05;891;15,891,724,15,9,0,0,2,5,28,30,0,0,4,4,1,1,0.015417639557754822,0.029564572,0.014146932940447502
160.csv;06:48:43.052-2024/12/05;759;5,759,719,5,4,0,0,0,4,30,30,0,0,4,4,0,0,0.015417639557754822,0.029556124,0.01413848398205059
160.csv;06:58:26.346-2024/12/05;720;10,720,704,10,9,0,0,4,5,28,31,1,1,3,4,1,1,0.015417639557754822,0.029555485,0.014137845094764404
160.csv;07:52:54.853-2024/12/05;915;15,915,724,15,10,0,0,10,9,28,30,0,0,4,4,1,1,0.015417639557754822,0.029535307,0.014117667059862785
160.csv;07:13:06.496-2024/12/05;671;16,671,632,16,11,0,0,9,9,29,31,0,0,4,3,0,0,0.015417639557754822,0.029534517,0.014116877298319511
160.csv;07:52:54.730-2024/12/05;903;6,903,712,6,6,0,0,15,12,28,29,0,0,4,3,1,1,0.015417639557754822,0.029532833,0.014115193467104607
160.csv;08:15:35.400-2024/12/05;778;16,778,671,16,11,0,0,8,8,28,31,0,0,4,3,1,1,0.015417639557754822,0.029532038,0.014114398117625885
160.csv;09:22:58.246-2024/12/05;584;0,584,563,0,3,0,0,15,11,30,30,0,0,4,4,0,0,0.015417639557754822,0.029528541,0.014110901932680778
160.csv;08:46:08.291-2024/12/05;771;16,771,721,16,10,0,0,4,6,29,32,0,0,4,4,1,1,0.015417639557754822,0.02952457,0.014106930773222618
158.csv;08:03:23.948-2024/12/06;845;0,845,683,0,3,0,0,1,6,28,31,0,0,4,4,0,0,0.015417639557754822,0.029524378,0.014106738920772247
157.csv;04:04:22.139-2024/10/29;224;8,224,271,8,7,1,1,8,9,29,31,1,1,3,4,0,0,0.015417639557754822,0.029515985,0.014098345841729813
160.csv;07:22:53.293-2024/12/05;983;10,983,786,10,8,0,0,11,10,30,29,0,0,4,3,0,0,0.015417639557754822,0.029504074,0.01408643422600048
160.csv;07:15:17.336-2024/12/05;443;15,443,457,15,11,0,0,5,7,29,31,0,0,4,3,0,0,0.015417639557754822,0.029498033,0.014080393667781525
160.csv;08:15:35.468-2024/12/05;785;10,785,682,10,8,0,0,12,11,28,31,0,0,4,3,1,1,0.015417639557754822,0.029493084,0.014075444619620018
160.csv;09:28:22.801-2024/12/05;271;10,271,370,10,7,0,0,0,4,29,31,0,0,4,4,1,1,0.015417639557754822,0.029487997,0.014070357735717468
158.csv;08:03:22.965-2024/12/06;746;16,746,681,16,11,0,0,9,9,28,31,0,0,4,3,1,1,0.015417639557754822,0.02946879,0.014051150138938599
160.csv;07:22:53.602-2024/12/05;1014;6,1014,813,6,6,0,0,15,11,30,30,0,0,4,4,1,1,0.015417639557754822,0.029465485,0.014047845806443863
160.csv;08:47:43.221-2024/12/05;24;15,24,218,15,10,0,0,0,4,30,28,1,1,4,4,1,1,0.015417639557754822,0.029464528,0.014046888406837158
160.csv;06:58:31.918-2024/12/05;253;16,253,367,16,11,0,0,10,10,28,31,0,0,4,4,0,0,0.015417639557754822,0.029461121,0.014043481628859215
160.csv;09:17:34.429-2024/12/05;970;1,970,778,1,3,0,0,2,5,29,32,0,0,4,4,1,1,0.015417639557754822,0.029458314,0.014040674622619324
160.csv;09:41:14.822-2024/12/05;673;10,673,594,10,11,0,0,2,3,30,31,1,1,2,3,0,0,0.015417639557754822,0.02943739,0.014019749667012863
136.csv;18:52:46.764-2024/01/16;259;10,259,252,10,10,1,1,4,4,20,26,1,1,2,3,0,0,0.015417639557754822,0.029435394,0.014017754774058037
160.csv;09:03:21.421-2024/12/05;661;0,661,638,0,1,0,0,0,3,29,31,1,1,3,3,0,0,0.015417639557754822,0.029435247,0.014017607625091247
160.csv;09:17:37.558-2024/12/05;258;15,258,386,15,11,0,0,13,11,30,30,0,0,4,4,0,0,0.015417639557754822,0.029422306,0.01400466596659439
160.csv;06:58:30.566-2024/12/05;118;11,118,295,11,8,0,0,2,5,28,31,0,0,4,4,0,0,0.015417639557754822,0.029419828,0.014002188648545914
160.csv;06:59:22.557-2024/12/05;197;13,197,317,13,8,0,0,3,6,29,31,0,0,4,3,0,0,0.015417639557754822,0.02941067,0.013993030022347145
158.csv;08:03:23.000-2024/12/06;750;0,750,670,0,3,0,0,0,5,28,31,0,0,4,4,1,1,0.015417639557754822,0.029407103,0.013989463056886368
157.csv;04:04:21.214-2024/10/29;132;3,132,108,3,3,1,1,11,11,8,13,1,1,2,3,1,1,0.015417639557754822,0.02940336,0.013985721002781563
160.csv;07:14:06.133-2024/12/05;491;11,491,529,11,8,0,0,14,11,28,31,0,0,4,4,1,1,0.015417639557754822,0.029398581,0.013980941455328636
160.csv;06:50:32.116-2024/12/05;401;10,401,468,10,7,0,0,15,12,28,31,0,0,4,3,1,1,0.015417639557754822,0.029386396,0.013968756030762367
157.csv;04:04:21.987-2024/10/29;209;8,209,214,8,7,1,1,11,12,28,30,1,1,3,3,0,0,0.015417639557754822,0.029371822,0.013954182695114784
158.csv;08:11:33.875-2024/12/06;685;16,685,624,16,11,0,0,3,6,29,30,0,0,4,3,0,0,0.015417639557754822,0.029359719,0.013942079226935081
160.csv;07:22:22.911-2024/12/05;1017;5,1017,800,5,6,0,0,5,8,28,30,0,0,4,3,1,1,0.015417639557754822,0.029358706,0.0139410659479739
136.csv;18:51:46.836-2024/01/16;410;16,410,397,16,12,1,1,11,12,17,29,1,1,3,3,0,0,0.015417639557754822,0.029355759,0.013938119243347816
160.csv;09:26:15.986-2024/12/05;901;15,901,645,15,10,0,0,14,12,31,30,0,0,4,4,0,0,0.015417639557754822,0.029353999,0.013936359043681793
103.csv;04:36:57.595-2024/09/04;657;0,657,632,0,3,0,0,5,7,31,32,0,0,4,4,0,0,0.015417639557754822,0.029350735,0.01393309568938034
160.csv;09:41:08.700-2024/12/05;61;5,61,330,5,5,0,0,15,12,30,28,0,0,4,4,0,0,0.015417639557754822,0.029349416,0.013931776936614685
160.csv;08:23:07.130-2024/12/05;895;12,895,710,12,9,0,0,2,5,28,30,0,0,4,4,1,1,0.015417639557754822,0.029332455,0.013914815689885788
160.csv;09:10:52.183-2024/12/05;681;10,681,658,10,8,0,0,13,11,30,31,0,0,4,3,1,1,0.015417639557754822,0.02932272,0.013905079643690758
158.csv;08:17:45.543-2024/12/06;988;15,988,820,15,10,0,0,10,9,30,31,0,0,4,4,1,1,0.015417639557754822,0.02931479,0.013897150363290482
160.csv;07:30:37.919-2024/12/05;342;5,342,367,5,5,0,0,3,6,29,30,0,0,4,4,1,1,0.015417639557754822,0.029311214,0.013893574084603958
160.csv;06:58:26.586-2024/12/05;744;15,744,681,15,11,0,0,11,9,28,30,0,0,4,4,1,1,0.015417639557754822,0.029297601,0.013879961873853378
160.csv;07:29:11.858-2024/12/05;952;2,952,768,2,4,0,0,13,11,28,31,0,0,4,4,1,1,0.015417639557754822,0.029278288,0.013860648106301002
160.csv;08:46:08.227-2024/12/05;765;11,765,672,11,8,0,0,6,8,30,31,0,0,4,3,0,0,0.015417639557754822,0.029275872,0.01385823225554245
136.csv;18:51:46.664-2024/01/16;393;10,393,398,10,10,1,1,10,10,16,22,1,1,2,3,1,1,0.015417639557754822,0.029273974,0.013856334220135384
160.csv;09:41:08.656-2024/12/05;57;1,57,262,1,3,0,0,13,11,30,31,0,0,3,3,0,0,0.015417639557754822,0.029270438,0.013852798919642143
160.csv;08:30:28.349-2024/12/05;985;15,985,868,15,11,0,0,0,5,28,30,1,1,4,4,0,0,0.015417639557754822,0.02926903,0.013851390759909325
160.csv;09:32:53.956-2024/12/05;763;0,763,707,0,4,0,0,15,11,30,29,0,0,4,4,1,1,0.015417639557754822,0.029266069,0.013848429154122047
160.csv;07:36:47.843-2024/12/05;470;15,470,497,15,10,0,0,13,11,28,31,0,0,4,4,1,1,0.015417639557754822,0.029242456,0.013824816401565247
160.csv;09:40:18.077-2024/12/05;119;0,119,230,0,4,0,0,10,9,30,29,0,0,4,4,1,1,0.015417639557754822,0.029234685,0.013817045446002655
160.csv;09:03:26.711-2024/12/05;166;0,166,282,0,4,0,0,14,10,29,29,0,0,4,4,1,1,0.015417639557754822,0.029229555,0.013811915721261673
160.csv;08:23:18.318-2024/12/05;990;10,990,915,10,9,0,0,7,8,29,31,1,1,3,4,1,1,0.015417639557754822,0.029225541,0.01380790172096508
160.csv;09:03:52.214-2024/12/05;668;10,668,650,10,8,0,0,2,4,30,32,0,0,4,3,1,1,0.015417639557754822,0.029212749,0.013795109074080162
160.csv;08:38:46.510-2024/12/05;625;15,625,579,15,10,0,0,6,7,28,31,0,0,4,3,1,1,0.015417639557754822,0.029210415,0.013792775179708176
160.csv;07:38:26.061-2024/12/05;52;11,52,228,11,10,0,0,1,3,30,31,1,1,3,3,0,0,0.015417639557754822,0.029208528,0.013790888320172005
160.csv;09:03:52.246-2024/12/05;671;15,671,658,15,10,0,0,10,10,30,31,0,0,4,3,1,1,0.015417639557754822,0.029194362,0.013776722903812103
160.csv;06:58:26.603-2024/12/05;746;10,746,662,10,8,0,0,0,4,28,29,0,0,4,4,0,0,0.015417639557754822,0.02917472,0.013757081310713463
160.csv;08:38:41.747-2024/12/05;149;10,149,297,10,8,0,0,3,6,28,31,0,0,4,4,1,1,0.015417639557754822,0.029160673,0.013743033240997963
160.csv;07:53:23.764-2024/12/05;734;15,734,620,15,11,0,0,4,7,28,30,0,0,4,4,0,0,0.015417639557754822,0.029158978,0.013741338233912163
160.csv;09:10:23.110-2024/12/05;845;17,845,870,17,14,0,0,1,3,30,31,0,0,3,2,1,1,0.015417639557754822,0.02915401,0.013736370559299164
160.csv;06:51:40.596-2024/12/05;81;10,81,252,10,7,0,0,2,5,29,29,0,0,4,4,1,1,0.015417639557754822,0.029148594,0.0137309539872052
160.csv;08:23:07.412-2024/12/05;924;0,924,695,0,4,0,0,15,12,28,30,0,0,4,4,0,0,0.015417639557754822,0.029139709,0.013722069169843368
158.csv;08:11:34.155-2024/12/06;713;15,713,651,15,11,0,0,4,6,28,31,0,0,4,4,1,1,0.015417639557754822,0.029138803,0.013721163924300842
160.csv;07:53:23.680-2024/12/05;726;10,726,609,10,8,0,0,1,6,29,31,0,0,4,4,1,1,0.015417639557754822,0.02910859,0.013690949957335167
160.csv;09:18:37.237-2024/12/05;83;0,83,213,0,3,0,0,7,8,29,28,0,0,4,4,1,1,0.015417639557754822,0.029106736,0.013689096625411682
160.csv;09:03:22.526-2024/12/05;771;15,771,702,15,9,0,0,14,11,30,30,0,0,4,4,0,0,0.015417639557754822,0.029105186,0.013687546904647522
160.csv;08:23:08.151-2024/12/05;997;15,997,757,15,9,0,0,8,8,28,31,0,0,4,4,1,1,0.015417639557754822,0.029101912,0.013684272374475174
160.csv;09:26:13.926-2024/12/05;695;15,695,686,15,10,0,0,14,11,30,31,0,0,4,4,1,1,0.015417639557754822,0.029099926,0.013682286794746094
160.csv;07:14:41.395-2024/12/05;945;10,945,746,10,7,0,0,2,5,29,31,0,0,4,4,0,0,0.015417639557754822,0.029098561,0.013680921475851707
160.csv;07:13:06.464-2024/12/05;668;12,668,634,12,9,0,0,3,6,29,31,0,0,4,3,1,1,0.015417639557754822,0.029097678,0.013680038582050972
160.csv;09:17:31.184-2024/12/05;645;11,645,575,11,8,0,0,3,5,30,31,0,0,4,4,0,0,0.015417639557754822,0.02909406,0.013676421325171165
160.csv;07:15:17.369-2024/12/05;447;1,447,433,1,2,0,0,1,5,28,30,0,0,4,4,1,1,0.015417639557754822,0.029093472,0.013675832729304008
160.csv;06:58:26.561-2024/12/05;742;0,742,668,0,2,0,0,3,5,29,32,0,0,4,3,1,1,0.015417639557754822,0.02908494,0.013667299951875381
108.csv;10:55:23.909-2024/10/21;596;10,596,593,10,8,0,0,15,12,31,31,0,0,4,4,0,0,0.015417639557754822,0.029082213,0.013664573039376907
157.csv;04:08:37.128-2024/10/29;123;16,123,286,16,9,0,0,14,12,28,28,0,0,4,4,1,1,0.015417639557754822,0.02907828,0.01366064099546688
160.csv;09:34:08.464-2024/12/05;21;15,21,244,15,11,0,0,1,5,30,30,1,1,4,4,0,0,0.015417639557754822,0.029077537,0.013659897800052338
160.csv;06:58:28.527-2024/12/05;938;15,938,761,15,10,0,0,5,7,28,30,0,0,4,4,1,1,0.015417639557754822,0.029071549,0.01365390939589756
157.csv;04:22:17.108-2024/10/29;202;2,202,150,2,1,1,1,12,13,23,28,1,1,2,3,1,1,0.015417639557754822,0.029070497,0.013652857001388245
160.csv;06:43:43.138-2024/12/05;463;15,463,469,15,12,0,0,7,8,28,29,0,0,4,3,1,1,0.015417639557754822,0.029062629,0.013644989188277893
160.csv;08:46:08.267-2024/12/05;769;8,769,714,8,7,0,0,1,5,29,32,0,0,4,3,0,0,0.015417639557754822,0.029060006,0.013642366583907776
160.csv;07:14:07.268-2024/12/05;604;15,604,588,15,10,0,0,15,12,28,30,0,0,4,4,0,0,0.015417639557754822,0.029058937,0.013641297425592117
158.csv;08:10:47.946-2024/12/06;189;0,189,340,0,3,0,0,0,4,29,29,0,0,4,4,0,0,0.015417639557754822,0.02905012,0.013632479663455658
160.csv;09:18:37.262-2024/12/05;85;6,85,220,6,5,0,0,11,10,29,29,0,0,4,4,1,1,0.015417639557754822,0.02904731,0.013629670794570618
160.csv;08:38:41.691-2024/12/05;144;1,144,299,1,3,0,0,10,9,28,31,0,0,4,4,1,1,0.015417639557754822,0.029031638,0.013613998498284988
160.csv;08:07:58.707-2024/12/05;165;6,165,387,6,5,0,0,3,7,28,29,0,0,4,4,0,0,0.015417639557754822,0.028995205,0.01357756515916603
160.csv;07:13:59.845-2024/12/05;886;15,886,757,15,9,0,0,0,4,29,31,0,0,4,4,0,0,0.015417639557754822,0.028993959,0.013576319049561195
160.csv;09:41:39.432-2024/12/05;62;10,62,234,10,8,0,0,13,11,30,30,0,0,4,3,1,1,0.015417639557754822,0.02899166,0.013574020545447044
160.csv;07:22:07.295-2024/12/05;479;10,479,525,10,7,0,1,15,13,30,32,0,0,3,3,1,1,0.015417639557754822,0.02898117,0.013563530127966576
158.csv;08:10:44.315-2024/12/06;849;15,849,798,15,10,0,0,10,10,29,30,0,0,4,4,0,0,0.015417639557754822,0.028972585,0.01355494519647377
160.csv;07:30:23.309-2024/12/05;929;0,929,740,0,3,0,0,2,5,28,29,0,0,4,4,1,1,0.015417639557754822,0.028961083,0.013543443362677269
160.csv;07:45:51.573-2024/12/05;571;10,571,599,10,8,0,0,2,5,28,31,0,0,4,4,0,0,0.015417639557754822,0.02894301,0.013525370116794281
158.csv;08:03:26.182-2024/12/06;44;7,44,291,7,6,0,0,3,6,28,28,0,0,4,4,0,0,0.015417639557754822,0.02893923,0.013521590809786491
158.csv;08:19:32.366-2024/12/06;407;2,407,460,2,3,0,0,1,5,28,30,0,0,4,4,0,0,0.015417639557754822,0.028923461,0.013505821655953102
160.csv;06:58:30.382-2024/12/05;100;5,100,259,5,6,0,0,14,10,28,28,0,0,4,4,0,0,0.015417639557754822,0.02891874,0.013501099850499802
160.csv;09:10:23.106-2024/12/05;845;15,845,713,15,9,0,0,4,6,30,31,0,0,4,4,0,0,0.015417639557754822,0.028915578,0.013497938941681557
160.csv;09:33:06.616-2024/12/05;1005;1,1005,773,1,3,0,0,6,7,30,31,0,0,4,4,0,0,0.015417639557754822,0.028897746,0.01348010597702282
160.csv;08:22:17.684-2024/12/05;47;0,47,283,0,4,0,0,12,10,29,28,0,0,4,4,1,1,0.015417639557754822,0.028873656,0.013456016387307815
160.csv;08:38:38.042-2024/12/05;803;0,803,767,0,1,0,0,9,9,28,30,1,1,3,4,1,1,0.015417639557754822,0.02887187,0.013454230110609703
160.csv;07:15:17.369-2024/12/05;447;0,447,463,0,3,0,0,0,5,28,29,0,0,4,4,1,1,0.015417639557754822,0.028867185,0.013449545558059387
160.csv;06:43:43.129-2024/12/05;462;15,462,484,15,10,0,0,12,11,28,32,0,0,4,4,0,0,0.015417639557754822,0.028864838,0.013447198625171356
160.csv;09:17:47.106-2024/12/05;189;15,189,312,15,10,0,0,11,11,29,30,0,0,4,3,0,0,0.015417639557754822,0.028862575,0.01344493551131504
158.csv;08:03:22.866-2024/12/06;737;0,737,664,0,4,0,0,13,10,28,32,0,0,4,4,0,0,0.015417639557754822,0.028843777,0.013426137696469002
160.csv;07:43:15.281-2024/12/05;302;5,302,427,5,5,0,0,1,5,28,31,0,0,4,4,0,0,0.015417639557754822,0.02884177,0.01342412976499813
160.csv;06:58:27.840-2024/12/05;870;0,870,714,0,3,0,0,15,12,28,29,0,0,4,4,0,0,0.015417639557754822,0.02882759,0.013409951310122185
160.csv;07:53:23.800-2024/12/05;738;11,738,624,11,9,0,0,15,12,28,30,0,0,4,3,0,0,0.015417639557754822,0.028808175,0.013390535097086601
160.csv;09:41:10.921-2024/12/05;283;6,283,347,6,5,0,0,0,3,29,31,0,0,4,4,1,1,0.015417639557754822,0.02880162,0.013383980448806457
100.csv;04:29:05.899-2024/09/05;98;10,98,296,10,8,0,0,10,9,31,31,0,0,4,4,1,1,0.015417639557754822,0.028797137,0.013379497061932259
160.csv;08:00:16.781-2024/12/05;52;10,52,279,10,8,0,0,7,7,30,31,0,0,4,4,1,1,0.015417639557754822,0.02879209,0.013374451156222992
136.csv;18:51:32.880-2024/01/16;39;0,39,266,0,4,1,1,15,13,30,30,1,1,4,4,1,1,0.015417639557754822,0.028790634,0.013372994567716293
158.csv;08:17:45.666-2024/12/06;1000;16,1000,798,16,11,0,0,6,7,29,30,0,0,4,3,1,1,0.015417639557754822,0.028788056,0.013370416666829758
160.csv;07:22:22.887-2024/12/05;1015;0,1015,773,0,5,0,0,11,10,28,31,0,0,4,3,1,1,0.015417639557754822,0.02878397,0.013366330023372345
158.csv;08:19:32.647-2024/12/06;435;0,435,489,0,3,0,0,0,6,28,30,0,0,4,4,0,0,0.015417639557754822,0.028765647,0.01334800718303936
160.csv;06:42:29.482-2024/12/05;266;5,266,297,5,5,0,0,15,12,28,29,0,0,4,4,0,0,0.015417639557754822,0.028761743,0.013344103078806572
160.csv;07:14:37.690-2024/12/05;575;0,575,585,0,0,0,0,9,10,29,31,1,1,3,4,0,0,0.015417639557754822,0.02875832,0.013340679537022285
160.csv;09:01:58.250-2024/12/05;536;0,536,579,0,2,0,0,1,5,30,33,0,0,4,4,1,1,0.015417639557754822,0.028743032,0.013325392808282547
160.csv;08:15:35.565-2024/12/05;795;0,795,676,0,3,0,0,8,9,28,30,0,0,4,3,0,0,0.015417639557754822,0.028740719,0.013323079403007202
160.csv;08:23:07.100-2024/12/05;892;15,892,691,15,11,0,0,7,7,28,30,0,0,4,4,1,1,0.015417639557754822,0.028740335,0.01332269569810646
160.csv;08:46:07.227-2024/12/05;665;11,665,586,11,8,0,0,14,11,28,30,0,0,4,3,0,0,0.015417639557754822,0.028737491,0.013319851438963585
160.csv;09:17:34.436-2024/12/05;970;15,970,747,15,9,0,0,5,7,29,31,0,0,4,4,0,0,0.015417639557754822,0.028727286,0.013309646006190948
160.csv;08:46:08.079-2024/12/05;750;15,750,607,15,11,0,0,15,12,30,29,0,0,4,3,0,0,0.015417639557754822,0.028723694,0.013306054826343231
160.csv;07:22:22.582-2024/12/05;984;10,984,742,10,7,0,0,15,11,28,28,0,0,4,4,0,0,0.015417639557754822,0.028719263,0.01330162359353321
160.csv;07:22:24.511-2024/12/05;153;5,153,306,5,5,0,0,1,5,28,29,0,0,4,4,1,1,0.015417639557754822,0.028711341,0.013293701763713531
160.csv;06:51:40.448-2024/12/05;66;15,66,202,15,9,0,0,10,9,30,29,0,0,4,4,1,1,0.015417639557754822,0.02870577,0.013288130592072182
160.csv;08:46:07.227-2024/12/05;665;15,665,617,15,10,0,0,1,5,28,30,0,0,4,4,1,1,0.015417639557754822,0.028702462,0.013284822534287147
103.csv;04:48:57.573-2024/09/04;975;0,975,817,0,3,0,0,8,8,31,31,0,0,4,4,1,1,0.015417639557754822,0.028695852,0.013278212006652527
160.csv;08:31:01.506-2024/12/05;205;11,205,303,11,9,0,0,8,10,30,31,1,1,3,4,0,0,0.015417639557754822,0.02868673,0.013269090633356743
160.csv;07:23:24.815-2024/12/05;39;15,39,207,15,12,0,0,6,7,30,30,1,1,3,3,1,1,0.015417639557754822,0.028681884,0.013264244030678444
160.csv;09:17:56.735-2024/12/05;128;11,128,266,11,9,0,0,11,11,29,32,1,1,3,4,1,1,0.015417639557754822,0.02867802,0.013260380904638939
160.csv;08:15:35.235-2024/12/05;762;0,762,654,0,4,0,0,15,12,28,30,0,0,4,3,1,1,0.015417639557754822,0.028667837,0.013250197823608093
160.csv;09:41:39.441-2024/12/05;63;11,63,348,11,7,0,0,6,7,30,32,0,0,4,4,0,0,0.015417639557754822,0.028666414,0.01324877476271408
160.csv;07:22:22.675-2024/12/05;993;16,993,797,16,11,0,0,9,8,28,30,0,0,4,4,0,0,0.015417639557754822,0.028660422,0.013242782633269005
160.csv;08:07:59.334-2024/12/05;228;0,228,329,0,3,0,0,1,6,28,31,0,0,4,4,0,0,0.015417639557754822,0.02865583,0.01323819121297615
160.csv;08:46:56.632-2024/12/05;486;0,486,505,0,4,0,0,15,12,30,30,0,0,4,4,0,0,0.015417639557754822,0.02865027,0.013232631217205696
157.csv;04:06:11.416-2024/10/29;912;8,912,767,8,7,1,1,12,10,30,30,0,0,4,4,1,1,0.015417639557754822,0.02864525,0.01322760952588337
158.csv;08:10:44.496-2024/12/06;868;0,868,765,0,4,0,0,14,10,28,29,0,0,4,4,1,1,0.015417639557754822,0.028639153,0.013221513088309936
160.csv;07:22:53.597-2024/12/05;1014;0,1014,841,0,4,0,0,13,10,30,29,0,0,4,4,1,1,0.015417639557754822,0.028635506,0.013217866029107742
160.csv;09:34:13.786-2024/12/05;554;0,554,518,0,4,0,0,15,11,29,32,0,0,4,4,0,0,0.015417639557754822,0.02863035,0.013212710227334671
160.csv;09:32:24.369-2024/12/05;876;0,876,739,0,2,0,0,2,5,30,30,0,0,4,4,1,1,0.015417639557754822,0.028627476,0.013209836165869408
160.csv;09:10:10.338-2024/12/05;592;17,592,562,17,12,0,0,6,7,29,29,0,0,4,3,1,1,0.015417639557754822,0.028625432,0.013207792844140701
160.csv;09:38:54.130-2024/12/05;940;10,940,803,10,7,0,0,3,5,30,31,0,0,4,4,0,0,0.015417639557754822,0.028623037,0.01320539748247879
160.csv;06:58:29.461-2024/12/05;8;5,8,329,5,5,0,0,4,6,28,31,0,0,4,4,1,1,0.015417639557754822,0.028617635,0.01319999581154602
158.csv;08:19:32.276-2024/12/06;398;0,398,400,0,3,0,0,1,5,29,31,0,0,4,4,1,1,0.015417639557754822,0.028612627,0.013194987158739738
160.csv;09:01:01.716-2024/12/05;2;11,2,285,11,9,0,0,12,11,28,29,0,0,4,4,0,0,0.015417639557754822,0.028602337,0.013184697906935387
160.csv;09:25:30.485-2024/12/05;447;16,447,517,16,11,0,0,2,6,30,33,0,0,4,3,0,0,0.015417639557754822,0.028598765,0.013181125353539162
160.csv;06:50:34.245-2024/12/05;614;10,614,595,10,10,0,0,3,5,28,31,1,1,3,4,0,0,0.015417639557754822,0.028591037,0.013173397238815002
160.csv;07:44:39.988-2024/12/05;581;0,581,583,0,2,0,0,1,4,28,33,0,0,4,3,0,0,0.015417639557754822,0.028580666,0.013163026030624084
160.csv;07:30:04.605-2024/12/05;82;15,82,168,15,11,0,0,0,4,30,30,1,1,4,4,0,0,0.015417639557754822,0.028579075,0.013161435331666641
157.csv;04:14:13.826-2024/10/29;1;8,1,10,8,8,1,1,9,10,24,28,1,1,2,3,1,1,0.015417639557754822,0.028578272,0.013160632531607323
136.csv;18:51:46.416-2024/01/16;368;9,368,403,9,9,1,1,7,7,17,23,1,1,2,3,1,1,0.015417639557754822,0.028574668,0.01315702831324356
160.csv;08:23:07.404-2024/12/05;923;1,923,717,1,4,0,0,10,9,28,30,0,0,4,4,1,1,0.015417639557754822,0.02857127,0.013153630848491363
160.csv;06:59:08.877-2024/12/05;877;15,877,756,15,10,0,0,7,8,29,30,0,0,4,4,0,0,0.015417639557754822,0.028569005,0.013151365871989899
160.csv;07:22:55.367-2024/12/05;167;0,167,295,0,4,0,0,14,11,29,29,0,0,4,4,0,0,0.015417639557754822,0.02856769,0.013150050844514542
160.csv;09:10:10.418-2024/12/05;600;17,600,538,17,11,0,0,10,10,29,31,0,0,4,4,1,1,0.015417639557754822,0.02855616,0.013138521071040802
160.csv;07:55:36.781-2024/12/05;724;10,724,730,10,9,0,0,6,7,29,31,1,1,3,4,0,0,0.015417639557754822,0.028546533,0.013128893058264427
160.csv;07:46:26.463-2024/12/05;988;15,988,911,15,11,0,0,6,7,30,32,1,1,3,3,1,1,0.015417639557754822,0.02854412,0.013126480932796173
160.csv;07:53:23.917-2024/12/05;750;0,750,626,0,3,0,0,14,11,29,30,0,0,4,4,1,1,0.015417639557754822,0.028541114,0.013123474623525314
160.csv;07:53:30.505-2024/12/05;385;1,385,477,1,5,0,0,15,10,30,31,0,0,4,4,0,0,0.015417639557754822,0.028526159,0.013108519445622139
160.csv;08:07:58.794-2024/12/05;174;1,174,305,1,4,0,0,15,12,28,29,0,0,4,4,0,0,0.015417639557754822,0.028520903,0.01310326306101101
136.csv;18:53:02.824-2024/01/16;841;10,841,874,10,11,1,1,12,13,20,28,1,1,2,2,1,1,0.015417639557754822,0.028512398,0.01309475822325962
101.csv;10:06:44.242-2024/09/06;80;3,80,60,3,3,1,1,11,12,22,27,1,1,2,3,1,1,0.015417639557754822,0.02851215,0.013094510491454773
160.csv;09:24:46.189-2024/12/05;114;5,114,210,5,4,0,0,5,6,28,30,1,1,3,4,1,1,0.015417639557754822,0.028474359,0.013056719284022026
160.csv;06:43:51.505-2024/12/05;276;5,276,386,5,5,0,0,3,5,28,31,0,0,4,4,1,1,0.015417639557754822,0.028468791,0.013051151837670975
160.csv;09:10:59.646-2024/12/05;403;11,403,371,11,8,0,0,2,5,31,31,0,0,4,3,1,1,0.015417639557754822,0.028468767,0.013051127623284035
160.csv;09:33:06.611-2024/12/05;1004;10,1004,747,10,8,0,0,15,12,30,29,0,0,4,4,0,0,0.015417639557754822,0.028468551,0.013050911556446724
103.csv;03:54:12.572-2024/09/04;154;0,154,300,0,3,0,0,8,9,31,31,0,0,4,4,0,0,0.015417639557754822,0.02846493,0.013047290574276619
160.csv;07:39:58.430-2024/12/05;73;5,73,11,5,5,0,0,8,9,30,31,1,1,2,3,1,1,0.015417639557754822,0.028462939,0.013045299406612091
160.csv;09:26:14.026-2024/12/05;705;15,705,638,15,10,0,0,15,12,30,30,0,0,4,4,1,1,0.015417639557754822,0.028454704,0.013037064652407341
160.csv;06:58:39.456-2024/12/05;1007;10,1007,824,10,7,0,0,3,6,28,31,0,0,4,4,1,1,0.015417639557754822,0.028449634,0.013031994532311134
124.csv;19:30:36.558-2024/02/13;1015;10,1015,916,10,8,0,0,6,6,31,31,1,1,2,3,0,0,0.015417639557754822,0.028441856,0.013024216126167946
160.csv;06:58:30.647-2024/12/05;126;15,126,296,15,10,0,0,9,9,28,30,0,0,4,3,0,0,0.015417639557754822,0.028440483,0.013022843356692963
158.csv;08:10:49.135-2024/12/06;307;15,307,348,15,10,0,0,12,10,28,31,0,0,4,4,1,1,0.015417639557754822,0.028439244,0.013021604697668724
160.csv;09:34:10.593-2024/12/05;234;15,234,397,15,10,0,0,6,7,29,31,0,0,4,4,1,1,0.015417639557754822,0.02843901,0.013021370004379921
155.csv;03:43:44.433-2024/10/29;358;3,358,443,3,4,0,0,15,12,28,29,0,0,4,4,0,0,0.015417639557754822,0.028436111,0.013018471728527718
160.csv;09:01:00.251-2024/12/05;880;0,880,708,0,4,0,0,14,11,28,31,0,0,4,3,1,1,0.015417639557754822,0.028434966,0.01301732620176094
160.csv;09:40:26.566-2024/12/05;968;1,968,823,1,4,0,0,12,9,31,31,0,0,4,4,1,1,0.015417639557754822,0.028434196,0.013016556929314308
160.csv;06:43:16.628-2024/12/05;884;16,884,715,16,12,0,0,7,8,28,29,0,0,4,4,0,0,0.015417639557754822,0.028433787,0.013016147147381477
160.csv;09:10:04.061-2024/12/05;989;0,989,767,0,3,0,0,5,7,30,29,0,0,4,4,1,1,0.015417639557754822,0.02842442,0.013006779904925995
160.csv;07:21:10.560-2024/12/05;950;0,950,800,0,3,0,0,1,4,29,30,0,0,4,4,1,1,0.015417639557754822,0.02841764,0.012999999876582794
103.csv;03:50:27.590-2024/09/04;184;0,184,319,0,3,0,0,8,8,31,32,0,0,4,4,0,0,0.015417639557754822,0.028417606,0.012999966348970108
160.csv;06:50:38.910-2024/12/05;56;16,56,172,16,12,0,0,10,11,28,30,1,1,3,3,0,0,0.015417639557754822,0.028410248,0.012992608900630646
160.csv;09:41:08.627-2024/12/05;54;0,54,238,0,4,0,0,6,8,31,31,0,0,4,4,0,0,0.015417639557754822,0.02840958,0.012991940211022072
160.csv;08:07:58.707-2024/12/05;165;5,165,398,5,5,0,0,2,5,28,31,0,0,4,4,1,1,0.015417639557754822,0.028408432,0.012990792821610146
157.csv;04:04:21.226-2024/10/29;133;8,133,215,8,7,1,1,12,11,28,30,1,1,3,4,1,1,0.015417639557754822,0.028387541,0.012969901393616371
160.csv;08:31:04.111-2024/12/05;465;16,465,500,16,10,0,0,0,5,28,31,0,0,4,4,1,1,0.015417639557754822,0.028387025,0.012969385440910034
160.csv;09:26:15.994-2024/12/05;902;11,902,677,11,8,0,0,5,6,31,32,0,0,4,3,0,0,0.015417639557754822,0.028383823,0.012966183553898506
160.csv;07:53:22.720-2024/12/05;630;10,630,601,10,8,0,0,2,5,28,30,0,0,4,4,0,0,0.015417639557754822,0.028374529,0.012956888954603844
158.csv;08:03:26.178-2024/12/06;44;2,44,342,2,4,0,0,13,11,28,29,0,0,4,4,1,1,0.015417639557754822,0.028372642,0.012955002095067673
160.csv;08:07:58.644-2024/12/05;158;15,158,292,15,10,0,0,6,8,29,28,0,0,4,4,0,0,0.015417639557754822,0.028369594,0.01295195480760353
158.csv;08:17:46.922-2024/12/06;102;10,102,277,10,8,0,0,2,6,28,32,0,0,4,4,0,0,0.015417639557754822,0.028359164,0.012941523994767837
160.csv;09:25:43.217-2024/12/05;696;16,696,697,16,10,0,0,11,10,29,32,0,0,4,4,0,0,0.015417639557754822,0.028355733,0.012938093002402954
158.csv;08:03:43.711-2024/12/06;773;5,773,837,5,3,0,0,5,6,31,33,1,1,2,3,0,0,0.015417639557754822,0.02835408,0.012936440836155586
160.csv;09:26:15.994-2024/12/05;902;17,902,774,17,12,0,0,9,9,31,32,0,0,4,3,0,0,0.015417639557754822,0.028350096,0.012932456638181381
157.csv;04:04:21.708-2024/10/29;182;0,182,352,0,4,1,0,11,9,28,26,1,1,4,4,1,1,0.015417639557754822,0.028345952,0.012928312252724342
158.csv;08:03:27.356-2024/12/06;162;0,162,309,0,3,0,0,1,4,28,29,0,0,4,4,1,1,0.015417639557754822,0.028340613,0.012922973911726646
160.csv;08:23:07.567-2024/12/05;939;6,939,745,6,6,0,0,11,10,28,31,0,0,4,3,1,1,0.015417639557754822,0.028334975,0.012917335684859924
157.csv;04:04:22.297-2024/10/29;240;8,240,240,8,7,1,1,10,11,29,33,1,1,3,3,1,1,0.015417639557754822,0.028328914,0.012911274637544327
160.csv;08:38:46.556-2024/12/05;630;10,630,544,10,8,0,0,1,5,28,31,0,0,4,4,1,1,0.015417639557754822,0.028327683,0.012910043429100685
158.csv;08:10:48.762-2024/12/06;270;10,270,370,10,7,0,0,15,12,28,29,0,0,4,4,1,1,0.015417639557754822,0.02832656,0.012908920254075699
160.csv;08:07:58.829-2024/12/05;177;6,177,272,6,4,0,0,7,8,28,32,0,0,4,3,0,0,0.015417639557754822,0.028315715,0.012898075934016876
160.csv;06:58:31.870-2024/12/05;249;0,249,347,0,3,0,0,9,9,29,30,0,0,4,3,1,1,0.015417639557754822,0.028305653,0.01288801392492073
160.csv;07:22:55.367-2024/12/05;167;2,167,312,2,3,0,0,2,4,29,31,0,0,4,4,1,1,0.015417639557754822,0.028302528,0.012884888406360321
160.csv;07:53:19.924-2024/12/05;350;15,350,364,15,12,0,0,11,12,28,31,1,1,3,4,1,1,0.015417639557754822,0.028299585,0.012881945427024536
160.csv;07:13:06.496-2024/12/05;671;15,671,620,15,10,0,0,6,8,29,31,0,0,4,4,0,0,0.015417639557754822,0.02829863,0.01288098989006298
160.csv;09:18:42.008-2024/12/05;560;1,560,517,1,1,0,0,0,4,30,29,0,0,4,4,0,0,0.015417639557754822,0.028297637,0.01287999710019844
108.csv;10:55:24.105-2024/10/21;616;1,616,563,1,4,0,0,14,12,31,31,0,0,4,3,0,0,0.015417639557754822,0.028290201,0.01287256142076271
160.csv;07:53:22.720-2024/12/05;630;5,630,596,5,5,0,0,1,5,28,31,0,0,4,4,0,0,0.015417639557754822,0.028243607,0.012825967352354698
158.csv;08:11:34.220-2024/12/06;720;10,720,663,10,9,0,0,12,10,28,30,0,0,4,3,1,1,0.015417639557754822,0.028237823,0.012820183839166336
157.csv;04:22:20.847-2024/10/29;575;9,575,592,9,7,1,1,11,12,16,27,1,1,2,2,1,1,0.015417639557754822,0.028220305,0.012802665661537819
160.csv;09:17:34.383-2024/12/05;965;10,965,790,10,8,0,0,3,5,29,29,0,0,4,4,0,0,0.015417639557754822,0.028198563,0.012780923004710846
136.csv;18:52:47.860-2024/01/16;368;19,368,408,19,14,1,1,9,10,31,32,1,1,3,3,1,1,0.015417639557754822,0.028193444,0.01277580445584076
121.csv;21:48:46.747-2024/01/04;528;1,528,501,1,2,0,0,11,11,30,31,0,0,4,3,1,1,0.015417639557754822,0.028180782,0.012763142194116287
160.csv;07:29:09.202-2024/12/05;686;6,686,648,6,7,0,0,9,10,28,31,1,1,3,4,0,0,0.015417639557754822,0.028158847,0.012741207684838943
160.csv;09:17:34.360-2024/12/05;963;2,963,802,2,3,0,0,2,5,29,30,0,0,4,4,0,0,0.015417639557754822,0.028148586,0.01273094637271183
158.csv;08:03:25.213-2024/12/06;971;15,971,775,15,10,0,0,14,12,29,29,0,0,4,4,0,0,0.015417639557754822,0.028142922,0.012725282068813019
108.csv;10:55:24.021-2024/10/21;607;11,607,573,11,8,0,0,15,12,31,31,0,0,4,4,1,1,0.015417639557754822,0.028140528,0.012722888569796257
160.csv;09:25:30.457-2024/12/05;445;1,445,501,1,3,0,0,1,5,30,32,0,0,4,3,0,0,0.015417639557754822,0.028136268,0.012718628700339966
160.csv;09:26:19.226-2024/12/05;201;17,201,287,17,11,0,0,8,9,29,31,0,0,4,4,1,1,0.015417639557754822,0.02812817,0.01271052991923111
160.csv;08:07:58.805-2024/12/05;175;0,175,392,0,3,0,0,4,6,28,31,0,0,4,4,1,1,0.015417639557754822,0.028127348,0.012709708492720299
160.csv;06:42:28.688-2024/12/05;186;15,186,295,15,10,0,0,13,11,28,30,0,0,4,4,1,1,0.015417639557754822,0.028103014,0.012685374896490745
160.csv;07:46:38.755-2024/12/05;169;18,169,53,18,16,0,0,11,11,30,30,1,1,2,3,0,0,0.015417639557754822,0.028075816,0.012658176552021675
101.csv;09:58:13.502-2024/09/06;205;8,205,97,8,10,1,1,13,13,20,25,1,1,2,2,0,0,0.015417639557754822,0.02806404,0.012646400909388237
160.csv;08:31:04.087-2024/12/05;463;11,463,540,11,8,0,0,13,11,29,31,0,0,4,3,1,1,0.015417639557754822,0.028061109,0.012643469105923347
160.csv;09:18:42.059-2024/12/05;565;5,565,553,5,5,0,0,1,5,29,30,0,0,4,4,0,0,0.015417639557754822,0.028059635,0.012641995753610306
158.csv;08:03:25.210-2024/12/06;971;5,971,852,5,6,0,0,12,9,28,30,0,0,4,4,1,1,0.015417639557754822,0.028043449,0.012625809367263489
160.csv;08:38:41.696-2024/12/05;144;10,144,276,10,9,0,0,15,11,28,28,0,0,4,4,1,1,0.015417639557754822,0.028030848,0.012613208572828941
160.csv;06:43:51.420-2024/12/05;268;0,268,359,0,2,0,0,4,7,28,31,0,0,4,4,1,1,0.015417639557754822,0.028011812,0.012594172339403801
160.csv;09:01:00.754-2024/12/05;930;5,930,707,5,6,0,0,13,11,29,30,0,0,4,4,1,1,0.015417639557754822,0.028005136,0.012587496619188957
160.csv;07:52:19.855-2024/12/05;487;15,487,536,15,10,0,0,4,6,28,32,0,0,4,4,1,1,0.015417639557754822,0.028002527,0.012584887053334885
157.csv;04:09:49.052-2024/10/29;148;11,148,317,11,10,0,0,15,11,28,29,0,0,4,4,0,0,0.015417639557754822,0.028000588,0.012582948039734535
158.csv;08:03:22.823-2024/12/06;732;16,732,666,16,10,0,0,10,10,29,31,0,0,4,4,0,0,0.015417639557754822,0.028000094,0.012582454438769989
160.csv;09:35:12.951-2024/12/05;326;10,326,394,10,8,0,0,8,8,30,30,0,0,4,3,1,1,0.015417639557754822,0.02799802,0.012580381314718895
158.csv;08:10:44.741-2024/12/06;892;7,892,679,7,6,0,0,3,6,28,30,0,0,4,4,0,0,0.015417639557754822,0.027987793,0.012570153530204468
160.csv;06:58:26.589-2024/12/05;744;16,744,650,16,11,0,0,13,11,28,31,0,0,4,4,1,1,0.015417639557754822,0.027971076,0.01255343628999012
155.csv;03:42:50.114-2024/10/29;46;0,46,220,0,4,1,1,14,10,29,27,1,1,4,4,0,0,0.015417639557754822,0.027969401,0.012551761772000961
160.csv;07:52:54.738-2024/12/05;904;5,904,766,5,5,0,0,7,9,28,29,0,0,4,3,1,1,0.015417639557754822,0.027961079,0.012543439473474197
160.csv;07:06:21.034-2024/12/05;61;10,61,35,10,10,0,0,3,4,30,31,1,1,2,3,0,0,0.015417639557754822,0.027959866,0.012542226891482048
160.csv;09:18:39.892-2024/12/05;348;11,348,413,11,8,0,0,4,7,30,31,0,0,4,4,1,1,0.015417639557754822,0.027951686,0.012534046153986626
160.csv;09:32:50.696-2024/12/05;436;15,436,468,15,10,0,0,3,6,30,31,0,0,4,4,0,0,0.015417639557754822,0.027947191,0.012529551591241531
160.csv;08:54:32.566-2024/12/05;1023;15,1023,970,15,11,0,0,5,6,30,31,1,1,3,3,1,1,0.015417639557754822,0.027931876,0.012514236922824554
160.csv;06:59:20.415-2024/12/05;1007;10,1007,795,10,8,0,0,3,5,28,28,0,0,4,4,0,0,0.015417639557754822,0.027928948,0.012511308844649963
160.csv;07:45:41.441-2024/12/05;582;10,582,586,10,9,0,0,2,4,30,32,1,1,3,4,0,0,0.015417639557754822,0.027926637,0.012508997302019768
160.csv;07:44:39.195-2024/12/05;501;15,501,524,15,10,0,0,13,10,30,31,0,0,4,4,1,1,0.015417639557754822,0.027916223,0.012498583252990417
160.csv;07:29:06.948-2024/12/05;461;0,461,469,0,2,0,0,1,4,28,28,0,0,4,4,0,0,0.015417639557754822,0.027912183,0.012494543175661735
160.csv;09:41:08.600-2024/12/05;51;10,51,319,10,7,0,0,7,8,31,32,0,0,4,4,0,0,0.015417639557754822,0.027904022,0.012486382927262955
160.csv;08:07:58.788-2024/12/05;173;5,173,261,5,5,0,0,10,8,28,29,0,0,4,4,0,0,0.015417639557754822,0.027898857,0.012481217812264137
160.csv;09:34:10.685-2024/12/05;243;15,243,324,15,10,0,0,9,9,28,30,0,0,4,4,0,0,0.015417639557754822,0.027893605,0.012475965152943306
160.csv;06:59:20.418-2024/12/05;1007;15,1007,772,15,10,0,0,9,9,28,30,0,0,4,4,1,1,0.015417639557754822,0.02788661,0.012468970920407944
158.csv;08:03:26.190-2024/12/06;45;5,45,260,5,5,0,0,8,9,28,29,0,0,4,4,0,0,0.015417639557754822,0.02786189,0.01244424989398735
160.csv;08:31:04.119-2024/12/05;466;10,466,533,10,7,0,0,3,5,28,31,0,0,4,3,0,0,0.015417639557754822,0.0278602,0.012442560474836998
160.csv;08:15:35.505-2024/12/05;789;2,789,660,2,4,0,0,1,5,28,29,0,0,4,4,0,1,0.015417639557754822,0.027857414,0.012439773957693748
160.csv;06:50:38.910-2024/12/05;57;0,57,137,0,2,0,0,11,10,28,29,1,1,3,4,0,0,0.015417639557754822,0.027844127,0.012426487709844284
158.csv;08:03:25.188-2024/12/06;969;5,969,753,5,6,0,0,15,12,30,30,0,0,4,4,1,1,0.015417639557754822,0.027826415,0.012408775817120247
160.csv;06:58:30.589-2024/12/05;121;0,121,301,0,3,0,0,13,11,28,28,0,0,4,4,1,1,0.015417639557754822,0.027808879,0.012391239013040237
160.csv;08:38:41.776-2024/12/05;152;10,152,298,10,8,0,0,9,10,28,31,0,0,4,3,1,1,0.015417639557754822,0.027798455,0.012380815650785141
157.csv;04:04:21.671-2024/10/29;178;0,178,296,0,4,1,0,11,10,28,27,1,1,4,4,0,0,0.015417639557754822,0.02779059,0.012372949700319939
158.csv;08:03:22.818-2024/12/06;732;0,732,626,0,2,0,0,1,5,29,30,0,0,4,4,1,1,0.015417639557754822,0.027777923,0.012360283713305168
160.csv;07:22:25.899-2024/12/05;292;0,292,447,0,3,0,0,1,5,28,29,0,0,4,4,1,1,0.015417639557754822,0.027772691,0.012355051543080978
160.csv;07:14:00.025-2024/12/05;904;11,904,890,11,9,0,0,6,7,28,32,1,1,3,4,1,1,0.015417639557754822,0.02777191,0.01235427109476345
157.csv;04:04:21.721-2024/10/29;183;0,183,264,0,4,1,0,9,9,28,27,1,1,4,4,0,0,0.015417639557754822,0.027764454,0.012346814926231079
160.csv;09:03:22.466-2024/12/05;765;10,765,659,10,8,0,0,12,10,30,31,0,0,4,3,0,0,0.015417639557754822,0.02775523,0.012337591107452087
160.csv;09:26:19.194-2024/12/05;198;11,198,375,11,7,0,0,15,12,29,30,0,0,4,4,0,0,0.015417639557754822,0.027753402,0.012335761989915543
160.csv;07:14:41.429-2024/12/05;949;1,949,751,1,5,0,0,14,11,29,31,0,0,4,4,0,0,0.015417639557754822,0.027735647,0.012318007256353073
160.csv;07:30:23.153-2024/12/05;913;11,913,745,11,8,0,0,14,11,28,30,0,0,4,4,0,0,0.015417639557754822,0.027735626,0.012317986767256432
160.csv;06:58:31.938-2024/12/05;256;0,256,366,0,3,0,0,4,6,28,30,0,0,4,3,1,1,0.015417639557754822,0.027733034,0.012315393965208702
160.csv;07:45:51.801-2024/12/05;594;6,594,608,6,5,0,0,4,5,28,32,1,1,3,3,1,1,0.015417639557754822,0.027732344,0.012314704786503487
160.csv;09:10:56.461-2024/12/05;85;0,85,263,0,4,0,0,11,9,30,31,0,0,4,4,0,0,0.015417639557754822,0.027732134,0.012314494307601623
160.csv;09:34:10.567-2024/12/05;232;0,232,303,0,3,0,0,12,10,29,30,0,0,4,4,1,1,0.015417639557754822,0.027727798,0.012310158069694214
160.csv;06:58:30.636-2024/12/05;125;10,125,239,10,8,0,0,14,11,28,29,0,0,4,4,1,1,0.015417639557754822,0.027725557,0.012307917307579689
160.csv;09:10:56.488-2024/12/05;88;1,88,299,1,4,0,0,9,10,30,30,0,0,4,4,1,1,0.015417639557754822,0.027725387,0.012307747806871109
160.csv;07:22:53.393-2024/12/05;993;10,993,794,10,8,0,0,8,9,29,30,0,0,4,3,0,0,0.015417639557754822,0.027722707,0.012305067460501366
158.csv;08:12:04.422-2024/12/06;668;15,668,594,15,10,0,0,10,9,29,32,0,0,4,4,0,0,0.015417639557754822,0.02771929,0.012301651369297676
160.csv;09:18:39.892-2024/12/05;348;10,348,412,10,7,0,0,0,4,30,30,0,0,4,4,0,0,0.015417639557754822,0.027715344,0.012297704424226456
158.csv;08:10:44.638-2024/12/06;882;1,882,707,1,4,0,0,12,11,28,31,0,0,4,4,1,1,0.015417639557754822,0.027711995,0.012294355388248138
101.csv;10:03:26.051-2024/09/06;741;1,741,679,1,2,1,1,15,14,31,32,1,1,3,3,1,1,0.015417639557754822,0.027711289,0.01229364944573658
160.csv;06:52:18.933-2024/12/05;843;5,843,694,5,6,0,0,6,7,28,30,0,0,4,3,0,0,0.015417639557754822,0.027697774,0.01228013409253376
160.csv;09:17:34.429-2024/12/05;970;2,970,790,2,4,0,0,3,6,29,31,0,0,4,4,1,1,0.015417639557754822,0.02769539,0.012277749906742744
160.csv;07:13:26.805-2024/12/05;654;15,654,605,15,10,0,0,5,7,28,31,0,0,4,4,0,0,0.015417639557754822,0.027693916,0.012276276554429703
158.csv;08:03:22.946-2024/12/06;744;15,744,623,15,9,0,0,3,7,28,30,0,0,4,4,0,0,0.015417639557754822,0.02769195,0.012274309601152115
160.csv;07:15:17.302-2024/12/05;440;11,440,478,11,7,0,0,11,10,29,32,0,0,4,4,1,1,0.015417639557754822,0.027690882,0.012273242305481605
160.csv;07:52:54.881-2024/12/05;918;10,918,723,10,7,0,0,15,12,28,27,0,0,4,3,0,0,0.015417639557754822,0.027679421,0.012261781449878387
160.csv;08:38:41.696-2024/12/05;144;3,144,210,3,4,0,0,12,11,28,27,0,0,4,4,1,1,0.015417639557754822,0.027677454,0.0122598144966008
160.csv;08:15:35.266-2024/12/05;765;1,765,685,1,4,0,0,3,6,28,30,0,0,4,4,1,1,0.015417639557754822,0.02766707,0.012249430249893837
160.csv;09:40:30.811-2024/12/05;368;5,368,401,5,5,0,0,2,4,29,32,0,0,4,3,0,0,0.015417639557754822,0.027662782,0.012245142440760307
160.csv;09:03:52.214-2024/12/05;668;11,668,639,11,8,0,0,4,6,30,32,0,0,4,3,1,1,0.015417639557754822,0.027655026,0.01223738638635891
160.csv;08:24:05.611-2024/12/05;599;15,599,560,15,9,0,0,12,11,29,30,0,0,4,4,1,1,0.015417639557754822,0.027651558,0.012233918141091042
160.csv;07:38:40.835-2024/12/05;505;15,505,535,15,14,0,0,3,3,30,32,1,1,2,3,0,0,0.015417639557754822,0.027651494,0.012233854811155968
160.csv;08:38:41.682-2024/12/05;143;1,143,328,1,3,0,0,3,6,28,29,0,0,4,4,0,0,0.015417639557754822,0.027647229,0.012229589353764229
160.csv;08:47:28.821-2024/12/05;633;0,633,610,0,2,0,0,2,5,30,32,0,0,4,4,1,1,0.015417639557754822,0.027646212,0.012228572349512749
160.csv;09:41:08.600-2024/12/05;51;5,51,182,5,5,0,0,4,6,31,31,0,0,4,4,1,1,0.015417639557754822,0.027628746,0.01221110632594841
160.csv;08:15:35.072-2024/12/05;746;0,746,719,0,4,0,0,13,10,29,31,0,0,4,4,1,1,0.015417639557754822,0.02761486,0.012197220306360893
160.csv;07:22:22.671-2024/12/05;993;1,993,791,1,4,0,0,7,8,28,31,0,0,4,4,1,1,0.015417639557754822,0.027608316,0.012190676833951645
160.csv;09:01:01.731-2024/12/05;4;5,4,337,5,5,0,0,3,6,28,31,0,0,4,4,1,1,0.015417639557754822,0.027601685,0.012184045817220383
158.csv;08:03:30.015-2024/12/06;427;15,427,466,15,11,0,0,7,8,30,31,0,0,4,4,1,1,0.015417639557754822,0.027595852,0.012178212012612991
160.csv;08:23:07.527-2024/12/05;935;10,935,726,10,8,0,0,4,7,28,30,0,0,4,4,1,1,0.015417639557754822,0.027595514,0.01217787487384098
136.csv;18:51:17.392-2024/01/16;538;6,538,550,6,7,1,1,1,1,14,18,1,1,1,2,0,0,0.015417639557754822,0.027594667,0.01217702737029808
136.csv;18:50:51.888-2024/01/16;36;0,36,272,0,3,1,1,3,5,30,29,1,1,4,4,1,1,0.015417639557754822,0.027590964,0.01217332443174141
160.csv;06:43:16.625-2024/12/05;884;11,884,728,11,8,0,0,4,7,28,30,0,0,4,4,0,0,0.015417639557754822,0.027580224,0.012162584419810944
158.csv;08:10:48.859-2024/12/06;280;0,280,356,0,3,0,0,10,9,28,31,0,0,4,4,0,0,0.015417639557754822,0.027576244,0.012158603947127037
160.csv;09:03:22.466-2024/12/05;765;11,765,654,11,9,0,0,13,11,30,31,0,0,4,4,1,1,0.015417639557754822,0.027574064,0.012156424652302437
160.csv;08:31:01.474-2024/12/05;202;1,202,347,1,3,0,0,3,7,30,31,0,0,4,4,0,0,0.015417639557754822,0.027568096,0.0121504567372443
136.csv;18:53:37.204-2024/01/16;183;10,183,206,10,10,1,1,13,13,30,32,1,1,2,3,0,0,0.015417639557754822,0.027565291,0.012147651593649559
160.csv;08:30:42.069-2024/12/05;309;15,309,378,15,11,0,0,6,7,29,31,0,0,4,4,0,0,0.015417639557754822,0.027542235,0.012124595771992378
160.csv;06:58:31.898-2024/12/05;251;15,251,377,15,9,0,0,9,9,28,30,0,0,4,4,0,0,0.015417639557754822,0.027536895,0.012119255568349533
160.csv;08:23:07.388-2024/12/05;921;5,921,707,5,6,0,0,2,5,28,30,0,0,4,4,1,1,0.015417639557754822,0.027535867,0.012118227388227158
160.csv;08:53:32.855-2024/12/05;172;5,172,317,5,7,0,0,2,5,28,30,0,0,4,4,0,0,0.015417639557754822,0.027527178,0.012109538148605995
160.csv;07:22:22.607-2024/12/05;987;0,987,748,0,3,0,0,6,7,28,30,0,0,4,4,0,0,0.015417639557754822,0.027525015,0.012107375617587738
160.csv;09:18:42.052-2024/12/05;564;10,564,537,10,8,0,0,15,12,29,31,0,0,4,3,1,1,0.015417639557754822,0.027516678,0.01209903841789978
101.csv;09:54:07.955-2024/09/06;227;5,227,136,5,4,0,0,13,13,18,24,1,1,2,3,1,1,0.015417639557754822,0.027515002,0.012097362037265472
160.csv;06:52:18.929-2024/12/05;843;0,843,739,0,1,0,0,0,4,28,28,0,0,4,4,1,1,0.015417639557754822,0.027509246,0.012091606463754349
160.csv;09:26:14.026-2024/12/05;706;0,706,646,0,3,0,0,1,5,30,30,0,0,4,4,1,1,0.015417639557754822,0.027504276,0.0120866369264962
160.csv;07:14:41.395-2024/12/05;945;11,945,736,11,8,0,0,3,6,29,31,0,0,4,4,0,0,0.015417639557754822,0.02748963,0.012071990947687797
160.csv;06:58:32.189-2024/12/05;281;0,281,420,0,2,0,0,3,5,28,32,0,0,4,4,1,1,0.015417639557754822,0.027470378,0.012052738647425346
160.csv;09:41:08.588-2024/12/05;50;5,50,296,5,5,0,0,14,11,31,29,0,0,4,4,0,0,0.015417639557754822,0.027468804,0.012051164712274246
158.csv;08:03:27.341-2024/12/06;160;11,160,243,11,7,0,0,6,7,28,31,0,0,4,3,0,0,0.015417639557754822,0.027461227,0.012043587471807175
160.csv;07:22:22.882-2024/12/05;1014;6,1014,760,6,7,0,0,10,10,28,29,0,0,4,3,0,0,0.015417639557754822,0.02746098,0.012043339740002327
160.csv;06:42:28.595-2024/12/05;177;8,177,258,8,7,0,0,8,10,29,31,1,1,3,4,1,1,0.015417639557754822,0.027453309,0.012035669367277794
160.csv;08:15:37.604-2024/12/05;999;0,999,779,0,3,0,0,7,8,28,30,0,0,4,4,1,1,0.015417639557754822,0.0274472,0.012029559891188316
136.csv;18:48:23.372-2024/01/16;544;3,544,552,3,3,1,1,3,4,30,33,1,1,2,3,0,0,0.015417639557754822,0.027435532,0.012017892281973534
160.csv;06:51:45.079-2024/12/05;529;15,529,538,15,11,0,0,7,8,28,32,0,0,4,4,1,1,0.015417639557754822,0.0274264,0.012008759732806854
160.csv;07:53:22.732-2024/12/05;631;16,631,587,16,11,0,0,0,5,28,29,0,0,4,3,0,0,0.015417639557754822,0.02741307,0.011995430644118957
160.csv;09:10:04.031-2024/12/05;986;5,986,804,5,5,0,0,11,10,30,29,0,0,4,4,1,1,0.015417639557754822,0.027409544,0.011991904656851463
160.csv;07:45:51.801-2024/12/05;594;8,594,585,8,6,0,0,6,7,28,30,1,1,3,4,1,1,0.015417639557754822,0.027409539,0.011991899068916016
160.csv;08:38:46.500-2024/12/05;624;15,624,538,15,11,0,0,13,12,28,30,0,0,4,3,0,0,0.015417639557754822,0.027406394,0.011988754923904114
136.csv;18:52:06.636-2024/01/16;342;10,342,295,10,10,1,1,11,13,18,28,1,1,2,3,1,1,0.015417639557754822,0.027404156,0.011986516024434738
160.csv;09:34:08.496-2024/12/05;24;16,24,208,16,11,0,0,6,8,29,30,0,0,4,3,0,0,0.015417639557754822,0.02740336,0.011985720674956016
160.csv;07:52:54.833-2024/12/05;913;15,913,767,15,10,0,0,14,11,28,29,0,0,4,3,0,0,0.015417639557754822,0.027390964,0.011973324771487884
160.csv;06:58:26.603-2024/12/05;746;5,746,629,5,5,0,0,15,12,28,32,0,0,4,4,0,0,0.015417639557754822,0.027388643,0.011971003915631943
160.csv;08:23:07.092-2024/12/05;891;17,891,702,17,11,0,0,1,5,28,31,0,0,4,4,0,1,0.015417639557754822,0.027385466,0.011967826243007355
160.csv;06:59:20.310-2024/12/05;997;0,997,742,0,5,0,0,12,10,28,29,0,0,4,4,0,0,0.015417639557754822,0.027384806,0.011967166866624527
160.csv;09:18:37.262-2024/12/05;85;5,85,203,5,5,0,0,8,8,29,28,0,0,4,4,1,1,0.015417639557754822,0.027384453,0.011966812964046173
160.csv;08:22:17.834-2024/12/05;62;0,62,281,0,3,0,0,7,8,28,30,0,0,4,4,0,0,0.015417639557754822,0.027380038,0.011962398495042496
160.csv;09:18:50.493-2024/12/05;384;10,384,433,10,6,0,0,2,6,30,31,0,0,4,4,1,1,0.015417639557754822,0.027364766,0.011947126667463951
160.csv;09:01:01.018-2024/12/05;956;15,956,740,15,10,0,0,5,6,28,31,0,0,4,4,0,0,0.015417639557754822,0.027362337,0.011944697778189354
160.csv;07:22:53.207-2024/12/05;975;0,975,724,0,3,0,0,13,10,30,29,0,0,4,4,0,0,0.015417639557754822,0.027360559,0.011942918952071838
160.csv;09:10:56.488-2024/12/05;88;0,88,329,0,3,0,0,6,7,30,30,0,0,4,4,0,0,0.015417639557754822,0.027357245,0.011939605306351356
160.csv;08:17:53.295-2024/12/05;232;0,232,286,0,4,0,0,6,7,30,31,0,0,4,3,1,1,0.015417639557754822,0.027356217,0.011938577126228981
160.csv;09:26:11.814-2024/12/05;484;11,484,470,11,7,0,0,8,8,31,32,0,0,4,4,1,1,0.015417639557754822,0.027354134,0.01193649468895214
160.csv;09:34:08.461-2024/12/05;21;5,21,177,5,5,0,0,5,6,30,31,1,1,3,3,0,0,0.015417639557754822,0.027334994,0.011917354147398643
144.csv;08:10:44.971-2023/11/15;350;0,350,342,0,0,0,0,14,14,14,24,1,1,2,2,1,1,0.015417639557754822,0.027326394,0.011908754314744644
160.csv;07:14:05.281-2024/12/05;406;5,406,428,5,3,0,0,1,4,29,31,0,0,4,4,1,1,0.015417639557754822,0.02732459,0.011906951274240189
160.csv;06:43:16.615-2024/12/05;883;10,883,750,10,8,0,0,1,5,28,29,0,0,4,4,1,1,0.015417639557754822,0.02732,0.011902359853947334
160.csv;07:12:21.223-2024/12/05;240;10,240,312,10,9,0,0,10,11,28,31,1,1,3,4,0,0,0.015417639557754822,0.027319154,0.011901514213049583
158.csv;08:03:32.096-2024/12/06;635;15,635,596,15,11,0,0,9,8,29,31,0,0,4,4,1,1,0.015417639557754822,0.027314713,0.011897073667013817
158.csv;08:10:48.766-2024/12/06;270;15,270,359,15,10,0,0,0,4,28,31,0,0,4,4,1,1,0.015417639557754822,0.027314017,0.011896377037728004
160.csv;07:29:11.858-2024/12/05;952;0,952,827,0,4,0,0,10,8,28,32,0,0,4,4,1,1,0.015417639557754822,0.02730827,0.011890630777442627
160.csv;07:30:58.946-2024/12/05;396;16,396,433,16,11,0,0,7,8,28,30,0,0,4,4,1,1,0.015417639557754822,0.02730576,0.011888119931781464
160.csv;08:23:07.100-2024/12/05;892;16,892,734,16,10,0,0,8,8,28,31,0,0,4,4,0,0,0.015417639557754822,0.027303915,0.011886275913083725
157.csv;04:04:21.351-2024/10/29;146;0,146,329,0,4,1,0,11,10,28,27,1,1,4,4,0,0,0.015417639557754822,0.027302634,0.011884994413221054
160.csv;08:46:08.255-2024/12/05;768;10,768,680,10,8,0,0,10,9,29,31,0,0,4,3,1,1,0.015417639557754822,0.027300825,0.01188318578478115
160.csv;09:10:56.420-2024/12/05;81;0,81,261,0,3,0,0,7,8,30,31,0,0,4,4,0,0,0.015417639557754822,0.027299425,0.011881785075628929
160.csv;08:23:07.140-2024/12/05;896;10,896,717,10,8,0,0,4,6,28,29,0,0,4,4,0,0,0.015417639557754822,0.02729799,0.011880350838864021
158.csv;08:03:26.133-2024/12/06;39;15,39,232,15,11,0,0,10,9,29,29,0,0,4,3,1,1,0.015417639557754822,0.027297568,0.011879928018415146
160.csv;07:36:52.477-2024/12/05;934;0,934,750,0,2,0,0,3,6,29,31,0,0,4,4,0,0,0.015417639557754822,0.027293924,0.01187628468450325
160.csv;07:14:41.437-2024/12/05;949;15,949,769,15,10,0,0,1,5,29,30,0,0,4,4,1,1,0.015417639557754822,0.02729195,0.011874310280645065
160.csv;09:40:30.824-2024/12/05;369;15,369,439,15,10,0,0,14,11,29,31,0,0,4,4,0,0,0.015417639557754822,0.02728982,0.011872181277239494
158.csv;08:03:23.955-2024/12/06;845;15,845,695,15,10,0,0,8,9,28,30,0,0,4,4,0,0,0.015417639557754822,0.027288694,0.01187105437692421
160.csv;08:15:35.505-2024/12/05;789;0,789,639,0,4,0,0,15,11,28,28,0,0,4,4,0,0,0.015417639557754822,0.02728228,0.011864641289675407
160.csv;07:14:08.115-2024/12/05;689;15,689,633,15,10,0,0,5,7,28,31,0,0,4,4,0,0,0.015417639557754822,0.027272267,0.011854627709353142
160.csv;08:15:35.112-2024/12/05;750;0,750,666,0,3,0,0,0,5,29,32,0,0,4,4,0,0,0.015417639557754822,0.02725948,0.011841840650403671
124.csv;19:32:47.217-2024/02/13;769;10,769,822,10,8,0,0,2,2,31,32,1,1,2,3,0,0,0.015417639557754822,0.02725279,0.011835150029027634
160.csv;06:43:43.151-2024/12/05;465;0,465,454,0,2,0,0,9,10,28,32,1,1,3,3,0,0,0.015417639557754822,0.027244655,0.011827015857660942
160.csv;09:17:43.955-2024/12/05;898;10,898,817,10,8,0,0,5,7,29,31,0,0,4,3,0,0,0.015417639557754822,0.027243255,0.01182561514850872
158.csv;08:12:04.443-2024/12/06;670;10,670,623,10,9,0,0,7,7,29,30,0,0,4,3,0,0,0.015417639557754822,0.027238304,0.011820664237702064
160.csv;08:31:38.771-2024/12/05;859;15,859,723,15,12,0,0,11,11,30,33,1,1,3,4,0,0,0.015417639557754822,0.027233778,0.011816138009989433
160.csv;07:14:41.512-2024/12/05;957;5,957,812,5,5,0,0,2,5,28,30,0,0,4,4,0,0,0.015417639557754822,0.027232217,0.011814577113354378
160.csv;08:15:35.262-2024/12/05;765;0,765,682,0,3,0,0,12,11,28,31,0,0,4,3,0,0,0.015417639557754822,0.027229553,0.011811913530790977
160.csv;07:53:22.836-2024/12/05;641;18,641,622,18,14,0,0,11,10,28,31,1,1,3,3,1,1,0.015417639557754822,0.027226117,0.011808476950490646
136.csv;18:51:12.464-2024/01/16;45;10,45,193,10,8,1,0,13,12,30,28,1,1,4,4,1,1,0.015417639557754822,0.027225515,0.011807875316107445
158.csv;08:11:33.806-2024/12/06;679;0,679,645,0,3,0,0,4,7,30,32,0,0,4,4,1,1,0.015417639557754822,0.027217599,0.011799959074223213
158.csv;08:18:12.304-2024/12/06;592;15,592,569,15,10,0,0,1,4,28,30,0,0,4,4,1,1,0.015417639557754822,0.027215142,0.011797502245271378
160.csv;08:15:35.472-2024/12/05;785;16,785,689,16,11,0,0,5,7,28,31,0,0,4,4,0,0,0.015417639557754822,0.027209958,0.011792318503821068
158.csv;08:10:44.354-2024/12/06;853;15,853,769,15,10,0,0,5,6,29,31,0,0,4,4,1,1,0.015417639557754822,0.027208775,0.011791135724151306
158.csv;08:10:48.814-2024/12/06;275;11,275,325,11,10,0,0,5,7,28,32,1,1,3,4,1,1,0.015417639557754822,0.02720875,0.011791109647119217
160.csv;09:33:02.368-2024/12/05;580;0,580,503,0,4,0,0,14,11,30,31,0,0,4,4,1,1,0.015417639557754822,0.027204668,0.011787028591597252
160.csv;08:23:08.395-2024/12/05;1022;5,1022,783,5,4,0,0,1,4,28,28,0,0,4,4,1,1,0.015417639557754822,0.02719363,0.01177599055644291
160.csv;06:58:30.562-2024/12/05;118;5,118,354,5,6,0,0,14,11,28,30,0,0,4,4,0,0,0.015417639557754822,0.027191281,0.011773641760909729
160.csv;06:58:39.776-2024/12/05;15;10,15,238,10,8,0,0,6,7,28,28,0,0,4,4,1,1,0.015417639557754822,0.027155729,0.011738089452946358
157.csv;04:04:21.994-2024/10/29;210;3,210,244,3,4,1,1,12,10,28,31,1,1,3,4,0,0,0.015417639557754822,0.027151933,0.011734293382132225
160.csv;07:22:22.882-2024/12/05;1014;5,1014,784,5,6,0,0,8,8,28,30,0,0,4,3,0,0,0.015417639557754822,0.02714434,0.01172670124050396
157.csv;04:04:21.508-2024/10/29;162;0,162,309,0,4,1,0,11,10,28,28,1,1,4,4,0,0,0.015417639557754822,0.027138563,0.011720923315251045
136.csv;18:53:35.576-2024/01/16;20;10,20,183,10,8,1,1,5,7,30,32,1,1,3,3,1,1,0.015417639557754822,0.027133416,0.01171577682670372
101.csv;10:08:36.877-2024/09/06;79;8,79,221,8,7,1,1,14,13,31,30,1,1,3,3,1,1,0.015417639557754822,0.027133383,0.011715743299091034
160.csv;07:36:47.836-2024/12/05;469;13,469,493,13,9,0,0,6,8,28,31,0,0,4,4,1,1,0.015417639557754822,0.027129428,0.011711788903439217
160.csv;09:18:39.910-2024/12/05;350;5,350,363,5,4,0,0,15,12,30,29,0,0,4,4,1,1,0.015417639557754822,0.02712207,0.011704429592454605
160.csv;07:22:22.902-2024/12/05;1016;10,1016,813,10,9,0,0,2,5,28,28,0,0,4,4,1,1,0.015417639557754822,0.027119733,0.01170209383543747
160.csv;07:29:10.106-2024/12/05;776;15,776,746,15,11,0,0,1,4,28,28,1,1,4,4,0,0,0.015417639557754822,0.02711411,0.011696470509731941
160.csv;06:59:20.479-2024/12/05;1014;0,1014,860,0,3,0,0,11,9,30,30,0,0,4,4,1,1,0.015417639557754822,0.027110502,0.01169286256607788
160.csv;09:33:06.636-2024/12/05;1007;0,1007,829,0,3,0,0,12,10,29,30,0,0,4,4,1,1,0.015417639557754822,0.027099812,0.011682172845566444
160.csv;07:12:40.412-2024/12/05;111;10,111,276,10,7,0,0,7,8,29,31,0,0,4,3,0,0,0.015417639557754822,0.02709805,0.011680410783255272
160.csv;09:26:49.886-2024/12/05;195;15,195,233,15,13,0,0,9,9,30,32,1,1,3,3,1,1,0.015417639557754822,0.027090894,0.011673254500591927
160.csv;09:01:00.882-2024/12/05;943;0,943,737,0,3,0,0,1,5,28,29,0,0,4,4,0,0,0.015417639557754822,0.027090874,0.011673234011495285
160.csv;08:15:35.168-2024/12/05;755;11,755,648,11,8,0,0,3,6,29,31,0,0,4,3,1,1,0.015417639557754822,0.027076107,0.011658466960752182
160.csv;09:40:21.265-2024/12/05;437;15,437,454,15,9,0,0,11,10,30,32,0,0,4,4,0,0,0.015417639557754822,0.027068077,0.011650437097513847
157.csv;04:04:22.405-2024/10/29;251;5,251,273,5,6,1,1,15,13,29,31,1,1,3,3,1,1,0.015417639557754822,0.027065549,0.011647909488046341
157.csv;04:04:21.381-2024/10/29;149;3,149,281,3,5,1,0,15,12,28,29,1,1,4,4,0,0,0.015417639557754822,0.027057411,0.01163977159138935
160.csv;08:23:07.340-2024/12/05;916;10,916,698,10,7,0,0,1,5,28,31,0,0,4,4,1,1,0.015417639557754822,0.027056517,0.01163887752171772
160.csv;07:45:37.588-2024/12/05;197;0,197,303,0,3,0,0,11,10,29,29,0,0,4,4,1,1,0.015417639557754822,0.027053136,0.011635496820771866
158.csv;08:03:31.135-2024/12/06;539;15,539,487,15,11,0,0,13,11,30,32,0,0,4,4,0,0,0.015417639557754822,0.027037142,0.01161950228687542
160.csv;09:17:37.572-2024/12/05;260;5,260,440,5,6,0,0,0,4,30,30,0,0,4,4,0,0,0.015417639557754822,0.02703574,0.011618099715078049
160.csv;06:43:48.737-2024/12/05;1023;11,1023,721,11,8,0,0,11,10,28,30,0,0,4,4,0,0,0.015417639557754822,0.027033953,0.011616313438379936
160.csv;09:17:34.366-2024/12/05;963;15,963,792,15,9,0,0,4,6,29,31,0,0,4,4,0,0,0.015417639557754822,0.02703346,0.01161581983741539
000.csv;05:56:33.645-2024/09/02;108;5,108,46,5,4,0,0,13,13,20,28,1,1,2,2,1,1,0.015417639557754822,0.027027935,0.011610295231902771
160.csv;09:41:10.718-2024/12/05;263;0,263,336,0,4,0,0,3,6,29,31,0,0,4,4,0,1,0.015417639557754822,0.027024083,0.011606443281734161
160.csv;07:22:22.595-2024/12/05;985;11,985,750,11,8,0,0,3,5,28,30,0,0,4,4,0,0,0.015417639557754822,0.027014723,0.011597083489859276
160.csv;07:30:52.996-2024/12/05;825;16,825,757,16,10,0,0,0,5,30,30,1,1,4,4,0,0,0.015417639557754822,0.027012005,0.011594365890586548
160.csv;07:22:22.775-2024/12/05;1003;10,1003,807,10,8,0,0,3,6,28,30,0,0,4,4,0,0,0.015417639557754822,0.027011922,0.011594282071554832
160.csv;07:36:52.277-2024/12/05;914;0,914,789,0,3,0,0,3,6,29,30,0,0,4,4,1,1,0.015417639557754822,0.02700426,0.011586621012056045
160.csv;09:17:31.213-2024/12/05;648;10,648,620,10,8,0,0,4,6,30,30,0,0,4,4,0,0,0.015417639557754822,0.026999453,0.01158181352492588
160.csv;07:15:17.559-2024/12/05;466;0,466,475,0,1,0,0,5,7,28,32,1,1,3,3,0,0,0.015417639557754822,0.0269964,0.01157876064952629
158.csv;08:19:32.311-2024/12/06;401;11,401,425,11,9,0,0,11,10,29,31,0,0,4,3,1,1,0.015417639557754822,0.0269674,0.011549761127197914
160.csv;06:43:12.787-2024/12/05;500;15,500,499,15,10,0,0,8,8,28,31,0,0,4,4,0,0,0.015417639557754822,0.026966933,0.011549293603265457
160.csv;09:28:22.705-2024/12/05;261;15,261,381,15,9,0,0,14,12,29,31,0,0,4,4,1,1,0.015417639557754822,0.026965978,0.011548338066303902
158.csv;08:10:44.450-2024/12/06;863;8,863,714,8,6,0,0,1,4,29,31,0,0,4,4,0,0,0.015417639557754822,0.026960328,0.011542688663566284
160.csv;08:38:41.736-2024/12/05;148;11,148,297,11,7,0,0,12,10,28,30,0,0,4,3,0,0,0.015417639557754822,0.026958445,0.011540805529320412
158.csv;08:03:22.843-2024/12/06;734;10,734,661,10,8,0,0,2,5,29,30,0,0,4,4,1,1,0.015417639557754822,0.026947575,0.0115299351322295
160.csv;08:38:42.078-2024/12/05;182;10,182,313,10,7,0,0,9,9,28,31,0,0,4,4,1,1,0.015417639557754822,0.026943939,0.011526299248898201
160.csv;08:31:06.339-2024/12/05;688;15,688,645,15,11,0,0,13,11,29,30,0,0,4,3,1,1,0.015417639557754822,0.02693374,0.011516101266706161
160.csv;07:36:52.466-2024/12/05;932;15,932,776,15,10,0,0,8,9,28,30,0,0,4,4,0,0,0.015417639557754822,0.026924893,0.011507253702247314
160.csv;06:44:58.219-2024/12/05;803;15,803,697,15,10,0,0,6,7,30,30,0,0,4,4,1,1,0.015417639557754822,0.026902549,0.01148490941103714
160.csv;06:58:26.204-2024/12/05;706;10,706,609,10,7,0,0,13,11,30,32,0,0,4,4,0,0,0.015417639557754822,0.026884392,0.011466752346122436
158.csv;08:11:34.174-2024/12/06;715;15,715,675,15,11,0,0,11,9,28,31,0,0,4,3,0,0,0.015417639557754822,0.026866863,0.011449222992623024
160.csv;07:51:30.201-2024/12/05;642;11,642,623,11,9,0,0,10,10,29,32,1,1,3,3,0,0,0.015417639557754822,0.026854416,0.011436776797735863
160.csv;08:23:07.280-2024/12/05;910;11,910,704,11,9,0,0,6,7,28,30,0,0,4,4,0,0,0.015417639557754822,0.026848393,0.01143075300332325
160.csv;09:17:43.919-2024/12/05;895;1,895,728,1,2,0,0,2,5,29,30,0,0,4,4,1,1,0.015417639557754822,0.026838511,0.01142087167080658
160.csv;09:32:53.976-2024/12/05;765;0,765,659,0,4,0,0,4,7,30,30,0,0,4,4,0,0,0.015417639557754822,0.026833087,0.011415447648132019
160.csv;09:17:37.597-2024/12/05;262;15,262,336,15,10,0,0,5,8,30,31,0,0,4,4,0,0,0.015417639557754822,0.026830623,0.011412983368599586
160.csv;08:23:07.567-2024/12/05;939;7,939,743,7,6,0,0,13,11,28,30,0,0,4,4,1,1,0.015417639557754822,0.02682668,0.011409040148818664
160.csv;09:26:19.198-2024/12/05;199;0,199,285,0,3,0,0,2,6,29,30,0,0,4,4,0,0,0.015417639557754822,0.02681014,0.011392499859893494
160.csv;08:23:07.531-2024/12/05;935;11,935,776,11,8,0,0,5,7,28,31,0,0,4,4,1,1,0.015417639557754822,0.026805535,0.011387895401084595
160.csv;06:49:37.067-2024/12/05;16;15,16,99,15,10,0,0,0,5,28,28,1,1,4,4,0,0,0.015417639557754822,0.026801197,0.011383557300532036
160.csv;07:14:41.293-2024/12/05;935;6,935,760,6,5,0,0,1,4,30,29,0,0,4,4,0,0,0.015417639557754822,0.026800845,0.011383205260598831
132.csv;22:16:56.567-2024/01/13;22;10,22,128,10,10,0,0,7,7,31,31,1,1,2,3,0,0,0.015417639557754822,0.026786152,0.011368512715661697
158.csv;08:17:45.797-2024/12/06;1014;0,1014,752,0,4,0,0,12,10,28,30,0,0,4,4,0,0,0.015417639557754822,0.026785754,0.011368114109599762
160.csv;06:58:31.962-2024/12/05;258;6,258,356,6,6,0,0,13,11,28,30,0,0,4,3,0,0,0.015417639557754822,0.026777435,0.011359795536363296
157.csv;04:04:21.270-2024/10/29;138;0,138,247,0,4,1,0,11,10,28,29,1,1,4,4,0,0,0.015417639557754822,0.026767578,0.011349938418233566
160.csv;09:25:17.725-2024/12/05;195;15,195,417,15,9,0,0,3,6,30,31,0,0,4,4,0,0,0.015417639557754822,0.026762627,0.01134498750742691
160.csv;08:31:04.075-2024/12/05;462;6,462,545,6,5,0,0,6,7,30,32,0,0,4,4,1,1,0.015417639557754822,0.026752766,0.011335126664006882
160.csv;06:59:20.391-2024/12/05;1005;0,1005,825,0,2,0,0,11,10,28,29,0,0,4,4,1,1,0.015417639557754822,0.02674705,0.011329410206043892
160.csv;08:15:35.196-2024/12/05;758;5,758,698,5,5,0,0,15,12,29,31,0,0,4,3,0,0,0.015417639557754822,0.026736496,0.01131885645862835
160.csv;06:58:31.998-2024/12/05;262;0,262,421,0,3,0,0,6,7,28,31,0,0,4,4,1,1,0.015417639557754822,0.02671191,0.0112942695426585
160.csv;09:17:47.139-2024/12/05;193;5,193,384,5,5,0,0,2,4,29,28,0,0,4,4,1,1,0.015417639557754822,0.026697759,0.011280119027459793
160.csv;07:22:55.387-2024/12/05;169;1,169,289,1,3,0,0,5,7,30,30,0,0,4,4,1,1,0.015417639557754822,0.026685253,0.011267613227927856
160.csv;06:50:33.078-2024/12/05;497;15,497,524,15,9,0,0,3,5,28,30,0,0,4,4,0,0,0.015417639557754822,0.026683573,0.01126593312200325
160.csv;08:07:58.794-2024/12/05;174;0,174,362,0,4,0,0,13,10,28,30,0,0,4,4,1,1,0.015417639557754822,0.026679479,0.01126183902796524
160.csv;09:18:39.874-2024/12/05;346;15,346,402,15,10,0,0,7,7,30,32,0,0,4,4,1,1,0.015417639557754822,0.0266732,0.011255560051167183
158.csv;08:10:48.588-2024/12/06;253;5,253,410,5,6,0,0,0,3,29,30,0,0,4,4,0,0,0.015417639557754822,0.026661402,0.011243762056791954
160.csv;07:30:21.017-2024/12/05;699;16,699,612,16,10,0,0,4,7,28,30,0,0,4,4,0,0,0.015417639557754822,0.02666047,0.011242830734217339
160.csv;07:22:28.295-2024/12/05;531;15,531,535,15,10,0,0,10,9,28,31,0,0,4,4,0,0,0.015417639557754822,0.026646532,0.011228892560565643
160.csv;09:34:13.796-2024/12/05;554;16,554,517,16,11,0,0,8,9,29,31,0,0,4,3,1,1,0.015417639557754822,0.026643839,0.011226199175679855
160.csv;07:22:53.383-2024/12/05;992;10,992,822,10,7,0,0,4,6,30,30,0,0,4,4,1,1,0.015417639557754822,0.026624816,0.01120717598077076
160.csv;06:58:31.926-2024/12/05;254;11,254,389,11,8,0,0,14,12,28,30,0,0,4,3,1,1,0.015417639557754822,0.026620612,0.011202971990668945
160.csv;09:32:53.923-2024/12/05;759;11,759,682,11,9,0,0,3,5,30,31,0,0,4,3,1,1,0.015417639557754822,0.026618797,0.011201157774293594
158.csv;08:19:32.356-2024/12/06;406;1,406,476,1,3,0,0,13,10,28,31,0,0,4,4,0,0,0.015417639557754822,0.026611995,0.011194355394208603
158.csv;08:17:45.370-2024/12/06;971;5,971,794,5,5,0,0,2,5,30,31,0,0,4,4,1,1,0.015417639557754822,0.026604543,0.01118690295096653
160.csv;08:38:41.676-2024/12/05;142;5,142,206,5,5,0,0,14,12,28,27,0,0,4,4,1,1,0.015417639557754822,0.026601382,0.011183742042148285
160.csv;09:18:34.584-2024/12/05;841;10,841,751,10,7,0,0,2,5,28,30,0,0,4,4,0,0,0.015417639557754822,0.026599875,0.011182235162222557
160.csv;08:31:04.067-2024/12/05;461;6,461,516,6,5,0,0,15,11,30,32,0,0,4,3,1,1,0.015417639557754822,0.026598314,0.011180674265587501
158.csv;08:11:33.866-2024/12/06;684;16,684,638,16,10,0,0,4,7,29,30,0,0,4,4,0,0,0.015417639557754822,0.026590874,0.011173234860861473
160.csv;09:17:43.926-2024/12/05;895;15,895,725,15,10,0,0,10,10,29,31,0,0,4,4,0,0,0.015417639557754822,0.026590552,0.011172912623250656
160.csv;07:32:06.372-2024/12/05;995;10,995,912,10,8,0,0,4,5,30,31,1,1,3,3,0,0,0.015417639557754822,0.026578695,0.011161055024230652
103.csv;04:30:57.545-2024/09/04;492;0,492,472,0,3,0,0,13,11,31,31,0,0,4,4,1,1,0.015417639557754822,0.026577823,0.011160183306300812
160.csv;07:13:59.186-2024/12/05;820;15,820,716,15,11,0,0,15,12,28,31,0,0,4,3,0,0,0.015417639557754822,0.026577793,0.011160153503978424
158.csv;08:17:25.201-2024/12/06;1002;5,1002,683,5,5,0,0,8,9,28,30,0,0,4,4,1,1,0.015417639557754822,0.026577435,0.011159795876109772
160.csv;06:43:48.725-2024/12/05;1022;10,1022,787,10,8,0,0,4,6,28,29,0,0,4,4,1,1,0.015417639557754822,0.026576465,0.011158825437987022
160.csv;08:15:35.367-2024/12/05;775;10,775,664,10,8,0,0,4,6,28,30,0,0,4,4,1,1,0.015417639557754822,0.026575472,0.011157832648122482
160.csv;06:58:30.570-2024/12/05;119;1,119,353,1,4,0,0,6,8,28,30,0,0,4,4,1,1,0.015417639557754822,0.026574891,0.011157251502835922
160.csv;07:53:23.752-2024/12/05;733;15,733,638,15,10,0,0,9,9,28,32,0,0,4,4,0,0,0.015417639557754822,0.026565772,0.011148131992185287
160.csv;07:46:38.872-2024/12/05;181;10,181,107,10,11,0,0,8,9,30,31,1,1,2,3,0,0,0.015417639557754822,0.026563792,0.011146152000391655
160.csv;06:43:51.470-2024/12/05;273;0,273,349,0,3,0,0,14,11,28,30,0,0,4,3,1,1,0.015417639557754822,0.026547773,0.011130133252108269
160.csv;08:31:04.127-2024/12/05;467;11,467,528,11,8,0,0,8,8,28,30,0,0,4,3,1,1,0.015417639557754822,0.026543142,0.01112550271626728
160.csv;08:47:26.581-2024/12/05;409;0,409,452,0,3,0,0,14,11,30,31,0,0,4,4,0,0,0.015417639557754822,0.026538879,0.01112123912152069
160.csv;08:38:43.711-2024/12/05;346;0,346,438,0,3,0,0,2,6,28,30,0,0,4,4,0,0,0.015417639557754822,0.026533537,0.011115897055232696
158.csv;08:03:22.843-2024/12/06;734;15,734,652,15,10,0,0,5,7,29,31,0,0,4,4,1,1,0.015417639557754822,0.026530704,0.011113063971960716
160.csv;09:26:16.146-2024/12/05;917;15,917,774,15,10,0,0,8,8,29,29,0,0,4,4,1,1,0.015417639557754822,0.026528146,0.011110506560170822
158.csv;08:03:22.856-2024/12/06;736;0,736,623,0,3,0,0,3,6,28,29,0,0,4,4,0,1,0.015417639557754822,0.026521401,0.011103761922085457
160.csv;07:52:54.734-2024/12/05;904;0,904,694,0,4,0,0,4,7,28,31,0,0,4,4,0,0,0.015417639557754822,0.026508687,0.011091047506296806
160.csv;07:44:39.604-2024/12/05;542;15,542,531,15,10,0,0,4,7,30,31,0,0,4,4,0,0,0.015417639557754822,0.02650739,0.011089751105272942
160.csv;06:43:48.735-2024/12/05;1023;5,1023,791,5,5,0,0,6,7,28,30,0,0,4,4,1,1,0.015417639557754822,0.026505118,0.01108747867819088
160.csv;09:32:50.721-2024/12/05;439;6,439,423,6,5,0,0,1,4,30,31,0,0,4,4,0,0,0.015417639557754822,0.026503418,0.011085778083169632
136.csv;18:54:43.396-2024/01/16;658;10,658,699,10,11,1,1,6,5,29,31,1,1,2,2,1,1,0.015417639557754822,0.02650201,0.011084369923436813
160.csv;06:42:28.290-2024/12/05;147;0,147,251,0,3,0,0,10,9,30,30,0,0,4,4,1,1,0.015417639557754822,0.026499055,0.011081415768230133
158.csv;08:11:34.207-2024/12/06;719;0,719,624,0,4,0,0,15,12,28,31,0,0,4,4,1,1,0.015417639557754822,0.026487853,0.011070213820302658
160.csv;06:52:18.925-2024/12/05;842;5,842,700,5,5,0,0,3,6,28,30,0,0,4,3,0,0,0.015417639557754822,0.026487427,0.011069787274563484
158.csv;08:03:31.158-2024/12/06;542;0,542,509,0,4,0,0,15,11,29,31,0,0,4,4,1,1,0.015417639557754822,0.026473118,0.011055478434527092
160.csv;09:18:42.033-2024/12/05;562;12,562,565,12,9,0,0,3,6,29,31,0,0,4,4,1,1,0.015417639557754822,0.026471809,0.011054168994987183
160.csv;08:38:39.062-2024/12/05;905;0,905,702,0,3,0,0,3,6,28,28,0,0,4,4,1,1,0.015417639557754822,0.026462235,0.011044594998920135
160.csv;09:17:43.943-2024/12/05;897;10,897,750,10,8,0,0,0,5,29,30,0,0,4,3,1,1,0.015417639557754822,0.026459739,0.011042099054420166
160.csv;07:44:42.104-2024/12/05;792;16,792,673,16,11,0,0,8,9,28,31,0,0,4,4,0,0,0.015417639557754822,0.026454963,0.011037323232257538
160.csv;06:58:26.676-2024/12/05;753;12,753,668,12,9,0,0,13,11,28,31,0,0,4,4,1,1,0.015417639557754822,0.026444945,0.011027305926644974
160.csv;09:30:03.435-2024/12/05;95;0,95,242,0,2,0,0,3,5,30,24,1,1,4,4,1,1,0.015417639557754822,0.026444845,0.011027205343806915
160.csv;06:51:25.163-2024/12/05;586;0,586,556,0,3,0,0,1,5,29,32,0,0,4,4,0,0,0.015417639557754822,0.02643201,0.011014369856083565
160.csv;07:14:53.496-2024/12/05;107;15,107,203,15,12,0,0,13,12,30,30,1,1,3,3,1,1,0.015417639557754822,0.026415499,0.010997859369480781
160.csv;09:26:49.866-2024/12/05;193;15,193,231,15,12,0,0,3,4,30,32,1,1,3,3,1,1,0.015417639557754822,0.026408501,0.01099086141165512
158.csv;08:19:30.431-2024/12/06;213;11,213,137,11,10,0,0,6,7,30,31,1,1,2,3,0,0,0.015417639557754822,0.026403598,0.010985958929622345
160.csv;09:01:00.282-2024/12/05;883;6,883,761,6,6,0,0,13,11,28,31,0,0,4,3,1,1,0.015417639557754822,0.026394166,0.01097652649458664
160.csv;09:01:00.175-2024/12/05;872;10,872,716,10,8,0,0,14,12,28,27,0,0,4,3,0,0,0.015417639557754822,0.02639081,0.010973170008027725
136.csv;18:53:00.904-2024/01/16;649;10,649,707,10,8,1,1,5,5,20,29,1,1,2,2,0,0,0.015417639557754822,0.02638744,0.010969800482952766
160.csv;09:41:08.597-2024/12/05;51;2,51,319,2,4,0,0,3,5,31,31,0,0,4,4,1,1,0.015417639557754822,0.026380893,0.01096325328525322
160.csv;08:07:58.591-2024/12/05;153;15,153,258,15,12,0,0,15,14,29,30,0,0,3,3,0,0,0.015417639557754822,0.026380438,0.010962798799836807
160.csv;09:18:37.319-2024/12/05;91;5,91,270,5,5,0,0,12,10,29,29,0,0,4,4,0,0,0.015417639557754822,0.02635788,0.010940240304434471
160.csv;06:51:40.445-2024/12/05;66;10,66,266,10,8,0,0,2,5,30,30,0,0,4,4,1,1,0.015417639557754822,0.026355589,0.010937949250900917
160.csv;07:14:41.296-2024/12/05;935;15,935,779,15,10,0,0,6,7,30,31,0,0,4,4,1,1,0.015417639557754822,0.026354138,0.010936498250329666
160.csv;07:14:05.065-2024/12/05;384;15,384,409,15,10,0,0,1,5,30,29,0,0,4,4,1,1,0.015417639557754822,0.026348744,0.010931104029977493
160.csv;07:53:23.704-2024/12/05;728;15,728,656,15,10,0,0,5,7,28,30,0,0,4,4,1,1,0.015417639557754822,0.026348079,0.010930439065659218
160.csv;06:50:34.157-2024/12/05;605;12,605,585,12,9,0,0,10,9,28,31,0,0,4,4,0,0,0.015417639557754822,0.026346179,0.010928539167607002
160.csv;06:59:22.666-2024/12/05;208;10,208,320,10,8,0,0,12,10,28,30,0,0,4,4,1,1,0.015417639557754822,0.02634611,0.01092847024973648
160.csv;07:22:22.559-2024/12/05;982;0,982,786,0,4,0,0,4,7,28,29,0,0,4,4,1,1,0.015417639557754822,0.026341733,0.010924093033635788
157.csv;04:04:21.591-2024/10/29;170;2,170,242,2,3,1,1,8,8,28,31,1,1,3,3,1,1,0.015417639557754822,0.026340269,0.010922628994548492
136.csv;18:51:51.616-2024/01/16;888;9,888,849,9,8,1,1,6,7,20,26,1,1,3,3,1,1,0.015417639557754822,0.026338305,0.010920665766561203
158.csv;08:11:33.802-2024/12/06;678;15,678,636,15,12,0,0,13,12,30,31,0,0,4,3,1,1,0.015417639557754822,0.026336161,0.010918521861994438
160.csv;07:14:07.315-2024/12/05;609;15,609,600,15,9,0,0,10,10,28,31,0,0,4,4,1,1,0.015417639557754822,0.026328268,0.010910627971851997
160.csv;07:22:25.787-2024/12/05;280;15,280,360,15,10,0,0,12,11,28,30,0,0,4,4,0,0,0.015417639557754822,0.026315024,0.010897384564840965
160.csv;08:46:07.201-2024/12/05;663;1,663,589,1,3,0,0,15,12,28,31,0,0,4,4,0,0,0.015417639557754822,0.026305232,0.010887592639291458
160.csv;07:53:23.800-2024/12/05;738;5,738,633,5,5,0,0,14,12,28,30,0,0,4,3,1,1,0.015417639557754822,0.02629865,0.010881010051334076
160.csv;08:31:43.891-2024/12/05;347;15,347,378,15,10,0,0,14,12,30,30,0,0,4,4,0,0,0.015417639557754822,0.026297517,0.010879877563083343
160.csv;08:15:37.148-2024/12/05;953;10,953,778,10,8,0,0,3,6,28,30,0,0,4,4,0,0,0.015417639557754822,0.026293855,0.010876215602719955
160.csv;09:18:37.255-2024/12/05;84;10,84,200,10,8,0,0,3,6,29,30,0,0,4,3,1,1,0.015417639557754822,0.026288183,0.010870543848240547
160.csv;07:14:00.235-2024/12/05;925;12,925,916,12,10,0,0,0,3,29,31,0,0,3,2,1,1,0.015417639557754822,0.026285868,0.010868228580320053
160.csv;09:26:42.574-2024/12/05;488;15,488,530,15,9,0,0,13,11,29,32,0,0,4,4,0,0,0.015417639557754822,0.026285646,0.010868006925547295
160.csv;09:17:43.912-2024/12/05;894;5,894,826,5,5,0,0,13,11,29,31,0,0,4,4,0,0,0.015417639557754822,0.026284423,0.01086678316768425
158.csv;08:03:22.776-2024/12/06;727;15,727,642,15,10,0,0,2,5,30,32,0,0,4,4,1,1,0.015417639557754822,0.026275057,0.010857417787873917
160.csv;07:22:13.186-2024/12/05;44;15,44,97,15,10,0,0,4,6,30,29,1,1,4,4,1,1,0.015417639557754822,0.026264716,0.010847076382005386
160.csv;07:29:11.882-2024/12/05;954;10,954,740,10,8,0,0,14,11,28,29,0,0,4,4,0,0,0.015417639557754822,0.026257735,0.010840095187986069
160.csv;07:59:22.765-2024/12/05;795;0,795,696,0,2,0,0,3,5,29,29,0,0,4,4,1,1,0.015417639557754822,0.026252093,0.010834453235829048
160.csv;09:33:06.620-2024/12/05;1005;5,1005,819,5,5,0,0,7,7,29,30,0,0,4,4,1,1,0.015417639557754822,0.026249342,0.010831702108943634
160.csv;08:16:58.258-2024/12/05;872;10,872,829,10,9,0,0,6,7,28,30,1,1,3,3,0,0,0.015417639557754822,0.026244937,0.010827296953165703
160.csv;09:34:15.942-2024/12/05;769;15,769,709,15,11,0,0,11,10,30,31,0,0,4,3,1,1,0.015417639557754822,0.026233867,0.010816227253043823
160.csv;09:25:30.461-2024/12/05;445;7,445,512,7,6,0,0,5,7,30,31,0,0,4,3,1,1,0.015417639557754822,0.02623363,0.01081599069710987
160.csv;08:38:39.162-2024/12/05;915;0,915,578,0,3,0,0,6,8,28,29,0,0,4,4,0,0,0.015417639557754822,0.026232578,0.010814938302600555
158.csv;08:03:29.956-2024/12/06;421;15,421,445,15,11,0,0,13,11,30,32,0,0,4,4,0,0,0.015417639557754822,0.026230637,0.010812997426355057
160.csv;08:23:07.196-2024/12/05;902;1,902,711,1,4,0,0,13,11,28,31,0,0,4,4,0,0,0.015417639557754822,0.026217384,0.010799744706118278
160.csv;09:40:18.058-2024/12/05;117;5,117,313,5,6,0,0,11,10,30,30,0,0,4,4,0,0,0.015417639557754822,0.026217211,0.0107995714801194
160.csv;07:22:22.839-2024/12/05;1009;16,1009,735,16,10,0,0,7,8,28,30,0,0,4,4,0,0,0.015417639557754822,0.026211176,0.010793536509835892
160.csv;09:26:13.890-2024/12/05;692;5,692,639,5,5,0,0,0,4,31,31,0,0,4,4,1,1,0.015417639557754822,0.026210258,0.01079261822577732
160.csv;07:30:23.417-2024/12/05;940;0,940,740,0,3,0,0,4,6,28,30,0,0,4,4,0,0,0.015417639557754822,0.026208645,0.010791005175078087
160.csv;09:17:34.421-2024/12/05;969;5,969,763,5,6,0,0,15,10,29,29,0,0,4,4,0,0,0.015417639557754822,0.026201267,0.010783627237641983
160.csv;09:09:57.565-2024/12/05;339;12,339,386,12,8,0,0,8,8,30,32,0,0,4,3,1,1,0.015417639557754822,0.026192505,0.01077486535486
160.csv;08:38:41.716-2024/12/05;146;10,146,293,10,7,0,0,13,11,28,30,0,0,4,4,1,1,0.015417639557754822,0.026190931,0.0107732914197089
160.csv;07:13:26.659-2024/12/05;640;0,640,604,0,3,0,0,1,5,29,32,0,0,4,4,0,0,0.015417639557754822,0.026180128,0.01076248807784336
158.csv;08:03:27.338-2024/12/06;160;5,160,387,5,5,0,0,0,3,28,30,0,0,4,4,1,1,0.015417639557754822,0.026175132,0.010757492463553123
160.csv;06:51:25.038-2024/12/05;573;15,573,535,15,10,0,0,6,7,31,32,0,0,4,4,0,0,0.015417639557754822,0.026174707,0.010757067780459099
160.csv;07:22:53.491-2024/12/05;1003;6,1003,802,6,5,0,0,12,10,28,30,0,0,4,4,0,0,0.015417639557754822,0.026170148,0.010752508025133781
158.csv;08:03:23.958-2024/12/06;846;1,846,678,1,3,0,0,15,12,28,30,0,0,4,4,0,0,0.015417639557754822,0.026156778,0.010739137958252602
160.csv;09:18:41.997-2024/12/05;558;15,558,545,15,10,0,0,4,6,30,32,0,0,4,4,0,0,0.015417639557754822,0.02613622,0.01071857994374054
160.csv;07:43:46.683-2024/12/05;370;15,370,441,15,10,0,0,14,12,28,29,0,0,4,4,0,0,0.015417639557754822,0.026132705,0.01071506513234394
160.csv;07:14:05.148-2024/12/05;393;0,393,433,0,3,0,0,10,9,30,31,0,0,4,4,0,0,0.015417639557754822,0.026119428,0.010701788197720222
158.csv;08:03:23.093-2024/12/06;759;10,759,686,10,8,0,0,15,12,28,29,0,0,4,4,1,1,0.015417639557754822,0.026119381,0.010701741631591492
158.csv;08:03:29.931-2024/12/06;419;10,419,446,10,8,0,0,1,4,30,31,0,0,4,4,1,1,0.015417639557754822,0.026117478,0.010699838008248978
160.csv;08:23:07.543-2024/12/05;936;16,936,749,16,11,0,0,15,12,28,30,0,0,4,4,0,0,0.015417639557754822,0.026110709,0.010693069155776672
160.csv;09:26:16.058-2024/12/05;909;5,909,812,5,6,0,0,1,5,31,30,0,0,4,3,1,1,0.015417639557754822,0.026110038,0.01069239860352295
136.csv;18:53:15.988-2024/01/16;110;0,110,251,0,4,1,0,14,12,30,30,1,1,4,4,0,0,0.015417639557754822,0.026105668,0.010688028838002853
160.csv;06:57:31.991-2024/12/05;405;5,405,472,5,4,0,0,0,4,28,29,0,0,4,4,0,0,0.015417639557754822,0.026101395,0.010683755930030518
160.csv;09:41:39.506-2024/12/05;70;1,70,283,1,3,0,0,4,7,29,31,0,0,4,4,1,1,0.015417639557754822,0.026089335,0.010671695302689247
160.csv;07:22:25.675-2024/12/05;269;15,269,403,15,10,0,0,4,6,28,30,0,0,4,4,1,1,0.015417639557754822,0.026082985,0.010665345545375519
160.csv;09:03:22.529-2024/12/05;772;0,772,661,0,3,0,0,2,6,30,31,0,0,4,4,0,0,0.015417639557754822,0.02608126,0.010663620735967331
160.csv;09:09:57.556-2024/12/05;338;15,338,410,15,10,0,0,2,6,30,31,0,0,4,4,1,1,0.015417639557754822,0.02607867,0.01066102979656475
160.csv;08:23:07.272-2024/12/05;910;0,910,704,0,3,0,0,1,5,28,31,0,0,4,4,0,0,0.015417639557754822,0.026076812,0.010659172739350967
136.csv;18:52:16.348-2024/01/16;290;0,290,347,0,2,1,1,0,-1,18,25,1,1,2,2,1,1,0.015417639557754822,0.026071576,0.010653936843836479
160.csv;09:34:13.783-2024/12/05;553;15,553,487,15,11,0,0,10,10,29,31,0,0,4,3,1,1,0.015417639557754822,0.026062535,0.010644895564282112
160.csv;09:41:10.721-2024/12/05;263;10,263,366,10,7,0,0,12,10,29,31,0,0,4,4,0,0,0.015417639557754822,0.026056733,0.010639093424642258
101.csv;09:54:29.215-2024/09/06;305;5,305,359,5,6,0,0,13,10,31,32,0,0,4,4,0,0,0.015417639557754822,0.026049946,0.01063230594571846
160.csv;06:43:48.735-2024/12/05;1023;6,1023,832,6,4,0,0,7,7,28,31,0,0,4,4,1,1,0.015417639557754822,0.026046092,0.010628452132904701
160.csv;06:43:43.138-2024/12/05;463;16,463,478,16,11,0,0,8,8,28,29,0,0,4,4,1,1,0.015417639557754822,0.026044572,0.010626932214462929
160.csv;09:25:17.901-2024/12/05;213;10,213,332,10,9,0,0,6,7,29,33,1,1,3,4,1,1,0.015417639557754822,0.026041845,0.010624205301964455
160.csv;06:59:22.509-2024/12/05;193;1,193,347,1,4,0,0,3,7,29,31,0,0,4,4,1,1,0.015417639557754822,0.02601812,0.0106004807906987
160.csv;09:03:27.775-2024/12/05;272;10,272,350,10,8,0,0,15,11,29,30,0,0,4,4,0,0,0.015417639557754822,0.026015067,0.01059742791529911
155.csv;03:42:10.716-2024/10/29;202;5,202,315,5,6,0,0,15,13,0,13,0,0,3,3,0,0,0.015417639557754822,0.025995335,0.010577695052588158
158.csv;08:11:34.162-2024/12/06;714;10,714,637,10,8,0,0,0,4,28,30,0,0,4,4,1,1,0.015417639557754822,0.025995173,0.010577533002460174
160.csv;06:51:25.135-2024/12/05;583;10,583,595,10,7,0,0,0,4,29,29,0,0,4,4,1,1,0.015417639557754822,0.025995137,0.010577497612202339
160.csv;08:16:31.446-2024/12/05;239;5,239,265,5,6,0,0,10,11,29,33,1,1,3,3,0,0,0.015417639557754822,0.025986303,0.010568663086259537
160.csv;09:17:31.257-2024/12/05;652;15,652,628,15,10,0,0,6,7,29,30,0,0,4,3,1,1,0.015417639557754822,0.025982551,0.010564911718928986
160.csv;09:01:01.736-2024/12/05;4;10,4,293,10,8,0,0,6,7,28,30,0,0,4,4,0,0,0.015417639557754822,0.025981339,0.010563699136936836
160.csv;08:38:46.477-2024/12/05;622;10,622,604,10,8,0,0,3,5,28,31,0,0,4,4,0,0,0.015417639557754822,0.025977632,0.010559992473089867
160.csv;07:15:24.652-2024/12/05;151;10,151,75,10,9,0,0,8,8,30,32,1,1,2,2,1,1,0.015417639557754822,0.025971873,0.010554233174288444
160.csv;07:38:26.264-2024/12/05;72;15,72,201,15,10,0,0,1,5,30,31,1,1,4,4,0,0,0.015417639557754822,0.025971226,0.010553586836421661
160.csv;08:15:38.826-2024/12/05;97;1,97,268,1,4,0,0,11,10,28,30,0,0,4,4,1,1,0.015417639557754822,0.025968209,0.010550569351279907
160.csv;08:38:42.098-2024/12/05;184;10,184,387,10,8,0,0,2,6,28,31,0,0,4,4,1,1,0.015417639557754822,0.025957176,0.010539536904061012
160.csv;09:01:01.083-2024/12/05;963;0,963,745,0,3,0,0,9,8,28,31,0,0,4,4,0,0,0.015417639557754822,0.025953202,0.010535562019312553
158.csv;08:10:44.638-2024/12/06;882;5,882,674,5,5,0,0,13,10,28,31,0,0,4,4,0,0,0.015417639557754822,0.025951777,0.010534137095773392
160.csv;07:14:41.306-2024/12/05;936;15,936,747,15,10,0,0,10,9,29,30,0,0,4,4,1,1,0.015417639557754822,0.025949279,0.010531639288628273
121.csv;21:48:46.679-2024/01/04;521;4,521,504,4,5,0,0,11,11,30,30,0,0,4,3,0,0,0.015417639557754822,0.025940964,0.010523324440682106
155.csv;03:53:38.437-2024/10/29;366;5,366,388,5,6,1,1,11,10,31,32,1,1,3,3,1,1,0.015417639557754822,0.025932388,0.010514748822415047
160.csv;07:14:06.177-2024/12/05;495;15,495,550,15,10,0,0,8,9,28,31,0,0,4,3,1,1,0.015417639557754822,0.025932256,0.010514616574609451
160.csv;06:42:28.707-2024/12/05;188;15,188,261,15,12,0,0,12,11,28,32,1,1,3,3,1,1,0.015417639557754822,0.02593091,0.010513269882166557
160.csv;08:07:59.322-2024/12/05;226;11,226,366,11,7,0,0,0,5,28,32,0,0,4,3,0,0,0.015417639557754822,0.02591817,0.010500531251990967
160.csv;09:32:50.721-2024/12/05;439;5,439,428,5,6,0,0,15,11,29,29,0,0,4,4,0,0,0.015417639557754822,0.02591364,0.010496001298988037
158.csv;08:10:48.704-2024/12/06;264;10,264,279,10,8,0,0,1,4,28,31,0,0,3,2,0,0,0.015417639557754822,0.025905026,0.010487386565172844
160.csv;09:40:18.061-2024/12/05;117;7,117,364,7,6,0,0,13,11,30,30,0,0,4,4,0,0,0.015417639557754822,0.025894653,0.010477013494336777
136.csv;18:51:46.764-2024/01/16;403;10,403,399,10,10,1,1,15,14,30,31,1,1,2,2,1,1,0.015417639557754822,0.025889426,0.010471786912048035
160.csv;09:34:10.564-2024/12/05;231;15,231,329,15,10,0,0,11,10,29,30,0,0,4,4,1,1,0.015417639557754822,0.025880914,0.01046327462371605
158.csv;08:04:40.386-2024/12/06;296;16,296,389,16,13,0,0,15,13,28,32,1,1,3,3,0,0,0.015417639557754822,0.025876397,0.010458757709229164
160.csv;07:22:22.647-2024/12/05;991;0,991,747,0,3,0,0,10,9,28,29,0,0,4,4,0,0,0.015417639557754822,0.02586576,0.010448120142781906
160.csv;07:14:41.500-2024/12/05;956;5,956,735,5,5,0,0,8,8,28,31,0,0,4,4,1,1,0.015417639557754822,0.02586535,0.010447710360849075
160.csv;09:17:08.528-2024/12/05;428;0,428,450,0,1,0,0,7,8,30,32,1,1,3,4,0,0,0.015417639557754822,0.025864433,0.010446793939435654
160.csv;07:44:39.756-2024/12/05;558;1,558,553,1,4,0,0,4,7,29,33,0,0,4,4,0,0,0.015417639557754822,0.025861658,0.0104440185981633
158.csv;08:03:25.196-2024/12/06;970;0,970,704,0,4,0,0,4,7,28,29,0,0,4,4,0,0,0.015417639557754822,0.025859239,0.010441599022114448
160.csv;07:29:11.855-2024/12/05;951;15,951,754,15,9,0,0,9,9,28,30,0,0,4,4,0,0,0.015417639557754822,0.025851838,0.010434198732936554
160.csv;08:01:12.017-2024/12/05;456;0,456,507,0,3,0,0,3,6,30,31,0,0,4,4,0,0,0.015417639557754822,0.025850188,0.010432548429334335
160.csv;06:50:33.975-2024/12/05;587;10,587,564,10,8,0,0,2,6,28,30,0,0,4,4,0,0,0.015417639557754822,0.025840957,0.010423317159974747
160.csv;08:54:04.994-2024/12/05;314;5,314,382,5,5,0,0,14,11,28,31,0,0,4,4,0,0,0.015417639557754822,0.025818238,0.010400598477089577
136.csv;18:51:17.404-2024/01/16;539;9,539,490,9,9,1,1,6,7,14,22,1,1,1,2,1,1,0.015417639557754822,0.02581148,0.010393840800488167
158.csv;08:03:22.866-2024/12/06;737;1,737,666,1,3,0,0,15,11,28,30,0,0,4,4,1,1,0.015417639557754822,0.025807656,0.010390016789996796
158.csv;08:11:34.195-2024/12/06;717;15,717,660,15,11,0,0,10,9,28,31,0,0,4,4,1,1,0.015417639557754822,0.025804367,0.010386727358663254
160.csv;07:22:22.915-2024/12/05;1017;11,1017,808,11,9,0,0,12,10,28,31,0,0,4,3,0,0,0.015417639557754822,0.02580358,0.010385941322410278
160.csv;09:18:48.406-2024/12/05;175;16,175,268,16,13,0,0,14,13,28,30,1,1,3,3,1,1,0.015417639557754822,0.025802119,0.010384479145968132
158.csv;08:03:26.176-2024/12/06;44;0,44,315,0,4,0,0,11,10,28,29,0,0,4,4,1,1,0.015417639557754822,0.025794737,0.01037709748324173
160.csv;06:51:40.580-2024/12/05;80;0,80,282,0,3,0,0,7,8,29,31,0,0,4,4,0,0,0.015417639557754822,0.025791038,0.010373398269975357
160.csv;09:26:13.870-2024/12/05;690;6,690,701,6,5,0,0,2,6,31,33,0,0,4,3,1,1,0.015417639557754822,0.025784263,0.010366623829567604
160.csv;07:13:59.702-2024/12/05;872;10,872,737,10,7,0,0,15,11,30,31,0,0,4,4,0,0,0.015417639557754822,0.025783915,0.010366275514924698
158.csv;08:10:44.741-2024/12/06;892;10,892,791,10,8,0,0,5,6,28,31,0,0,4,4,1,1,0.015417639557754822,0.025753405,0.010335765387380295
160.csv;06:58:33.142-2024/12/05;376;6,376,446,6,5,0,0,6,7,29,31,0,0,4,3,0,0,0.015417639557754822,0.025751367,0.010333727653587036
160.csv;07:30:21.873-2024/12/05;785;6,785,673,6,5,0,0,0,5,28,31,0,0,4,4,0,0,0.015417639557754822,0.025730833,0.010313193853461914
160.csv;08:22:17.775-2024/12/05;56;6,56,167,6,6,0,0,5,5,28,30,1,1,3,4,0,0,0.015417639557754822,0.025730126,0.010312486048305206
160.csv;07:15:16.932-2024/12/05;403;5,403,431,5,5,0,0,2,6,31,30,0,0,4,4,0,0,0.015417639557754822,0.02570722,0.010289581100905113
160.csv;09:33:45.068-2024/12/05;754;1,754,715,1,3,0,0,4,6,29,32,0,0,4,3,0,0,0.015417639557754822,0.025707012,0.0102893724846484
160.csv;09:17:08.504-2024/12/05;425;10,425,429,10,8,0,0,11,10,30,30,0,0,4,3,0,0,0.015417639557754822,0.025706375,0.010288735460007362
157.csv;04:04:22.469-2024/10/29;258;0,258,307,0,3,1,0,9,9,29,29,1,1,4,4,0,0,0.015417639557754822,0.025706008,0.010288368518912964
160.csv;09:40:18.058-2024/12/05;117;6,117,283,6,6,0,0,12,10,30,31,0,0,4,4,0,0,0.015417639557754822,0.025705958,0.010288318227493935
160.csv;08:38:42.062-2024/12/05;181;0,181,321,0,3,0,0,13,11,28,29,0,0,4,4,0,0,0.015417639557754822,0.025705865,0.010288225095236473
160.csv;08:46:08.215-2024/12/05;764;10,764,643,10,7,0,0,0,5,30,31,0,0,4,4,1,1,0.015417639557754822,0.025692727,0.010275087858998947
160.csv;08:15:35.453-2024/12/05;784;0,784,661,0,4,0,0,15,11,28,30,0,0,4,4,1,1,0.015417639557754822,0.025687188,0.010269548352325134
160.csv;06:58:38.319-2024/12/05;894;0,894,674,0,4,0,0,6,8,28,30,0,0,4,4,0,0,0.015417639557754822,0.025681285,0.010263645629847221
160.csv;06:43:51.430-2024/12/05;269;0,269,391,0,3,0,0,13,11,28,31,0,0,4,4,1,1,0.015417639557754822,0.025680639,0.010262999291980438
101.csv;09:54:07.958-2024/09/06;227;7,227,173,7,8,0,0,10,11,17,24,1,1,2,3,1,1,0.015417639557754822,0.02567881,0.010261170174443893
160.csv;07:22:22.931-2024/12/05;1019;6,1019,783,6,6,0,0,8,8,28,30,0,0,4,4,1,1,0.015417639557754822,0.025676176,0.01025853639420288
160.csv;08:15:37.780-2024/12/05;1016;15,1016,684,15,9,0,0,11,10,28,30,0,0,4,4,1,1,0.015417639557754822,0.025663508,0.010245868544542961
160.csv;08:31:04.067-2024/12/05;461;11,461,526,11,8,0,0,3,6,30,32,0,0,4,3,1,1,0.015417639557754822,0.025660947,0.010243307407462768
155.csv;03:59:36.230-2024/10/29;305;18,305,352,18,12,0,0,6,7,31,32,0,0,3,3,1,1,0.015417639557754822,0.025650004,0.010232364367211037
160.csv;08:38:41.727-2024/12/05;147;12,147,316,12,8,0,0,5,8,28,30,0,0,4,4,0,0,0.015417639557754822,0.025648918,0.010231278445089035
160.csv;06:43:43.485-2024/12/05;498;5,498,507,5,6,0,0,8,9,28,31,1,1,3,4,1,1,0.015417639557754822,0.025639523,0.010221883262956314
160.csv;08:31:06.331-2024/12/05;688;0,688,680,0,3,0,0,5,7,29,31,0,0,4,3,0,0,0.015417639557754822,0.02563749,0.010219851117098503
160.csv;06:58:31.994-2024/12/05;261;11,261,399,11,8,0,0,5,7,28,30,0,0,4,3,1,1,0.015417639557754822,0.02563365,0.010216010342800789
160.csv;09:17:37.590-2024/12/05;262;1,262,369,1,4,0,0,13,11,30,31,0,0,4,4,1,1,0.015417639557754822,0.025631161,0.010213521848881416
160.csv;09:41:08.631-2024/12/05;54;6,54,356,6,6,0,0,13,11,31,31,0,0,4,4,1,1,0.015417639557754822,0.025629604,0.01021196467753666
158.csv;08:18:07.999-2024/12/06;162;5,162,232,5,5,0,0,4,5,30,31,0,0,4,4,0,0,0.015417639557754822,0.025627455,0.010209815185034447
160.csv;06:51:43.361-2024/12/05;358;0,358,375,0,4,0,0,14,11,28,30,0,0,4,4,0,0,0.015417639557754822,0.025626639,0.010208999346459083
160.csv;07:15:17.326-2024/12/05;442;15,442,468,15,10,0,0,3,6,29,31,0,0,4,4,0,0,0.015417639557754822,0.025625734,0.010208094100916557
160.csv;07:29:06.724-2024/12/05;438;15,438,471,15,12,0,0,1,3,29,31,1,1,3,3,1,1,0.015417639557754822,0.025621727,0.010204087551200561
160.csv;08:14:39.117-2024/12/05;270;5,270,331,5,4,0,0,2,3,28,31,1,1,3,4,0,0,0.015417639557754822,0.025618723,0.010201083104574852
160.csv;08:31:01.474-2024/12/05;202;6,202,369,6,5,0,0,8,9,30,32,0,0,4,3,1,1,0.015417639557754822,0.025618639,0.010200999285543137
160.csv;08:22:17.688-2024/12/05;47;5,47,336,5,5,0,0,14,10,29,30,0,0,4,4,1,1,0.015417639557754822,0.025608987,0.010191347058379822
160.csv;09:17:56.728-2024/12/05;128;1,128,255,1,2,0,0,3,5,29,32,1,1,3,3,1,1,0.015417639557754822,0.025608074,0.010190434362256699
160.csv;09:26:13.886-2024/12/05;692;0,692,635,0,3,0,0,14,12,31,30,0,0,4,3,0,0,0.015417639557754822,0.02558502,0.010167380403244667
158.csv;08:10:44.446-2024/12/06;863;0,863,714,0,2,0,0,0,4,29,31,0,0,4,4,1,1,0.015417639557754822,0.025570087,0.010152447577083282
157.csv;04:04:21.868-2024/10/29;197;8,197,284,8,8,1,0,15,13,28,29,1,1,4,4,0,0,0.015417639557754822,0.02555726,0.010139619539940529
160.csv;07:29:11.858-2024/12/05;952;3,952,736,3,6,0,0,15,11,28,29,0,0,4,4,0,0,0.015417639557754822,0.025556974,0.010139334555232696
157.csv;04:04:22.420-2024/10/29;253;0,253,359,0,4,1,0,12,10,29,28,1,1,4,4,0,0,0.015417639557754822,0.025554374,0.01013673430260437
160.csv;08:31:01.482-2024/12/05;203;0,203,310,0,3,0,0,10,10,30,31,0,0,4,3,0,0,0.015417639557754822,0.025541153,0.010123513247335129
160.csv;09:39:51.203-2024/12/05;503;15,503,521,15,13,0,0,10,11,28,30,1,1,3,3,1,1,0.015417639557754822,0.025533391,0.010115751604998283
160.csv;07:24:30.235-2024/12/05;437;15,437,442,15,13,0,0,6,7,30,33,1,1,3,3,1,1,0.015417639557754822,0.025529318,0.010111678000056915
160.csv;09:18:42.077-2024/12/05;566;16,566,542,16,10,0,0,11,10,29,30,0,0,4,4,1,1,0.015417639557754822,0.025517274,0.010099634136521988
160.csv;09:32:53.905-2024/12/05;757;15,757,698,15,10,0,0,5,7,30,31,0,0,4,4,1,1,0.015417639557754822,0.02551676,0.0100991200464608
160.csv;09:10:10.331-2024/12/05;592;0,592,529,0,4,0,0,15,12,30,31,0,0,4,4,1,1,0.015417639557754822,0.025506504,0.010088864322269134
158.csv;08:03:23.045-2024/12/06;754;15,754,624,15,11,0,0,8,9,28,29,0,0,4,4,0,0,0.015417639557754822,0.02550472,0.010087079908216171
160.csv;09:17:31.213-2024/12/05;648;11,648,636,11,8,0,0,5,7,30,32,0,0,4,4,1,1,0.015417639557754822,0.025503354,0.010085714589321785
160.csv;06:43:48.773-2024/12/05;3;5,3,302,5,6,0,0,10,9,28,30,0,0,4,4,1,1,0.015417639557754822,0.025497746,0.01008010616477745
160.csv;09:10:09.266-2024/12/05;485;10,485,495,10,7,0,0,13,12,30,31,0,0,4,4,1,1,0.015417639557754822,0.025494967,0.010077327098214798
160.csv;07:30:05.602-2024/12/05;182;10,182,347,10,8,0,0,6,7,29,31,0,0,4,4,1,1,0.015417639557754822,0.025490595,0.010072955470049553
160.csv;08:46:08.227-2024/12/05;765;12,765,664,12,9,0,0,8,8,29,31,0,0,4,4,0,0,0.015417639557754822,0.0254877,0.010070060919487648
160.csv;07:22:55.395-2024/12/05;169;10,169,226,10,8,0,0,10,9,30,29,0,0,4,4,1,1,0.015417639557754822,0.025480404,0.01006276493843811
158.csv;08:11:33.891-2024/12/06;687;10,687,640,10,7,0,0,0,4,29,30,0,0,4,4,0,0,0.015417639557754822,0.025479898,0.01006225829895752
160.csv;06:58:26.515-2024/12/05;737;10,737,625,10,7,0,0,13,11,29,30,0,0,4,4,0,0,0.015417639557754822,0.025476813,0.010059173758590393
160.csv;07:37:07.812-2024/12/05;419;12,419,456,12,10,0,0,6,7,28,33,1,1,3,3,1,1,0.015417639557754822,0.02547089,0.010053250547015839
158.csv;08:10:48.867-2024/12/06;281;0,281,354,0,3,0,0,12,11,28,30,0,0,4,4,1,1,0.015417639557754822,0.025467021,0.010049381833040886
160.csv;07:09:40.308-2024/12/05;533;0,533,552,0,3,0,0,1,5,30,30,0,0,4,4,0,0,0.015417639557754822,0.02546461,0.010046969707572632
160.csv;08:46:08.083-2024/12/05;751;1,751,660,1,4,0,0,2,6,30,30,0,0,4,4,1,1,0.015417639557754822,0.025461273,0.010043633710110359
160.csv;08:23:08.139-2024/12/05;996;10,996,776,10,8,0,0,7,8,28,30,0,0,4,4,0,0,0.015417639557754822,0.025457613,0.01003997361239212
160.csv;08:15:35.190-2024/12/05;757;15,757,643,15,11,0,0,9,9,29,30,0,0,4,4,1,1,0.015417639557754822,0.025452582,0.010034942607844047
160.csv;07:22:25.875-2024/12/05;289;15,289,428,15,9,0,0,0,5,28,30,0,0,4,4,1,1,0.015417639557754822,0.02544918,0.010031539555156403
160.csv;06:58:30.525-2024/12/05;114;10,114,304,10,8,0,0,12,10,28,30,0,0,4,4,1,1,0.015417639557754822,0.02544461,0.010026970486605339
160.csv;08:38:41.822-2024/12/05;157;0,157,312,0,4,0,0,13,10,28,30,0,0,4,4,0,0,0.015417639557754822,0.02544231,0.010024670119846039
136.csv;18:51:46.836-2024/01/16;410;9,410,396,9,9,1,1,12,12,17,29,1,1,2,2,0,0,0.015417639557754822,0.025437318,0.0100196782308461
160.csv;08:46:08.263-2024/12/05;769;5,769,671,5,5,0,0,12,11,29,31,0,0,4,3,0,0,0.015417639557754822,0.025433822,0.010016182045900993
160.csv;08:23:08.895-2024/12/05;48;5,48,292,5,5,0,0,8,8,28,30,0,0,4,4,1,1,0.015417639557754822,0.025432155,0.010014514978492432
160.csv;09:41:12.920-2024/12/05;483;5,483,482,5,5,0,0,0,4,29,31,0,0,4,4,0,0,0.015417639557754822,0.02541745,0.009999811257684402
157.csv;04:04:21.455-2024/10/29;156;6,156,228,6,6,1,1,14,12,28,31,1,1,3,3,1,1,0.015417639557754822,0.02541122,0.009993580709660225
160.csv;08:38:39.095-2024/12/05;908;0,908,550,0,3,0,0,4,7,28,29,0,0,4,4,0,0,0.015417639557754822,0.025411207,0.00999356767114418
136.csv;18:51:14.156-2024/01/16;214;10,214,169,10,10,1,1,7,6,13,17,1,1,1,2,1,1,0.015417639557754822,0.025410103,0.009992463122570686
160.csv;09:41:10.907-2024/12/05;282;5,282,340,5,6,0,0,15,11,28,29,0,0,4,4,0,0,0.015417639557754822,0.025404032,0.009986392762029343
160.csv;07:15:17.288-2024/12/05;439;0,439,414,0,3,0,0,2,6,28,30,0,0,4,4,0,0,0.015417639557754822,0.025401643,0.00998400298830288
160.csv;09:25:30.461-2024/12/05;445;5,445,501,5,6,0,0,3,6,30,32,0,0,4,3,1,1,0.015417639557754822,0.025401114,0.009983473997080498
160.csv;06:58:26.489-2024/12/05;734;15,734,651,15,9,0,0,6,7,29,30,0,0,4,4,0,0,0.015417639557754822,0.025384827,0.009967187027895622
160.csv;09:26:42.546-2024/12/05;485;15,485,506,15,11,0,0,8,8,29,31,0,0,4,3,1,1,0.015417639557754822,0.025376568,0.009958928059303932
160.csv;08:38:38.631-2024/12/05;861;15,861,707,15,9,0,0,7,8,28,30,0,0,4,4,1,1,0.015417639557754822,0.025364826,0.00994718594428318
160.csv;07:22:25.742-2024/12/05;276;11,276,401,11,8,0,0,8,9,28,31,0,0,4,4,0,0,0.015417639557754822,0.025359133,0.00994149370070713
160.csv;09:17:43.909-2024/12/05;894;0,894,772,0,3,0,0,8,8,29,30,0,0,4,4,1,1,0.015417639557754822,0.025357684,0.009940044562781029
160.csv;08:38:41.691-2024/12/05;144;0,144,294,0,4,0,0,9,9,28,30,0,0,4,4,0,0,0.015417639557754822,0.025355851,0.009938211719954185
160.csv;08:23:07.165-2024/12/05;899;5,899,703,5,5,0,0,14,11,28,30,0,0,4,4,0,0,0.015417639557754822,0.02534614,0.009928499888146095
160.csv;07:22:53.308-2024/12/05;985;0,985,916,0,3,0,0,0,4,30,31,1,1,4,4,0,0,0.015417639557754822,0.025340088,0.009922448154056244
160.csv;09:25:43.209-2024/12/05;696;6,696,616,6,6,0,0,6,7,30,31,0,0,4,3,1,1,0.015417639557754822,0.025336867,0.009919227640593224
158.csv;08:03:22.811-2024/12/06;731;11,731,618,11,8,0,0,14,11,29,31,0,0,4,4,1,1,0.015417639557754822,0.025325164,0.009907524641120605
160.csv;08:47:23.980-2024/12/05;148;15,148,290,15,10,0,0,0,4,30,31,1,1,4,4,1,1,0.015417639557754822,0.025321277,0.00990363730069416
160.csv;09:40:21.248-2024/12/05;436;2,436,412,2,3,0,0,0,4,29,30,0,0,4,4,1,1,0.015417639557754822,0.025318198,0.009900558348262482
158.csv;08:11:33.906-2024/12/06;688;15,688,621,15,11,0,0,11,11,29,30,0,0,4,4,0,0,0.015417639557754822,0.025314966,0.009897326658928566
160.csv;09:10:00.766-2024/12/05;659;15,659,600,15,11,0,0,11,10,30,30,0,0,4,4,1,1,0.015417639557754822,0.025314618,0.00989697834428566
158.csv;08:03:29.901-2024/12/06;416;5,416,451,5,5,0,0,10,8,29,32,0,0,4,4,0,0,0.015417639557754822,0.025300927,0.009883287902438812
160.csv;08:38:41.691-2024/12/05;144;2,144,256,2,5,0,0,11,10,28,28,0,0,4,4,1,1,0.015417639557754822,0.025300175,0.009882535393798523
160.csv;06:43:43.072-2024/12/05;457;0,457,419,0,3,0,0,14,11,28,29,0,0,4,4,1,1,0.015417639557754822,0.025291493,0.009873853604757957
160.csv;09:33:03.423-2024/12/05;685;15,685,599,15,10,0,0,3,6,31,31,0,0,4,4,0,0,0.015417639557754822,0.025286311,0.009868671725952797
160.csv;07:44:40.075-2024/12/05;589;15,589,564,15,10,0,0,7,8,28,32,0,0,4,4,1,1,0.015417639557754822,0.025283245,0.009865605812037163
160.csv;09:34:13.789-2024/12/05;554;5,554,516,5,4,0,0,0,4,29,30,0,0,4,4,1,1,0.015417639557754822,0.025272775,0.009855135883653336
160.csv;07:38:26.061-2024/12/05;52;5,52,287,5,5,0,0,8,9,30,30,0,0,4,4,0,0,0.015417639557754822,0.025269335,0.009851695578062706
160.csv;08:31:04.175-2024/12/05;472;5,472,511,5,5,0,0,13,11,28,30,0,0,4,4,1,1,0.015417639557754822,0.025269255,0.009851615484321289
160.csv;09:17:34.395-2024/12/05;966;12,966,822,12,10,0,0,13,11,29,29,0,0,4,4,0,0,0.015417639557754822,0.025268376,0.009850736315810852
160.csv;08:14:43.490-2024/12/05;707;10,707,711,10,10,0,0,2,4,28,31,1,1,3,3,1,1,0.015417639557754822,0.025267454,0.009849814306461983
101.csv;10:08:49.646-2024/09/06;332;8,332,261,8,8,1,1,8,9,31,32,1,1,2,2,1,1,0.015417639557754822,0.025261305,0.009843665714824371
160.csv;09:10:52.165-2024/12/05;679;15,679,602,15,10,0,0,12,10,29,31,0,0,4,4,1,1,0.015417639557754822,0.025255645,0.009838005136215858
160.csv;09:01:00.914-2024/12/05;946;5,946,705,5,5,0,0,2,5,28,31,0,0,4,4,0,0,0.015417639557754822,0.025243433,0.0098257936346175
160.csv;09:26:11.738-2024/12/05;477;5,477,514,5,5,0,0,4,7,30,31,0,0,4,3,0,0,0.015417639557754822,0.02524301,0.009825370814168625
158.csv;08:10:44.638-2024/12/06;882;6,882,684,6,5,0,0,14,11,28,32,0,0,4,4,1,1,0.015417639557754822,0.025236089,0.009818449224794083
160.csv;07:22:53.483-2024/12/05;1002;10,1002,779,10,8,0,0,1,5,28,29,0,0,4,4,1,1,0.015417639557754822,0.025234392,0.009816752355063133
160.csv;09:11:23.047-2024/12/05;695;15,695,621,15,10,0,0,4,7,29,30,0,0,4,4,0,0,0.015417639557754822,0.02523125,0.00981361007269638
160.csv;06:58:27.624-2024/12/05;848;6,848,701,6,6,0,0,15,12,29,30,0,0,4,4,1,1,0.015417639557754822,0.025222713,0.009805073569977455
160.csv;08:15:35.196-2024/12/05;758;6,758,669,6,6,0,0,0,5,29,31,0,0,4,4,1,1,0.015417639557754822,0.025217848,0.009800208340847664
160.csv;08:22:17.680-2024/12/05;46;10,46,240,10,8,0,0,7,9,29,30,0,0,4,4,0,0,0.015417639557754822,0.0252136,0.009795959647262268
160.csv;06:58:26.646-2024/12/05;750;8,750,684,8,6,0,0,0,5,28,29,0,0,4,4,1,1,0.015417639557754822,0.025211504,0.009793864171469383
158.csv;08:11:34.133-2024/12/06;711;15,711,610,15,11,0,0,10,10,28,32,0,0,4,4,0,0,0.015417639557754822,0.025210464,0.009792824815476112
158.csv;08:10:44.450-2024/12/06;863;10,863,729,10,8,0,0,2,5,29,30,0,0,4,4,1,1,0.015417639557754822,0.025210401,0.009792761485541038
160.csv;08:38:45.771-2024/12/05;551;15,551,527,15,10,0,0,5,7,28,30,0,0,4,4,0,0,0.015417639557754822,0.025206065,0.009788425247633629
158.csv;08:03:31.182-2024/12/06;544;15,544,536,15,11,0,0,6,8,30,31,0,0,4,4,1,1,0.015417639557754822,0.025204225,0.009786584954226189
136.csv;18:51:37.348-2024/01/16;485;16,485,527,16,16,1,1,7,7,15,23,1,1,1,2,0,0,0.015417639557754822,0.025190067,0.009772426988446884
160.csv;07:46:30.023-2024/12/05;320;10,320,288,10,10,0,0,10,11,30,33,1,1,3,3,0,0,0.015417639557754822,0.02518109,0.00976345090147274
160.csv;07:22:28.451-2024/12/05;547;6,547,541,6,5,0,0,15,12,28,31,0,0,4,4,0,0,0.015417639557754822,0.025168497,0.00975085755761879
160.csv;09:17:08.904-2024/12/05;465;10,465,500,10,10,0,0,3,4,28,31,1,1,3,4,1,1,0.015417639557754822,0.02516791,0.009750270824396782
160.csv;08:15:35.201-2024/12/05;758;10,758,657,10,8,0,0,1,5,29,30,0,0,4,4,1,1,0.015417639557754822,0.025167532,0.009749892707431488
160.csv;08:46:10.416-2024/12/05;984;10,984,808,10,7,0,0,5,8,28,30,0,0,4,4,0,0,0.015417639557754822,0.025164928,0.009747288729512863
160.csv;09:32:48.791-2024/12/05;246;10,246,201,10,10,0,0,6,6,30,32,1,1,2,2,0,0,0.015417639557754822,0.025162693,0.009745053555333786
160.csv;09:01:00.267-2024/12/05;881;10,881,784,10,7,0,0,2,5,28,30,0,0,4,4,1,1,0.015417639557754822,0.025154458,0.009736818801129036
157.csv;04:08:08.795-2024/10/29;362;15,362,375,15,11,0,0,15,14,0,13,0,0,3,3,0,0,0.015417639557754822,0.025151916,0.009734276290500336
160.csv;09:41:10.855-2024/12/05;276;16,276,307,16,14,0,0,15,14,28,31,0,0,3,3,0,0,0.015417639557754822,0.025150497,0.009732856954896622
160.csv;08:38:42.118-2024/12/05;186;10,186,377,10,7,0,0,4,7,28,31,0,0,4,4,1,1,0.015417639557754822,0.025148302,0.009730662758910828
160.csv;09:01:00.291-2024/12/05;884;1,884,698,1,3,0,0,1,5,28,29,0,0,4,4,1,1,0.015417639557754822,0.025146272,0.009728632475698166
160.csv;06:58:35.356-2024/12/05;597;15,597,589,15,10,0,0,5,7,28,31,0,0,4,4,1,1,0.015417639557754822,0.025139991,0.009722351636254959
160.csv;08:23:07.165-2024/12/05;899;6,899,716,6,5,0,0,15,11,28,30,0,0,4,4,1,1,0.015417639557754822,0.025139507,0.009721867348516159
160.csv;09:40:27.611-2024/12/05;48;5,48,225,5,6,0,0,6,6,29,28,0,0,4,4,0,0,0.015417639557754822,0.025138238,0.009720598887169533
160.csv;07:52:54.778-2024/12/05;908;1,908,729,1,4,0,0,4,6,28,30,0,0,4,4,1,1,0.015417639557754822,0.025131159,0.009713518972957306
160.csv;08:23:07.392-2024/12/05;921;15,921,733,15,10,0,0,9,9,28,29,0,0,4,4,1,1,0.015417639557754822,0.025129108,0.009711468200648003
160.csv;08:23:07.272-2024/12/05;909;15,909,706,15,10,0,0,15,12,28,29,0,0,4,4,1,1,0.015417639557754822,0.025121799,0.00970415918108242
157.csv;04:22:14.156-2024/10/29;931;0,931,803,0,3,1,1,15,12,31,28,1,1,4,4,0,0,0.015417639557754822,0.025118595,0.009700955431425743
160.csv;09:32:53.968-2024/12/05;764;5,764,672,5,5,0,0,8,8,30,31,0,0,4,4,1,1,0.015417639557754822,0.025118047,0.00970040781375187
160.csv;07:36:52.491-2024/12/05;935;11,935,855,11,9,0,0,1,4,29,30,1,1,3,4,0,0,0.015417639557754822,0.025112418,0.009694778900110893
160.csv;07:14:07.287-2024/12/05;606;15,606,595,15,10,0,0,8,8,28,31,0,0,4,4,0,0,0.015417639557754822,0.025111953,0.009694313238823585
160.csv;09:17:34.370-2024/12/05;964;0,964,745,0,4,0,0,5,7,29,30,0,0,4,4,0,0,0.015417639557754822,0.025109287,0.009691647793615036
158.csv;08:11:34.133-2024/12/06;711;11,711,610,11,8,0,0,9,9,28,31,0,0,4,4,0,0,0.015417639557754822,0.025103293,0.00968565380152481
160.csv;07:44:42.104-2024/12/05;792;15,792,654,15,10,0,0,7,7,28,31,0,0,4,4,0,0,0.015417639557754822,0.025092026,0.009674386661017113
160.csv;07:36:47.458-2024/12/05;432;0,432,472,0,2,0,0,0,2,28,28,0,0,3,2,0,0,0.015417639557754822,0.025085451,0.009667811523640327
158.csv;08:03:29.956-2024/12/06;422;0,422,441,0,4,0,0,14,11,30,31,0,0,4,4,1,1,0.015417639557754822,0.025071008,0.00965336857315319
160.csv;07:55:10.052-2024/12/05;99;10,99,171,10,10,0,0,1,4,30,31,1,1,3,3,0,0,0.015417639557754822,0.025062984,0.009645344297850304
160.csv;08:38:41.727-2024/12/05;147;10,147,322,10,7,0,0,0,4,28,28,0,0,4,4,0,0,0.015417639557754822,0.025061453,0.009643813203537636
160.csv;09:41:12.843-2024/12/05;475;15,475,471,15,10,0,0,14,11,30,31,0,0,4,4,1,1,0.015417639557754822,0.025060898,0.009643258135283165
160.csv;08:31:04.087-2024/12/05;463;10,463,546,10,8,0,0,11,9,29,31,0,0,4,3,0,0,0.015417639557754822,0.02505259,0.009634950737917595
160.csv;06:51:45.085-2024/12/05;530;10,530,534,10,7,0,0,0,4,28,29,0,0,4,4,0,0,0.015417639557754822,0.025050525,0.009632885064447098
157.csv;04:04:22.219-2024/10/29;233;0,233,297,0,4,1,0,13,10,29,27,1,1,4,4,1,1,0.015417639557754822,0.025047932,0.009630292262399368
160.csv;07:14:09.441-2024/12/05;822;5,822,744,5,5,0,0,7,7,28,29,0,0,4,4,0,0,0.015417639557754822,0.025047556,0.009629916008079224
160.csv;09:18:39.867-2024/12/05;346;0,346,399,0,4,0,0,2,6,30,31,0,0,4,4,1,1,0.015417639557754822,0.025044095,0.009626455213391952
160.csv;09:10:56.448-2024/12/05;84;0,84,205,0,4,0,0,5,7,30,30,0,0,4,4,1,1,0.015417639557754822,0.025038041,0.009620401616656952
158.csv;08:03:32.096-2024/12/06;636;0,636,612,0,3,0,0,11,10,29,31,0,0,4,4,1,1,0.015417639557754822,0.025031514,0.009613874908054047
160.csv;08:09:28.235-2024/12/05;926;0,926,718,0,2,0,0,8,7,29,30,0,0,4,4,0,0,0.015417639557754822,0.025029631,0.009611991773808174
160.csv;09:01:00.291-2024/12/05;884;0,884,690,0,4,0,0,14,12,28,31,1,1,4,4,0,0,0.015417639557754822,0.025029298,0.009611658360326462
160.csv;07:14:41.293-2024/12/05;935;7,935,763,7,6,0,0,2,5,30,29,0,0,4,4,0,0,0.015417639557754822,0.025024608,0.009606968219840698
160.csv;09:18:39.942-2024/12/05;353;6,353,295,6,4,0,0,5,5,29,31,1,1,2,3,1,1,0.015417639557754822,0.025024088,0.009606448541844063
158.csv;08:03:27.286-2024/12/06;155;0,155,379,0,3,0,0,4,7,29,31,0,0,4,4,1,1,0.015417639557754822,0.025019705,0.009602065737807922
160.csv;07:14:41.309-2024/12/05;937;0,937,798,0,3,0,0,11,10,29,29,0,0,4,4,0,0,0.015417639557754822,0.025011811,0.009594171847665482
160.csv;06:43:00.340-2024/12/05;280;0,280,329,0,2,0,0,11,12,28,30,1,1,3,4,1,1,0.015417639557754822,0.024998415,0.009580775703752212
160.csv;08:22:21.889-2024/12/05;467;10,467,481,10,9,0,0,3,4,28,30,1,1,3,4,1,1,0.015417639557754822,0.024994079,0.009576439465844803
160.csv;06:43:08.373-2024/12/05;59;5,59,240,5,5,0,0,0,5,28,31,1,1,4,4,0,0,0.015417639557754822,0.024978966,0.009561325963103943
160.csv;08:07:58.699-2024/12/05;164;10,164,391,10,8,0,0,1,5,28,30,0,0,4,4,0,0,0.015417639557754822,0.024978263,0.009560623745882683
160.csv;08:22:14.203-2024/12/05;723;0,723,640,0,3,0,0,5,7,30,32,0,0,4,4,0,0,0.015417639557754822,0.024977308,0.009559668208921127
136.csv;18:36:40.512-2024/01/16;914;0,914,845,0,2,1,1,10,11,30,31,1,1,3,3,0,0,0.015417639557754822,0.024972461,0.009554821606242828
160.csv;07:22:22.567-2024/12/05;982;18,982,786,18,12,0,0,9,8,28,29,0,0,4,3,1,1,0.015417639557754822,0.024966015,0.00954837499138134
160.csv;07:52:54.873-2024/12/05;917;11,917,743,11,10,0,0,12,10,28,30,0,0,4,3,0,0,0.015417639557754822,0.024955919,0.009538279454672508
158.csv;08:03:23.170-2024/12/06;767;5,767,646,5,6,0,0,3,6,28,30,0,0,4,4,0,0,0.015417639557754822,0.024954135,0.009536495040619545
160.csv;08:15:35.453-2024/12/05;784;1,784,678,1,4,0,0,1,6,28,30,0,0,4,4,1,1,0.015417639557754822,0.024943763,0.009526123832428627
160.csv;08:38:42.115-2024/12/05;186;5,186,375,5,5,0,0,3,6,28,28,0,0,4,4,0,0,0.015417639557754822,0.02493557,0.00951793005641716
160.csv;08:38:46.608-2024/12/05;635;15,635,587,15,9,0,0,3,6,28,31,0,0,4,4,0,0,0.015417639557754822,0.02491767,0.00950003003653305
160.csv;06:59:20.434-2024/12/05;1009;10,1009,834,10,8,0,0,10,9,28,29,0,0,4,3,1,1,0.015417639557754822,0.024915935,0.009498295913899116
160.csv;09:17:55.543-2024/12/05;9;10,9,-26,10,10,0,0,11,11,30,30,1,1,2,2,1,1,0.015417639557754822,0.024914166,0.009496526401007347
157.csv;04:22:14.949-2024/10/29;1010;0,1010,864,0,2,1,1,13,12,31,29,1,1,3,3,1,1,0.015417639557754822,0.024910228,0.009492588769161873
160.csv;06:58:26.469-2024/12/05;733;1,733,625,1,3,0,0,15,12,29,29,0,0,4,4,0,0,0.015417639557754822,0.024905533,0.009487893040740662
158.csv;08:03:23.028-2024/12/06;753;5,753,676,5,5,0,0,0,3,28,29,0,0,4,4,0,0,0.015417639557754822,0.024899557,0.009481917675101929
160.csv;08:07:59.318-2024/12/05;226;10,226,366,10,8,0,0,15,12,28,31,0,0,4,3,1,1,0.015417639557754822,0.02489267,0.009475029613340073
160.csv;07:22:25.855-2024/12/05;287;10,287,378,10,7,0,0,15,12,28,30,0,0,4,4,1,1,0.015417639557754822,0.02489161,0.00947396976825016
160.csv;07:22:07.589-2024/12/05;509;0,509,538,0,2,0,0,5,6,29,31,0,0,4,4,1,1,0.015417639557754822,0.024890427,0.009472786988580398
160.csv;07:29:11.858-2024/12/05;952;1,952,760,1,5,0,0,12,10,28,32,0,0,4,4,1,1,0.015417639557754822,0.024890266,0.009472626801097565
160.csv;07:22:55.425-2024/12/05;172;11,172,325,11,8,0,0,8,9,30,31,0,0,4,4,0,0,0.015417639557754822,0.024881294,0.009463654439413719
160.csv;07:53:22.764-2024/12/05;634;15,634,640,15,13,0,0,3,4,28,32,1,1,3,3,1,1,0.015417639557754822,0.024878182,0.009460541959369354
160.csv;09:41:12.827-2024/12/05;474;5,474,414,5,4,0,0,3,5,30,30,0,0,4,4,0,0,0.015417639557754822,0.024877422,0.009459782000148468
101.csv;09:54:49.496-2024/09/06;285;10,285,172,10,11,0,0,6,8,16,24,1,1,2,2,0,0,0.015417639557754822,0.024868002,0.009450362603628807
160.csv;07:44:42.123-2024/12/05;794;10,794,705,10,9,0,0,2,5,28,29,0,0,4,4,1,1,0.015417639557754822,0.024866857,0.00944921707686203
136.csv;18:54:18.476-2024/01/16;214;10,214,218,10,10,1,1,11,10,30,31,1,1,2,3,1,1,0.015417639557754822,0.024863442,0.00944580284830349
160.csv;09:26:15.994-2024/12/05;902;15,902,667,15,11,0,0,7,8,31,31,0,0,4,4,1,1,0.015417639557754822,0.02485874,0.009441099669301681
160.csv;06:58:30.654-2024/12/05;127;10,127,311,10,7,0,0,11,9,28,31,0,0,4,4,1,1,0.015417639557754822,0.024831658,0.009414018671477013
158.csv;08:10:48.814-2024/12/06;275;10,275,381,10,8,0,0,4,5,28,33,1,1,3,3,0,0,0.015417639557754822,0.024824282,0.009406642596686058
160.csv;07:29:06.940-2024/12/05;460;5,460,513,5,6,0,0,0,5,28,32,0,0,4,4,0,0,0.015417639557754822,0.02482311,0.009405470992887192
160.csv;08:15:35.357-2024/12/05;774;6,774,657,6,6,0,0,1,5,28,30,0,0,4,4,0,0,0.015417639557754822,0.024820521,0.00940288191612976
158.csv;08:10:44.499-2024/12/06;868;2,868,741,2,3,0,0,1,3,28,29,0,0,4,4,1,1,0.015417639557754822,0.02481687,0.009399231131637268
160.csv;08:15:38.850-2024/12/05;99;15,99,250,15,12,0,0,4,5,28,33,1,1,3,3,1,1,0.015417639557754822,0.024811864,0.009394224341476135
160.csv;09:10:03.978-2024/12/05;980;16,980,762,16,11,0,0,9,9,30,30,0,0,4,3,0,0,0.015417639557754822,0.024803655,0.009386015664303474
160.csv;08:31:04.139-2024/12/05;468;10,468,490,10,9,0,0,15,14,28,30,0,0,3,2,1,1,0.015417639557754822,0.024782209,0.009364569168055229
160.csv;07:52:19.803-2024/12/05;482;15,482,527,15,10,0,0,8,8,29,30,0,0,4,4,0,0,0.015417639557754822,0.024773179,0.009355539064371757
160.csv;07:14:41.290-2024/12/05;935;0,935,760,0,5,0,0,13,10,30,30,0,0,4,4,1,1,0.015417639557754822,0.024773018,0.009355378876888924
160.csv;07:15:17.343-2024/12/05;444;10,444,445,10,8,0,0,14,11,29,31,0,0,4,4,0,0,0.015417639557754822,0.024772828,0.009355188887083702
160.csv;08:38:46.446-2024/12/05;619;11,619,622,11,8,0,0,5,6,28,31,0,0,4,4,1,1,0.015417639557754822,0.024769945,0.009352305512392693
160.csv;06:43:51.462-2024/12/05;272;0,272,263,0,1,0,0,9,10,28,32,1,1,3,4,0,0,0.015417639557754822,0.024766464,0.00934882422860878
160.csv;07:21:34.881-2024/12/05;310;5,310,237,5,5,0,0,8,9,28,32,1,1,2,2,0,0,0.015417639557754822,0.024766382,0.009348742272222214
160.csv;09:26:16.066-2024/12/05;910;0,910,731,0,2,0,0,4,6,31,31,0,0,4,4,0,0,0.015417639557754822,0.024765013,0.009347373228037529
158.csv;08:03:27.348-2024/12/06;161;1,161,288,1,3,0,0,15,12,28,30,0,0,3,3,0,0,0.015417639557754822,0.024756808,0.009339168276155167
160.csv;09:26:16.058-2024/12/05;909;0,909,718,0,4,0,0,14,11,31,31,0,0,4,4,0,0,0.015417639557754822,0.02474986,0.009332220609748535
160.csv;09:41:08.627-2024/12/05;54;5,54,252,5,5,0,0,12,10,31,31,0,0,4,4,0,0,0.015417639557754822,0.024742186,0.009324546511733704
124.csv;19:33:39.597-2024/02/13;887;10,887,878,10,10,0,0,13,14,31,32,1,1,2,3,1,1,0.015417639557754822,0.024739897,0.009322257320845299
157.csv;04:10:37.807-2024/10/29;928;0,928,858,0,2,0,0,12,11,28,29,1,1,3,3,0,0,0.015417639557754822,0.024734039,0.009316399301850967
160.csv;06:43:51.441-2024/12/05;270;5,270,308,5,5,0,0,11,10,28,28,0,0,4,4,0,0,0.015417639557754822,0.024730148,0.009312508236134224
160.csv;09:34:15.862-2024/12/05;761;15,761,686,15,11,0,0,11,10,31,31,0,0,4,4,0,0,0.015417639557754822,0.02472669,0.009309051166737251
160.csv;07:14:05.323-2024/12/05;410;7,410,463,7,7,0,0,14,13,29,31,0,0,3,3,0,0,0.015417639557754822,0.024716448,0.00929880848106163
160.csv;06:43:16.625-2024/12/05;884;10,884,738,10,7,0,0,3,6,28,31,0,0,4,4,0,0,0.015417639557754822,0.024715113,0.009297472964489632
160.csv;08:23:07.567-2024/12/05;939;5,939,730,5,6,0,0,9,9,28,30,0,0,4,4,0,0,0.015417639557754822,0.024712564,0.009294924865925484
160.csv;07:14:05.816-2024/12/05;459;15,459,437,15,13,0,0,4,6,28,32,1,1,3,3,0,0,0.015417639557754822,0.02470377,0.009286131318175964
136.csv;18:52:36.200-2024/01/16;227;0,227,172,0,1,1,1,14,14,19,27,1,1,2,2,0,0,0.015417639557754822,0.024700176,0.009282536413037949
160.csv;08:23:07.523-2024/12/05;935;0,935,748,0,3,0,0,3,6,28,32,0,0,4,4,1,1,0.015417639557754822,0.024693731,0.00927609166082161
160.csv;09:33:06.616-2024/12/05;1004;18,1004,778,18,12,0,0,4,6,30,31,0,0,4,3,1,1,0.015417639557754822,0.024691528,0.00927388815161007
160.csv;06:43:43.142-2024/12/05;464;5,464,441,5,5,0,0,0,4,28,32,0,0,4,4,0,0,0.015417639557754822,0.024678325,0.00926068572279232
158.csv;08:11:33.884-2024/12/06;686;15,686,603,15,11,0,0,13,11,29,31,0,0,4,3,1,1,0.015417639557754822,0.024678137,0.009260497595632248
157.csv;04:04:21.997-2024/10/29;210;8,210,262,8,7,1,1,8,8,28,31,1,1,3,3,1,1,0.015417639557754822,0.024645772,0.00922813227351921
160.csv;09:26:42.562-2024/12/05;487;11,487,528,11,8,0,0,3,5,29,31,0,0,4,4,1,1,0.015417639557754822,0.024643151,0.009225511531794243
160.csv;06:51:43.318-2024/12/05;353;11,353,446,11,8,0,0,6,7,28,32,0,0,4,4,1,1,0.015417639557754822,0.024639972,0.009222331996524506
158.csv;08:11:34.136-2024/12/06;712;0,712,629,0,4,0,0,13,10,28,31,0,0,4,4,0,0,0.015417639557754822,0.02463964,0.009222000445687942
160.csv;09:26:42.654-2024/12/05;496;15,496,505,15,10,0,0,13,11,29,30,0,0,4,4,1,1,0.015417639557754822,0.024618788,0.009201148133242302
160.csv;07:22:25.811-2024/12/05;283;0,283,382,0,3,0,0,13,11,28,29,0,0,4,4,1,1,0.015417639557754822,0.024614431,0.00919679140623825
160.csv;07:53:23.744-2024/12/05;732;15,732,609,15,11,0,0,5,7,28,30,0,0,4,4,0,0,0.015417639557754822,0.024613453,0.009195813517534904
160.csv;07:54:03.701-2024/12/05;632;10,632,665,10,8,0,0,7,7,30,32,1,1,2,2,0,0,0.015417639557754822,0.02460961,0.009191970880592041
160.csv;08:14:39.131-2024/12/05;271;15,271,375,15,10,0,0,9,9,28,29,0,0,4,4,1,1,0.015417639557754822,0.0246088,0.009191160629952125
158.csv;08:11:33.770-2024/12/06;675;6,675,589,6,5,0,0,0,4,30,30,0,0,4,4,1,1,0.015417639557754822,0.02460447,0.009186829979980164
160.csv;07:13:59.853-2024/12/05;887;10,887,727,10,7,0,0,3,5,29,30,0,0,4,4,0,0,0.015417639557754822,0.02460316,0.009185520540440254
160.csv;09:32:57.061-2024/12/05;49;10,49,287,10,8,0,0,7,7,30,30,0,0,4,4,1,1,0.015417639557754822,0.02459146,0.009173821266257935
160.csv;09:32:53.923-2024/12/05;759;10,759,694,10,8,0,0,2,5,30,30,0,0,4,4,1,1,0.015417639557754822,0.024575798,0.009158158283198051
160.csv;07:16:32.535-2024/12/05;795;15,795,762,15,10,0,0,0,4,29,31,1,1,4,4,1,1,0.015417639557754822,0.02457454,0.00915690099772232
157.csv;04:04:22.213-2024/10/29;232;3,232,263,3,4,1,1,12,12,29,31,1,1,3,4,1,1,0.015417639557754822,0.024570452,0.009152812491619759
160.csv;07:22:27.035-2024/12/05;405;11,405,492,11,7,0,0,5,7,28,31,0,0,4,4,0,0,0.015417639557754822,0.024553802,0.009136162306630783
160.csv;08:54:32.554-2024/12/05;1022;5,1022,902,5,5,0,0,0,4,30,30,1,1,4,4,0,0,0.015417639557754822,0.024552738,0.009135098736250572
160.csv;09:34:15.866-2024/12/05;762;0,762,693,0,3,0,0,12,10,31,32,0,0,4,4,0,0,0.015417639557754822,0.024543844,0.009126204605662994
160.csv;08:23:06.894-2024/12/05;872;1,872,717,1,3,0,0,13,11,28,29,0,0,4,4,0,0,0.015417639557754822,0.02454118,0.009123541023099594
160.csv;08:01:11.902-2024/12/05;444;10,444,510,10,8,0,0,1,4,30,32,0,0,4,4,1,1,0.015417639557754822,0.024540484,0.009122844393813782
160.csv;09:34:15.915-2024/12/05;766;15,766,666,15,10,0,0,5,7,30,31,0,0,4,4,1,1,0.015417639557754822,0.024534011,0.009116371701920204
158.csv;08:12:04.466-2024/12/06;673;1,673,617,1,4,0,0,2,5,29,30,0,0,4,4,0,0,0.015417639557754822,0.024531133,0.009113493915164642
160.csv;08:32:42.621-2024/12/05;76;16,76,69,16,15,0,0,9,9,30,32,1,1,2,2,0,0,0.015417639557754822,0.0245302,0.009112560729944878
160.csv;06:45:08.089-2024/12/05;766;15,766,720,15,10,0,0,0,3,30,31,1,1,4,4,1,1,0.015417639557754822,0.024526015,0.009108375366294556
157.csv;04:18:05.565-2024/10/29;647;6,647,688,6,5,1,1,13,14,19,27,1,1,2,2,1,1,0.015417639557754822,0.024524864,0.009107224251592331
160.csv;08:23:08.083-2024/12/05;991;0,991,879,0,2,0,0,9,10,28,30,1,1,3,4,1,1,0.015417639557754822,0.024523916,0.009106276165211372
160.csv;09:01:58.490-2024/12/05;560;0,560,552,0,0,0,0,9,10,30,31,1,1,3,3,0,0,0.015417639557754822,0.024513744,0.009096104260051422
160.csv;09:25:40.945-2024/12/05;469;15,469,480,15,12,0,0,8,9,30,33,1,1,3,3,0,0,0.015417639557754822,0.024502363,0.009084723498189621
105.csv;11:28:05.696-2024/11/20;179;15,179,30,15,15,0,0,14,15,18,23,1,1,1,2,0,0,0.015417639557754822,0.02450086,0.009083220343554192
160.csv;08:23:07.084-2024/12/05;891;0,891,668,0,3,0,0,13,11,28,29,0,0,4,4,1,1,0.015417639557754822,0.024498144,0.009080504606926613
160.csv;07:37:46.897-2024/12/05;232;0,232,275,0,1,0,0,8,10,30,32,1,1,3,3,0,0,0.015417639557754822,0.024498053,0.0090804133373143
136.csv;18:52:26.908-2024/01/16;322;0,322,390,0,2,0,0,1,3,11,17,1,1,3,3,0,0,0.015417639557754822,0.02447915,0.009061511214339905
157.csv;04:07:52.405-2024/10/29;771;15,771,488,15,10,0,0,15,12,29,30,1,1,4,4,0,0,0.015417639557754822,0.024477454,0.009059814344608955
158.csv;08:03:31.131-2024/12/06;539;10,539,513,10,10,0,0,14,13,30,32,0,0,3,2,0,0,0.015417639557754822,0.024473129,0.009055489282572441
158.csv;08:03:23.161-2024/12/06;766;5,766,686,5,4,0,0,10,10,28,30,0,0,4,3,0,0,0.015417639557754822,0.024469573,0.00905193349298256
160.csv;06:51:43.361-2024/12/05;358;1,358,394,1,3,0,0,15,12,28,30,0,0,4,4,1,1,0.015417639557754822,0.024465142,0.009047502260172539
160.csv;07:27:59.761-2024/12/05;910;5,910,774,5,4,0,0,9,9,28,31,0,0,4,4,0,0,0.015417639557754822,0.0244649,0.009047260116303139
160.csv;07:13:26.674-2024/12/05;641;11,641,603,11,9,0,0,11,10,28,29,0,0,4,4,1,1,0.015417639557754822,0.024464166,0.009046526234114342
160.csv;08:38:41.846-2024/12/05;159;10,159,299,10,8,0,0,4,6,28,30,0,0,4,4,0,0,0.015417639557754822,0.024461394,0.009043754618132286
160.csv;08:23:07.143-2024/12/05;897;0,897,695,0,3,0,0,6,7,28,30,0,0,4,4,0,0,0.015417639557754822,0.024454178,0.009036538730824165
157.csv;04:19:57.831-2024/10/29;610;5,610,594,5,7,1,1,11,11,31,32,1,1,3,3,0,0,0.015417639557754822,0.024453232,0.009035592507088356
160.csv;07:53:23.887-2024/12/05;747;0,747,709,0,3,0,0,7,7,28,31,0,0,4,4,1,1,0.015417639557754822,0.024451459,0.009033819268906288
158.csv;08:10:44.731-2024/12/06;891;10,891,729,10,8,0,0,15,12,28,30,0,0,4,4,0,0,0.015417639557754822,0.02444959,0.00903195103582161
160.csv;07:15:17.336-2024/12/05;443;17,443,445,17,11,0,0,9,9,29,31,0,0,4,3,1,1,0.015417639557754822,0.024441235,0.00902359520968216
160.csv;08:01:12.100-2024/12/05;464;5,464,520,5,4,0,0,15,11,30,32,0,0,4,4,0,0,0.015417639557754822,0.024434784,0.009017144869530373
160.csv;09:09:57.591-2024/12/05;342;0,342,407,0,3,0,0,2,6,30,31,0,0,4,4,0,0,0.015417639557754822,0.024434645,0.00901700517114418
160.csv;07:22:22.679-2024/12/05;994;1,994,854,1,2,0,0,12,11,28,30,1,1,4,3,0,0,0.015417639557754822,0.024409365,0.008991725351178818
160.csv;06:57:29.257-2024/12/05;131;10,131,259,10,8,0,0,4,7,30,31,0,0,4,4,0,0,0.015417639557754822,0.024406377,0.008988737668359451
160.csv;06:57:52.528-2024/12/05;411;0,411,396,0,1,0,0,12,12,29,32,1,1,3,3,0,0,0.015417639557754822,0.024401696,0.008984056841099434
160.csv;09:25:13.605-2024/12/05;807;15,807,701,15,9,0,0,7,7,29,31,0,0,4,4,0,0,0.015417639557754822,0.024389958,0.00897231845136898
160.csv;06:58:26.296-2024/12/05;715;15,715,643,15,9,0,0,10,9,29,31,0,0,4,4,1,1,0.015417639557754822,0.024389539,0.008971899356210403
160.csv;06:58:33.142-2024/12/05;376;7,376,421,7,6,0,0,11,10,29,31,0,0,4,3,1,1,0.015417639557754822,0.024386594,0.00896895451422947
160.csv;07:53:23.644-2024/12/05;723;0,723,690,0,3,0,0,0,3,30,31,0,0,3,3,1,1,0.015417639557754822,0.024382154,0.008964513968193703
160.csv;06:43:51.482-2024/12/05;274;0,274,384,0,3,0,0,2,6,28,31,0,0,4,4,0,0,0.015417639557754822,0.024376746,0.008959106709325485
160.csv;08:23:08.495-2024/12/05;8;5,8,309,5,5,0,0,6,7,28,31,0,0,4,4,1,1,0.015417639557754822,0.024371088,0.008953447993362122
160.csv;08:15:37.936-2024/12/05;8;5,8,219,5,6,0,0,0,3,28,30,0,0,3,3,1,1,0.015417639557754822,0.02437105,0.008953410740459137
157.csv;04:18:10.920-2024/10/29;159;2,159,129,2,1,1,1,10,12,16,23,1,1,2,2,1,1,0.015417639557754822,0.024366107,0.008948467280233078
160.csv;08:31:06.351-2024/12/05;690;0,690,633,0,3,0,0,3,6,28,30,0,0,4,4,1,1,0.015417639557754822,0.024360683,0.008943043257558517
160.csv;07:22:24.722-2024/12/05;174;5,174,399,5,5,0,0,4,7,28,31,0,0,4,4,0,0,0.015417639557754822,0.024357751,0.008940111454093628
160.csv;08:23:07.162-2024/12/05;898;15,898,706,15,11,0,0,10,9,28,30,0,0,4,4,1,1,0.015417639557754822,0.024351375,0.00893373561974781
101.csv;10:08:28.046-2024/09/06;220;8,220,333,8,7,1,1,7,8,31,33,1,1,3,4,1,1,0.015417639557754822,0.024345454,0.008927814270818405
160.csv;06:58:32.531-2024/12/05;315;5,315,429,5,5,0,0,7,8,30,32,0,0,4,4,1,1,0.015417639557754822,0.024342792,0.008925152550900154
157.csv;04:04:21.226-2024/10/29;133;7,133,262,7,7,1,1,13,11,30,31,1,1,3,3,1,1,0.015417639557754822,0.02433461,0.008916969950759582
160.csv;09:26:14.030-2024/12/05;706;5,706,683,5,7,0,0,7,8,30,31,1,1,3,4,0,0,0.015417639557754822,0.024333343,0.008915703352058105
160.csv;06:50:34.046-2024/12/05;594;11,594,581,11,7,0,0,13,11,28,29,0,0,4,4,1,1,0.015417639557754822,0.024331413,0.008913773651683502
160.csv;07:43:46.726-2024/12/05;375;0,375,386,0,1,0,0,0,3,28,31,1,1,3,3,1,1,0.015417639557754822,0.024324246,0.008906606193149261
160.csv;09:10:23.116-2024/12/05;846;15,846,755,15,11,0,0,7,7,30,30,0,0,4,4,0,0,0.015417639557754822,0.024321452,0.008903812225425415
160.csv;09:34:10.561-2024/12/05;231;11,231,356,11,7,0,0,10,9,29,32,0,0,4,4,0,0,0.015417639557754822,0.0242999,0.008882259558403664
136.csv;18:54:41.844-2024/01/16;503;10,503,519,10,8,0,0,4,5,29,31,1,1,3,3,0,0,0.015417639557754822,0.024279129,0.00886148920234459
160.csv;07:52:19.530-2024/12/05;455;5,455,482,5,5,0,0,14,11,30,30,0,0,4,4,0,0,0.015417639557754822,0.024277626,0.00885998604770916
157.csv;04:04:21.182-2024/10/29;129;3,129,145,3,3,1,1,8,9,31,32,1,1,3,3,1,1,0.015417639557754822,0.0242771,0.008859460781777077
158.csv;08:03:04.486-2024/12/06;947;0,947,808,0,1,0,0,8,9,28,28,1,1,3,3,0,0,0.015417639557754822,0.024270786,0.008853146414721184
160.csv;09:40:18.092-2024/12/05;120;10,120,288,10,8,0,0,8,8,30,30,0,0,4,4,0,0,0.015417639557754822,0.024268018,0.008850378524029427
160.csv;07:45:41.352-2024/12/05;573;15,573,561,15,10,0,0,10,10,31,31,0,0,4,4,0,0,0.015417639557754822,0.024243494,0.008825854937994652
160.csv;09:17:37.558-2024/12/05;259;0,259,397,0,4,0,0,3,6,30,31,0,0,4,4,0,0,0.015417639557754822,0.024242533,0.008824893813097649
158.csv;08:03:23.118-2024/12/06;762;2,762,691,2,4,0,0,1,5,28,28,0,0,4,4,1,1,0.015417639557754822,0.024233708,0.008816068600380592
160.csv;07:38:26.346-2024/12/05;81;0,81,185,0,2,0,0,12,11,29,30,1,1,3,3,1,1,0.015417639557754822,0.0242296,0.008811959605181389
158.csv;08:03:23.090-2024/12/06;759;5,759,678,5,6,0,0,12,10,28,29,0,0,4,3,0,0,0.015417639557754822,0.024221983,0.008804343249166183
157.csv;04:12:21.291-2024/10/29;12;5,12,0,5,6,0,0,15,14,20,25,1,1,2,3,0,0,0.015417639557754822,0.02422033,0.008802691082918816
160.csv;09:40:21.245-2024/12/05;436;0,436,380,0,4,0,0,14,11,30,30,0,0,4,4,1,1,0.015417639557754822,0.024218919,0.008801279197895698
160.csv;08:30:28.295-2024/12/05;980;5,980,766,5,5,0,0,1,4,28,29,0,0,4,4,1,1,0.015417639557754822,0.024213178,0.008795538525545769
160.csv;09:01:00.258-2024/12/05;880;15,880,719,15,9,0,0,0,5,28,29,0,0,4,4,1,1,0.015417639557754822,0.024211936,0.008794296141231232
160.csv;09:41:10.760-2024/12/05;267;10,267,401,10,8,0,0,13,11,29,30,0,0,4,4,1,1,0.015417639557754822,0.024206048,0.008788408319914513
160.csv;09:40:18.111-2024/12/05;122;6,122,259,6,6,0,0,4,6,30,30,0,0,4,4,1,1,0.015417639557754822,0.024205597,0.008787957559788399
160.csv;09:34:10.574-2024/12/05;232;15,232,328,15,10,0,0,14,12,29,29,0,0,4,3,0,0,0.015417639557754822,0.024195291,0.008777651544177704
160.csv;08:31:06.331-2024/12/05;688;1,688,664,1,3,0,0,7,8,29,30,0,0,4,3,0,0,0.015417639557754822,0.024192823,0.008775183539354973
160.csv;06:49:36.149-2024/12/05;948;15,948,785,15,10,0,0,15,13,30,30,1,1,4,4,0,0,0.015417639557754822,0.024187135,0.008769495021069221
160.csv;09:41:08.650-2024/12/05;56;5,56,363,5,5,0,0,8,8,30,29,0,0,4,4,1,1,0.015417639557754822,0.02418349,0.008765849824512176
160.csv;07:44:39.981-2024/12/05;580;6,580,573,6,7,0,0,2,4,28,33,1,1,3,3,0,0,0.015417639557754822,0.024183083,0.008765443767869644
160.csv;08:46:08.087-2024/12/05;751;10,751,616,10,8,0,0,9,9,30,30,0,0,4,4,1,1,0.015417639557754822,0.024178116,0.008760476093256645
160.csv;09:09:57.565-2024/12/05;339;11,339,421,11,7,0,0,7,8,30,32,0,0,4,4,0,0,0.015417639557754822,0.024176085,0.008758445810043983
160.csv;06:58:33.254-2024/12/05;387;11,387,451,11,10,0,0,7,9,28,32,1,1,3,3,0,0,0.015417639557754822,0.024160646,0.008743006344402008
160.csv;06:58:30.772-2024/12/05;139;6,139,255,6,5,0,0,9,9,28,30,0,0,4,4,1,1,0.015417639557754822,0.024159303,0.008741663377249412
160.csv;07:14:41.504-2024/12/05;956;10,956,746,10,8,0,0,10,9,28,31,0,0,4,4,0,0,0.015417639557754822,0.024154168,0.008736528064572983
160.csv;06:59:20.295-2024/12/05;995;7,995,821,7,6,0,0,3,6,29,29,0,0,4,4,0,0,0.015417639557754822,0.024153886,0.008736246805155449
160.csv;09:18:53.677-2024/12/05;703;0,703,631,0,3,0,0,2,5,29,31,0,0,4,4,1,1,0.015417639557754822,0.024143418,0.008725778739416771
158.csv;08:10:48.548-2024/12/06;249;0,249,353,0,3,0,0,3,5,29,30,0,0,4,4,0,0,0.015417639557754822,0.024137279,0.008719639461004906
160.csv;09:10:03.978-2024/12/05;980;17,980,807,17,11,0,0,11,9,30,31,0,0,4,3,1,1,0.015417639557754822,0.024133423,0.008715783785545998
160.csv;06:57:54.594-2024/12/05;617;10,617,609,10,8,0,0,15,11,29,31,0,0,4,4,1,1,0.015417639557754822,0.024123367,0.0087057273643853
160.csv;09:34:13.792-2024/12/05;554;11,554,502,11,8,0,0,4,6,29,31,0,0,4,4,1,1,0.015417639557754822,0.024122695,0.008705054949486427
160.csv;06:57:52.539-2024/12/05;412;0,412,459,0,2,0,0,9,10,29,32,1,1,3,3,1,1,0.015417639557754822,0.024114475,0.008696835096442871
160.csv;07:05:26.272-2024/12/05;729;6,729,803,6,4,0,0,2,2,28,31,1,1,2,2,0,0,0.015417639557754822,0.024113607,0.00869596710380333
160.csv;07:52:20.389-2024/12/05;541;1,541,546,1,1,0,0,11,12,28,31,1,1,3,3,1,1,0.015417639557754822,0.024111954,0.008694314937555962
160.csv;08:46:08.323-2024/12/05;775;0,775,675,0,3,0,0,8,8,29,32,0,0,4,4,1,1,0.015417639557754822,0.024106469,0.008688829447591476
160.csv;09:11:01.741-2024/12/05;613;5,613,500,5,5,0,0,13,11,30,32,0,0,4,4,0,0,0.015417639557754822,0.02409724,0.008679600040877037
160.csv;07:36:48.958-2024/12/05;582;5,582,545,5,5,0,0,13,11,28,30,0,0,4,3,0,0,0.015417639557754822,0.024094295,0.008676655198896103
160.csv;09:26:13.986-2024/12/05;701;15,701,665,15,10,0,0,12,10,30,30,0,0,4,4,0,0,0.015417639557754822,0.02407752,0.008659880216682129
160.csv;09:10:13.519-2024/12/05;910;15,910,806,15,11,0,0,0,4,30,31,1,1,4,4,0,0,0.015417639557754822,0.024076179,0.008658539112174683
158.csv;08:10:48.810-2024/12/06;275;5,275,409,5,5,0,0,15,11,28,28,0,0,4,4,0,0,0.015417639557754822,0.024072126,0.008654485996329956
160.csv;07:54:18.062-2024/12/05;20;10,20,144,10,10,0,0,6,7,31,31,1,1,3,3,0,0,0.015417639557754822,0.024064982,0.008647342752182655
160.csv;09:25:30.473-2024/12/05;446;10,446,526,10,8,0,0,10,8,30,32,0,0,4,4,1,1,0.015417639557754822,0.024057666,0.008640026282036476
157.csv;04:04:22.176-2024/10/29;228;8,228,228,8,7,1,1,9,10,29,31,1,1,3,3,1,1,0.015417639557754822,0.024048215,0.008630575220549278
160.csv;09:17:31.301-2024/12/05;657;1,657,605,1,5,0,0,13,11,29,29,0,0,4,4,1,1,0.015417639557754822,0.024044035,0.008626395444834404
160.csv;07:44:40.067-2024/12/05;589;0,589,551,0,3,0,0,1,5,28,31,0,0,4,4,1,1,0.015417639557754822,0.024042185,0.008624545838201218
160.csv;09:34:15.908-2024/12/05;766;5,766,644,5,5,0,0,1,5,30,30,0,0,4,4,0,0,0.015417639557754822,0.024034446,0.008616806547606163
160.csv;08:38:42.071-2024/12/05;182;0,182,387,0,3,0,0,6,8,28,31,0,0,4,4,1,1,0.015417639557754822,0.024031619,0.00861397905226963
160.csv;09:41:39.471-2024/12/05;66;10,66,262,10,8,0,0,11,9,30,30,0,0,4,4,1,1,0.015417639557754822,0.024031345,0.008613705243432693
160.csv;07:22:55.377-2024/12/05;168;0,168,335,0,4,0,0,6,7,30,30,0,0,4,4,1,1,0.015417639557754822,0.02402965,0.008612010236346893
160.csv;08:23:07.127-2024/12/05;895;6,895,707,6,6,0,0,14,11,28,31,0,0,4,4,1,1,0.015417639557754822,0.02402364,0.008606001343095474
160.csv;08:01:12.100-2024/12/05;464;6,464,542,6,5,0,0,1,5,30,30,0,0,4,4,0,0,0.015417639557754822,0.024012038,0.008594398926460915
160.csv;09:26:13.882-2024/12/05;691;7,691,665,7,6,0,0,13,10,31,32,0,0,4,3,1,1,0.015417639557754822,0.024007605,0.008589965831005745
158.csv;08:03:25.251-2024/12/06;975;5,975,908,5,5,0,0,1,3,28,28,1,1,3,3,0,0,0.015417639557754822,0.024006613,0.008588973041141205
160.csv;09:41:10.835-2024/12/05;275;0,275,343,0,3,0,0,8,8,29,30,0,0,4,4,0,0,0.015417639557754822,0.023999764,0.008582124094927483
160.csv;07:38:48.009-2024/12/05;199;5,199,152,5,5,0,0,9,10,30,32,1,1,2,2,1,1,0.015417639557754822,0.023999754,0.008582114781701736
160.csv;09:40:30.807-2024/12/05;368;0,368,379,0,3,0,0,1,5,29,29,0,0,4,4,1,1,0.015417639557754822,0.02399894,0.008581300805771522
160.csv;09:01:00.251-2024/12/05;880;1,880,696,1,4,0,0,15,12,28,30,0,0,4,3,1,1,0.015417639557754822,0.02398689,0.008569251354301147
160.csv;07:44:40.501-2024/12/05;632;6,632,623,6,6,0,0,13,13,28,32,1,1,3,3,0,0,0.015417639557754822,0.02398623,0.00856859011527317
158.csv;08:12:04.413-2024/12/06;667;15,667,568,15,10,0,0,12,11,29,31,0,0,4,4,0,0,0.015417639557754822,0.02398509,0.008567450176441841
160.csv;06:59:22.523-2024/12/05;194;11,194,318,11,8,0,0,2,6,29,31,0,0,4,4,0,0,0.015417639557754822,0.023982538,0.008564898352587395
160.csv;07:14:41.407-2024/12/05;947;0,947,753,0,4,0,0,5,7,29,30,0,0,4,4,0,0,0.015417639557754822,0.02397996,0.008562320451700859
160.csv;07:22:22.839-2024/12/05;1010;0,1010,862,0,3,0,0,8,8,28,32,0,0,4,3,1,1,0.015417639557754822,0.023971345,0.008553705717885666
158.csv;08:10:48.778-2024/12/06;272;0,272,366,0,3,0,0,6,7,28,32,0,0,4,4,0,0,0.015417639557754822,0.023968618,0.008550978805387192
160.csv;08:09:21.847-2024/12/05;287;1,287,347,1,3,0,0,1,4,29,32,1,1,3,3,0,0,0.015417639557754822,0.023965044,0.008547404389345818
160.csv;08:24:05.650-2024/12/05;603;10,603,609,10,10,0,0,2,4,29,32,1,1,3,3,1,1,0.015417639557754822,0.023964157,0.008546517770254784
160.csv;06:58:31.926-2024/12/05;254;10,254,421,10,7,0,0,11,10,28,31,0,0,4,4,0,0,0.015417639557754822,0.023958057,0.008540417607391052
160.csv;09:25:30.473-2024/12/05;446;11,446,517,11,8,0,0,12,10,30,32,0,0,4,4,0,0,0.015417639557754822,0.023954857,0.008537217583024673
160.csv;09:41:10.754-2024/12/05;266;15,266,351,15,10,0,0,10,10,29,31,0,0,4,4,0,0,0.015417639557754822,0.023947593,0.008529953266942673
160.csv;07:14:41.500-2024/12/05;956;1,956,748,1,2,0,0,12,11,28,31,1,1,3,4,0,0,0.015417639557754822,0.0239422,0.008524560909235649
160.csv;07:36:52.365-2024/12/05;922;15,922,778,15,10,0,0,9,9,29,30,0,0,4,4,0,0,0.015417639557754822,0.023925703,0.00850806346114891
160.csv;07:22:25.543-2024/12/05;256;5,256,401,5,5,0,0,15,12,28,30,0,0,4,4,0,0,0.015417639557754822,0.023924366,0.008506726081931763
160.csv;09:32:53.932-2024/12/05;760;10,760,733,10,8,0,0,9,8,30,32,0,0,4,4,1,1,0.015417639557754822,0.023922836,0.008505196850264244
160.csv;07:52:54.730-2024/12/05;903;5,903,715,5,6,0,0,12,11,28,29,0,0,4,3,0,0,0.015417639557754822,0.023919804,0.008502164463961296
160.csv;09:40:18.055-2024/12/05;117;0,117,341,0,4,0,0,9,8,30,30,0,0,4,4,0,0,0.015417639557754822,0.023916876,0.008499236385786705
160.csv;06:58:30.804-2024/12/05;142;10,142,301,10,8,0,0,4,6,28,31,0,0,4,4,0,0,0.015417639557754822,0.023907179,0.008489539455139809
160.csv;07:15:25.256-2024/12/05;211;15,211,119,15,15,0,0,10,11,30,31,1,1,2,2,1,1,0.015417639557754822,0.023901973,0.008484333361947708
158.csv;08:03:22.985-2024/12/06;748;16,748,653,16,11,0,0,8,9,28,32,0,0,4,4,1,1,0.015417639557754822,0.023901036,0.008483396451437645
160.csv;07:22:25.987-2024/12/05;300;15,300,434,15,9,0,0,5,7,28,30,0,0,4,4,0,0,0.015417639557754822,0.023899999,0.008482358958089523
160.csv;09:25:20.941-2024/12/05;517;6,517,515,6,7,0,0,7,8,30,32,1,1,3,4,0,0,0.015417639557754822,0.023899319,0.008481679092610054
160.csv;08:14:43.382-2024/12/05;697;0,697,663,0,4,0,0,15,11,29,30,0,0,4,4,1,1,0.015417639557754822,0.023898797,0.00848115755196827
160.csv;07:14:06.263-2024/12/05;504;10,504,524,10,9,0,0,2,4,28,33,1,1,3,3,0,0,0.015417639557754822,0.023894476,0.008476836215222053
160.csv;06:51:25.057-2024/12/05;575;15,575,576,15,11,0,0,5,7,31,33,0,0,4,4,1,1,0.015417639557754822,0.023883939,0.008466299231612854
160.csv;09:17:34.448-2024/12/05;971;15,971,774,15,10,0,0,8,8,29,30,0,0,4,4,0,0,0.015417639557754822,0.023852386,0.008434746022784882
160.csv;08:15:35.572-2024/12/05;795;15,795,659,15,10,0,0,9,9,28,30,0,0,4,4,0,0,0.015417639557754822,0.023848396,0.008430756236875229
160.csv;06:50:34.923-2024/12/05;682;0,682,608,0,3,0,0,14,12,28,30,0,0,4,4,1,1,0.015417639557754822,0.023844304,0.008426664005482368
160.csv;07:52:54.877-2024/12/05;918;5,918,690,5,6,0,0,14,11,28,29,0,0,4,4,1,1,0.015417639557754822,0.023837412,0.008419772218430214
160.csv;06:51:45.089-2024/12/05;530;15,530,517,15,10,0,0,1,5,28,30,0,0,4,4,1,1,0.015417639557754822,0.023836447,0.008418807368242912
160.csv;09:26:13.918-2024/12/05;695;0,695,629,0,3,0,0,11,9,30,32,0,0,4,4,0,0,0.015417639557754822,0.023826526,0.008408886920178108
160.csv;07:14:06.245-2024/12/05;502;15,502,530,15,11,0,0,11,10,28,31,0,0,4,4,0,0,0.015417639557754822,0.023812646,0.008395006488526039
160.csv;06:43:32.336-2024/12/05;407;10,407,436,10,10,0,0,14,13,30,32,1,1,3,3,1,1,0.015417639557754822,0.023812307,0.008394667487108879
160.csv;08:46:07.217-2024/12/05;664;15,664,605,15,10,0,0,9,9,28,30,0,0,4,4,1,1,0.015417639557754822,0.02379887,0.008381230365002327
160.csv;07:46:18.033-2024/12/05;145;15,145,47,15,15,0,0,11,12,30,32,1,1,2,2,0,0,0.015417639557754822,0.023787005,0.008369365315401726
160.csv;09:17:43.947-2024/12/05;897;15,897,759,15,10,0,0,4,6,29,32,0,0,4,4,0,0,0.015417639557754822,0.023786962,0.008369322474563293
160.csv;09:32:53.855-2024/12/05;752;15,752,678,15,10,0,0,10,9,29,31,0,0,4,4,1,1,0.015417639557754822,0.023786036,0.008368396739924126
157.csv;04:04:21.480-2024/10/29;159;0,159,243,0,4,1,0,8,8,28,29,1,1,4,4,0,0,0.015417639557754822,0.023780944,0.008363304268086128
160.csv;09:25:33.657-2024/12/05;765;1,765,669,1,4,0,0,12,11,30,30,0,0,4,3,0,0,0.015417639557754822,0.023772223,0.008354583363497429
160.csv;09:40:18.111-2024/12/05;122;10,122,321,10,7,0,0,9,8,30,31,0,0,4,4,0,0,0.015417639557754822,0.023771206,0.008353566359245949
136.csv;18:53:47.376-2024/01/16;176;10,176,185,10,10,1,1,5,5,17,25,1,1,2,2,0,0,0.015417639557754822,0.023769233,0.008351593818032913
160.csv;07:14:05.420-2024/12/05;420;5,420,494,5,5,0,0,2,5,29,30,0,0,4,3,1,1,0.015417639557754822,0.02376755,0.008349909986818008
160.csv;09:10:56.423-2024/12/05;81;6,81,220,6,5,0,0,11,10,30,29,0,0,4,4,1,1,0.015417639557754822,0.023764947,0.008347307871544533
160.csv;08:46:07.204-2024/12/05;663;2,663,603,2,4,0,0,2,6,28,31,0,0,4,4,0,0,0.015417639557754822,0.023758788,0.008341148104036026
160.csv;07:12:40.420-2024/12/05;112;5,112,337,5,5,0,0,13,11,29,30,0,0,4,4,1,1,0.015417639557754822,0.023757963,0.008340322952234917
158.csv;08:11:33.935-2024/12/06;691;15,691,593,15,10,0,0,14,11,29,30,0,0,4,4,0,0,0.015417639557754822,0.02375364,0.008335999752843552
160.csv;08:38:46.576-2024/12/05;632;5,632,572,5,5,0,0,9,9,28,32,0,0,4,4,0,0,0.015417639557754822,0.023753144,0.008335504289233856
160.csv;09:03:52.256-2024/12/05;672;11,672,631,11,7,0,0,2,5,30,31,0,0,4,4,0,0,0.015417639557754822,0.023749158,0.008331518228614502
160.csv;06:58:26.783-2024/12/05;764;5,764,749,5,6,0,0,8,9,28,30,1,1,3,4,0,0,0.015417639557754822,0.023747733,0.00833009330507534
160.csv;09:10:10.394-2024/12/05;598;10,598,560,10,8,0,0,15,12,29,30,0,0,4,4,1,1,0.015417639557754822,0.023745444,0.008327804114186935
160.csv;09:41:08.653-2024/12/05;56;15,56,261,15,10,0,0,9,9,30,31,0,0,4,4,1,1,0.015417639557754822,0.023741333,0.008323693256342583
160.csv;06:58:32.013-2024/12/05;263;6,263,393,6,6,0,0,11,10,28,31,0,0,4,4,0,0,0.015417639557754822,0.023740377,0.008322737719381027
160.csv;09:34:15.876-2024/12/05;763;0,763,670,0,4,0,0,5,7,31,32,0,0,4,4,0,0,0.015417639557754822,0.023739258,0.00832161826964634
158.csv;08:03:22.965-2024/12/06;746;15,746,679,15,11,0,0,7,8,28,31,0,0,4,4,1,1,0.015417639557754822,0.023737738,0.008320098351204567
160.csv;09:10:59.610-2024/12/05;400;0,400,409,0,3,0,0,3,6,30,30,0,0,4,4,0,0,0.015417639557754822,0.023736168,0.008318528141343765
160.csv;07:53:23.680-2024/12/05;726;11,726,616,11,8,0,0,2,6,29,30,0,0,4,4,0,0,0.015417639557754822,0.023733236,0.008315596337878876
101.csv;10:09:29.030-2024/09/06;175;2,175,134,2,2,1,1,14,14,25,29,1,1,2,2,0,0,0.015417639557754822,0.0237302,0.00831256022628563
160.csv;09:34:10.551-2024/12/05;230;10,230,277,10,7,0,0,1,5,29,29,0,0,4,4,1,1,0.015417639557754822,0.023730023,0.008312383274996452
160.csv;08:30:28.352-2024/12/05;985;16,985,838,16,12,0,0,2,6,28,30,1,1,4,4,0,0,0.015417639557754822,0.023726378,0.008308738078439407
160.csv;06:43:48.773-2024/12/05;3;6,3,299,6,5,0,0,11,10,28,29,0,0,4,4,1,1,0.015417639557754822,0.023721326,0.008303686584794693
160.csv;08:07:59.354-2024/12/05;230;0,230,389,0,3,0,0,4,7,28,30,0,0,4,3,0,0,0.015417639557754822,0.023718916,0.008301276321971588
160.csv;09:40:18.172-2024/12/05;128;10,128,30,10,9,0,0,4,4,29,31,1,1,2,2,0,0,0.015417639557754822,0.0237122,0.008294559623563461
130.csv;21:34:35.847-2024/01/13;925;10,925,938,10,11,0,0,10,10,31,31,1,1,2,2,0,0,0.015417639557754822,0.02371144,0.008293799664342575
157.csv;04:04:22.170-2024/10/29;228;1,228,229,1,4,1,1,13,12,29,31,1,1,3,3,0,0,0.015417639557754822,0.02371012,0.00829248091157692
160.csv;07:22:22.915-2024/12/05;1017;10,1017,809,10,8,0,0,9,8,28,31,0,0,4,3,0,0,0.015417639557754822,0.023708144,0.008290504645073585
158.csv;08:03:04.303-2024/12/06;928;10,928,785,10,7,0,0,10,9,28,31,0,0,4,4,1,1,0.015417639557754822,0.023694444,0.008276804890000992
160.csv;07:14:05.327-2024/12/05;411;0,411,485,0,2,0,0,10,10,29,33,1,1,4,4,1,1,0.015417639557754822,0.023693746,0.00827610639807003
160.csv;07:24:11.378-2024/12/05;599;9,599,598,9,8,1,1,15,13,30,31,1,1,3,3,1,1,0.015417639557754822,0.02369352,0.008275881018006973
160.csv;09:41:39.509-2024/12/05;70;5,70,311,5,6,0,0,10,9,29,30,0,0,4,4,0,0,0.015417639557754822,0.023683403,0.00826576312955635
160.csv;08:07:58.784-2024/12/05;173;1,173,364,1,3,0,0,8,9,28,30,0,0,4,4,0,0,0.015417639557754822,0.023679327,0.008261687661969833
160.csv;08:24:05.660-2024/12/05;604;15,604,561,15,10,0,0,9,9,29,32,0,0,4,4,1,1,0.015417639557754822,0.023672972,0.008255332316720657
160.csv;08:07:59.478-2024/12/05;242;6,242,224,6,7,0,0,9,11,28,31,1,1,3,3,0,0,0.015417639557754822,0.023652833,0.008235193397367172
160.csv;07:52:54.825-2024/12/05;912;16,912,786,16,11,0,0,7,8,30,30,0,0,4,3,1,1,0.015417639557754822,0.023650194,0.008232554029190712
130.csv;21:20:15.610-2024/01/13;917;10,917,947,10,10,0,0,8,8,31,30,1,1,2,2,1,1,0.015417639557754822,0.02364917,0.008231529574358635
158.csv;08:03:23.038-2024/12/06;754;1,754,645,1,2,0,0,5,6,28,31,0,0,4,4,0,0,0.015417639557754822,0.023645092,0.008227452244126968
160.csv;09:26:16.026-2024/12/05;906;0,906,720,0,4,0,0,5,7,31,31,0,0,4,4,1,1,0.015417639557754822,0.023640942,0.008223302270734482
158.csv;08:12:04.392-2024/12/06;665;10,665,644,10,8,0,0,4,6,30,32,0,0,4,3,1,1,0.015417639557754822,0.023640161,0.008222521822416954
160.csv;06:50:44.277-2024/12/05;593;10,593,574,10,7,0,0,10,9,28,31,0,0,4,4,1,1,0.015417639557754822,0.023632865,0.008215225841367416
158.csv;08:17:46.779-2024/12/06;88;5,88,324,5,5,0,0,14,12,29,28,0,0,4,4,1,1,0.015417639557754822,0.023628246,0.008210606481397324
101.csv;10:08:36.877-2024/09/06;79;9,79,242,9,7,1,1,11,11,31,31,1,1,3,3,1,1,0.015417639557754822,0.023627434,0.008209794368112259
160.csv;07:14:07.311-2024/12/05;609;0,609,613,0,2,0,0,4,6,28,31,0,0,4,3,0,0,0.015417639557754822,0.023625236,0.008207596446836166
155.csv;03:42:54.000-2024/10/29;434;8,434,368,8,10,1,1,8,8,9,14,1,1,2,2,0,0,0.015417639557754822,0.023621498,0.00820385811802166
160.csv;06:43:16.726-2024/12/05;894;10,894,751,10,7,0,0,13,11,28,31,0,0,4,4,1,1,0.015417639557754822,0.023620127,0.008202487211191826
157.csv;04:04:21.273-2024/10/29;138;2,138,274,2,4,1,0,8,9,28,29,1,1,4,4,1,1,0.015417639557754822,0.02361968,0.00820204017635601
160.csv;09:18:34.560-2024/12/05;839;0,839,690,0,4,0,0,10,9,28,31,0,0,4,4,0,0,0.015417639557754822,0.023619607,0.00820196753319519
160.csv;07:29:07.203-2024/12/05;486;10,486,508,10,8,0,0,1,4,28,30,0,0,4,4,0,0,0.015417639557754822,0.023615919,0.008198279495799713
160.csv;09:18:37.312-2024/12/05;90;7,90,265,7,7,0,0,3,6,29,29,0,0,4,4,1,1,0.015417639557754822,0.023614926,0.008197286705935173
160.csv;07:36:57.670-2024/12/05;429;2,429,437,2,3,0,0,14,13,29,30,1,1,3,3,1,1,0.015417639557754822,0.023613075,0.008195435236656837
160.csv;07:29:06.594-2024/12/05;425;15,425,472,15,10,0,0,6,7,29,30,0,0,4,4,1,1,0.015417639557754822,0.02361182,0.008194179813826256
136.csv;18:53:19.376-2024/01/16;448;9,448,448,9,8,1,1,9,10,19,28,1,1,2,2,0,0,0.015417639557754822,0.02360776,0.008190121110046081
160.csv;07:52:54.825-2024/12/05;912;15,912,802,15,10,0,0,5,6,30,30,0,0,4,3,1,1,0.015417639557754822,0.023603296,0.008185656349623375
160.csv;07:15:16.950-2024/12/05;405;0,405,483,0,4,0,0,14,10,30,30,0,0,4,4,0,0,0.015417639557754822,0.023601219,0.008183579500281982
158.csv;08:12:04.389-2024/12/06;665;5,665,588,5,4,0,0,0,4,30,29,0,0,4,4,1,1,0.015417639557754822,0.023598803,0.00818116364952343
160.csv;08:31:04.111-2024/12/05;465;15,465,480,15,11,0,0,12,11,28,30,0,0,4,3,1,1,0.015417639557754822,0.023597931,0.00818029193159359
160.csv;06:58:31.906-2024/12/05;252;11,252,341,11,7,0,0,0,4,28,30,0,0,4,3,1,1,0.015417639557754822,0.023595257,0.008177617173159294
160.csv;09:26:42.646-2024/12/05;496;1,496,541,1,3,0,0,4,7,29,32,0,0,4,4,0,0,0.015417639557754822,0.023590866,0.008173226918542557
160.csv;06:58:26.676-2024/12/05;753;10,753,673,10,9,0,0,10,9,28,29,0,0,4,4,1,1,0.015417639557754822,0.023586169,0.008168529327476196
160.csv;08:38:42.038-2024/12/05;178;11,178,256,11,8,0,0,8,9,28,30,0,0,4,3,0,0,0.015417639557754822,0.023583308,0.008165668304526977
160.csv;09:32:57.031-2024/12/05;46;12,46,160,12,10,0,0,2,4,30,33,0,0,3,3,0,0,0.015417639557754822,0.023581048,0.00816340891596096
160.csv;09:32:50.686-2024/12/05;436;0,436,452,0,4,0,0,2,6,30,32,0,0,4,4,0,0,0.015417639557754822,0.023577211,0.008159571866953545
158.csv;08:03:29.918-2024/12/06;418;5,418,519,5,5,0,0,0,4,30,32,0,0,4,4,0,0,0.015417639557754822,0.023571527,0.008153887073958092
160.csv;07:37:44.933-2024/12/05;35;11,35,60,11,10,0,0,7,6,30,31,1,1,2,3,0,0,0.015417639557754822,0.023569332,0.008151692877972298
160.csv;08:15:35.270-2024/12/05;765;15,765,679,15,10,0,0,9,9,28,30,0,0,4,4,1,1,0.015417639557754822,0.023560992,0.008143351952994041
158.csv;08:11:33.841-2024/12/06;682;10,682,629,10,9,0,0,14,12,30,30,0,0,4,3,1,1,0.015417639557754822,0.023560211,0.008142571504676514
160.csv;09:25:33.661-2024/12/05;765;5,765,690,5,5,0,0,14,12,30,30,0,0,4,3,1,1,0.015417639557754822,0.02355781,0.008140170555079155
160.csv;09:28:22.557-2024/12/05;247;0,247,341,0,3,0,0,5,7,30,29,0,0,4,4,0,0,0.015417639557754822,0.023554515,0.008136875535810165
160.csv;09:03:52.217-2024/12/05;668;15,668,629,15,10,0,0,6,7,30,32,0,0,4,4,0,0,0.015417639557754822,0.023553982,0.008136342819297485
160.csv;08:22:14.217-2024/12/05;724;5,724,679,5,4,0,0,10,9,30,31,0,0,4,4,1,1,0.015417639557754822,0.023553176,0.008135536293947868
160.csv;06:59:22.523-2024/12/05;194;6,194,330,6,6,0,0,14,11,29,30,0,0,4,4,1,1,0.015417639557754822,0.023549404,0.008131764437520676
136.csv;18:50:49.824-2024/01/16;853;10,853,728,10,7,0,0,3,5,30,30,0,0,4,4,0,0,0.015417639557754822,0.023527106,0.008109466712439232
160.csv;09:25:43.217-2024/12/05;697;0,697,651,0,3,0,0,12,10,30,32,0,0,4,4,0,0,0.015417639557754822,0.023522357,0.008104716967308693
160.csv;06:43:43.080-2024/12/05;457;15,457,502,15,10,0,0,8,8,28,31,0,0,4,4,1,1,0.015417639557754822,0.023516301,0.008098661507928543
160.csv;09:40:14.884-2024/12/05;823;15,823,736,15,11,0,0,9,9,30,31,0,0,4,3,1,1,0.015417639557754822,0.023515074,0.0080974340247752
158.csv;08:03:23.958-2024/12/06;846;0,846,681,0,4,0,0,13,11,28,30,0,0,4,4,0,0,0.015417639557754822,0.023512894,0.0080952547299506
101.csv;10:06:36.744-2024/09/06;354;5,354,290,5,5,1,1,11,12,20,28,1,1,2,2,1,1,0.015417639557754822,0.02351168,0.008094040285313301
160.csv;08:38:46.526-2024/12/05;627;11,627,606,11,9,0,0,14,11,28,29,0,0,4,4,1,1,0.015417639557754822,0.023510264,0.008092624674999885
160.csv;08:23:07.559-2024/12/05;938;8,938,683,8,7,0,0,3,6,28,29,0,0,4,4,0,0,0.015417639557754822,0.023503965,0.008086325209105186
160.csv;06:58:31.958-2024/12/05;258;0,258,353,0,2,0,0,8,8,28,31,0,0,4,4,0,0,0.015417639557754822,0.023493886,0.008076246436202698
160.csv;09:17:43.929-2024/12/05;896;0,896,723,0,3,0,0,12,10,29,29,0,0,4,4,1,1,0.015417639557754822,0.023485942,0.008068302254641228
160.csv;07:14:07.418-2024/12/05;620;0,620,604,0,3,0,0,14,10,28,31,0,0,4,4,1,1,0.015417639557754822,0.023469495,0.008051855097973518
157.csv;04:14:11.362-2024/10/29;779;3,779,841,3,2,1,1,12,13,17,22,1,1,2,2,1,1,0.015417639557754822,0.023467813,0.008050173129403763
160.csv;06:58:32.031-2024/12/05;265;6,265,366,6,7,0,0,3,6,28,31,0,0,4,4,1,1,0.015417639557754822,0.023465946,0.008048306758964233
158.csv;08:17:45.820-2024/12/06;1016;5,1016,772,5,5,0,0,5,6,28,28,0,0,4,4,1,1,0.015417639557754822,0.023463901,0.008046261574590378
101.csv;09:55:25.152-2024/09/06;778;9,778,864,9,9,1,1,15,15,19,25,1,1,2,2,1,1,0.015417639557754822,0.023460781,0.008043141643965416
157.csv;04:04:21.937-2024/10/29;204;8,204,134,8,9,1,1,13,13,0,7,1,1,2,2,1,1,0.015417639557754822,0.023456335,0.008038695509994202
160.csv;09:33:03.457-2024/12/05;689;5,689,630,5,5,0,0,0,4,31,30,0,0,4,4,0,0,0.015417639557754822,0.023454713,0.008037073146069221
160.csv;09:41:37.311-2024/12/05;874;10,874,759,10,8,0,0,10,9,30,30,0,0,4,4,0,0,0.015417639557754822,0.02345241,0.008034770916664772
160.csv;07:29:06.680-2024/12/05;434;0,434,506,0,3,0,0,2,6,29,30,0,0,4,4,1,1,0.015417639557754822,0.023452172,0.00803453249808567
160.csv;08:31:44.599-2024/12/05;418;15,418,467,15,12,0,0,1,3,30,32,1,1,3,3,1,1,0.015417639557754822,0.02345176,0.00803412085350769
160.csv;09:41:39.441-2024/12/05;63;7,63,281,7,6,0,0,4,7,30,31,0,0,4,4,0,0,0.015417639557754822,0.023451079,0.008033439125383072
160.csv;08:23:07.583-2024/12/05;941;1,941,783,1,3,0,0,7,7,28,31,0,0,4,4,1,1,0.015417639557754822,0.023441672,0.008024032767379456
158.csv;08:10:49.038-2024/12/06;298;5,298,386,5,5,0,0,13,11,28,29,0,0,4,4,0,0,0.015417639557754822,0.023428064,0.008010424281919174
158.csv;08:03:23.101-2024/12/06;760;10,760,725,10,8,0,0,4,6,28,30,0,0,4,4,0,0,0.015417639557754822,0.023421276,0.008003636802995377
160.csv;06:50:34.157-2024/12/05;605;11,605,594,11,8,0,0,9,9,28,30,0,0,4,4,0,0,0.015417639557754822,0.02341419,0.007996551300847702
160.csv;06:50:37.626-2024/12/05;952;11,952,901,11,9,0,0,1,4,31,30,1,1,3,3,0,0,0.015417639557754822,0.023412298,0.007994658853376083
160.csv;08:38:42.071-2024/12/05;181;15,181,307,15,10,0,0,4,7,28,31,0,0,4,3,0,0,0.015417639557754822,0.023406904,0.00798926463302391
160.csv;09:34:15.946-2024/12/05;770;0,770,642,0,4,0,0,13,10,30,30,0,0,4,4,0,0,0.015417639557754822,0.023404187,0.007986547033751182
160.csv;07:22:22.562-2024/12/05;982;5,982,752,5,5,0,0,6,7,28,30,0,0,4,4,1,1,0.015417639557754822,0.02340334,0.007985699530208282
160.csv;07:15:17.298-2024/12/05;440;0,440,470,0,4,0,0,4,6,29,31,0,0,4,4,0,0,0.015417639557754822,0.023392469,0.00797482913311737
160.csv;08:09:21.844-2024/12/05;287;0,287,310,0,2,0,0,0,3,29,32,1,1,3,3,0,0,0.015417639557754822,0.023389816,0.007972176726424866
160.csv;08:38:38.006-2024/12/05;799;6,799,734,6,6,0,0,8,9,28,30,1,1,3,4,0,0,0.015417639557754822,0.023388859,0.007971219326818161
160.csv;06:51:25.031-2024/12/05;573;0,573,541,0,3,0,0,12,10,31,30,0,0,4,4,0,0,0.015417639557754822,0.02338829,0.007970651220047646
160.csv;08:15:35.357-2024/12/05;774;5,774,668,5,5,0,0,0,5,28,28,0,0,4,4,1,1,0.015417639557754822,0.023388224,0.007970584164822273
136.csv;18:53:45.156-2024/01/16;978;10,978,722,10,9,0,0,4,5,29,33,1,1,3,3,1,1,0.015417639557754822,0.023387855,0.007970215361082725
160.csv;09:10:59.686-2024/12/05;407;15,407,443,15,10,0,0,9,9,30,31,0,0,4,4,1,1,0.015417639557754822,0.023387292,0.007969652842247658
160.csv;07:52:54.817-2024/12/05;912;5,912,765,5,6,0,0,3,5,30,32,0,0,4,3,0,0,0.015417639557754822,0.023385841,0.007968201841676407
160.csv;07:16:05.735-2024/12/05;163;15,163,201,15,12,0,0,5,6,30,32,1,1,3,3,0,0,0.015417639557754822,0.023384005,0.007966365273559265
160.csv;07:13:06.503-2024/12/05;672;10,672,619,10,8,0,0,15,12,29,32,0,0,4,3,0,0,0.015417639557754822,0.023382394,0.00796475408550518
157.csv;04:22:14.995-2024/10/29;1014;7,1014,1019,7,7,1,1,12,12,22,28,1,1,2,2,0,0,0.015417639557754822,0.023377094,0.007959454860055618
158.csv;08:03:22.923-2024/12/06;742;15,742,651,15,10,0,0,7,8,28,31,0,0,4,4,0,0,0.015417639557754822,0.023376618,0.007958978022897415
160.csv;09:09:33.155-2024/12/05;970;10,970,811,10,8,0,0,11,9,30,28,0,0,4,4,1,1,0.015417639557754822,0.02337479,0.00795715076800602
160.csv;08:15:08.982-2024/12/05;184;6,184,440,6,6,1,1,6,8,30,28,1,1,2,2,0,0,0.015417639557754822,0.023371812,0.0079541723984124
160.csv;09:10:00.801-2024/12/05;663;5,663,609,5,4,0,0,14,12,30,31,0,0,4,4,0,0,0.015417639557754822,0.023370009,0.007952369357907944
160.csv;08:14:39.133-2024/12/05;272;0,272,408,0,2,0,0,11,10,28,29,0,0,4,4,1,1,0.015417639557754822,0.023364428,0.007946788873040848
157.csv;04:04:21.471-2024/10/29;158;0,158,298,0,4,1,0,11,9,28,27,1,1,4,4,1,1,0.015417639557754822,0.023352148,0.007934508453571968
160.csv;09:41:12.843-2024/12/05;475;11,475,437,11,8,0,0,13,11,30,32,0,0,4,4,0,0,0.015417639557754822,0.023335896,0.007918256874644928
158.csv;08:10:49.098-2024/12/06;304;5,304,386,5,6,0,0,15,11,28,28,0,0,4,4,0,0,0.015417639557754822,0.023334553,0.007916913907492332
160.csv;07:52:54.869-2024/12/05;917;5,917,664,5,5,0,0,7,8,28,32,0,0,4,4,0,0,0.015417639557754822,0.023328884,0.007911244015658073
160.csv;07:38:26.198-2024/12/05;66;3,66,169,3,5,0,0,10,11,30,31,1,1,3,4,0,0,0.015417639557754822,0.023310905,0.007893265764677696
157.csv;04:04:21.348-2024/10/29;145;7,145,246,7,7,1,1,13,12,28,30,1,1,3,3,0,0,0.015417639557754822,0.023303205,0.007885565589630775
160.csv;09:17:37.597-2024/12/05;263;1,263,297,1,3,0,0,8,9,30,32,0,0,4,4,0,0,0.015417639557754822,0.023301514,0.007883874307835274
160.csv;09:16:54.725-2024/12/05;71;10,71,730,10,14,0,0,0,-1,0,-2,1,1,0,0,1,1,0.015417639557754822,0.02330102,0.007883380706870727
160.csv;07:15:16.943-2024/12/05;404;10,404,471,10,8,0,0,12,10,30,30,0,0,4,4,0,0,0.015417639557754822,0.023300324,0.007882684077584915
160.csv;08:07:59.254-2024/12/05;220;1,220,338,1,3,0,0,10,9,28,32,0,0,4,4,0,0,0.015417639557754822,0.023299517,0.007881877552235298
160.csv;07:14:41.280-2024/12/05;934;5,934,750,5,6,0,0,12,9,30,30,0,0,4,4,0,0,0.015417639557754822,0.023299187,0.007881547864043884
160.csv;07:53:22.732-2024/12/05;631;11,631,597,11,8,0,0,14,11,28,31,0,0,4,4,0,0,0.015417639557754822,0.023294669,0.00787702908691185
160.csv;09:17:47.150-2024/12/05;194;1,194,347,1,3,0,0,13,11,29,30,0,0,4,4,1,1,0.015417639557754822,0.023290096,0.007872456293070488
160.csv;06:43:16.631-2024/12/05;885;0,885,742,0,5,0,0,10,9,28,32,0,0,4,4,0,0,0.015417639557754822,0.023284823,0.007867183144653015
160.csv;07:47:43.237-2024/12/05;474;0,474,509,0,2,0,0,2,5,29,29,0,0,4,4,0,0,0.015417639557754822,0.02328336,0.007865720968210869
158.csv;08:10:44.350-2024/12/06;853;10,853,683,10,8,0,0,4,6,29,29,0,0,4,4,0,0,0.015417639557754822,0.023274388,0.007856748606527023
160.csv;09:34:13.827-2024/12/05;558;0,558,530,0,3,0,0,1,5,29,31,0,0,4,4,1,1,0.015417639557754822,0.02327076,0.007853120173776321
100.csv;04:28:56.277-2024/09/05;160;2,160,256,2,3,1,1,8,9,31,32,1,1,3,3,0,0,0.015417639557754822,0.023270227,0.007852587457263641
160.csv;06:51:25.146-2024/12/05;584;6,584,576,6,6,0,0,2,6,29,28,0,0,4,4,1,1,0.015417639557754822,0.023265941,0.00784830151077526
158.csv;08:11:33.838-2024/12/06;682;5,682,671,5,5,0,0,10,8,30,33,0,0,4,4,0,0,0.015417639557754822,0.02326147,0.007843831162417107
160.csv;09:03:27.766-2024/12/05;271;15,271,414,15,10,0,0,10,9,29,31,0,0,4,4,0,0,0.015417639557754822,0.023258535,0.007840895633661919
160.csv;09:32:57.068-2024/12/05;50;6,50,171,6,6,0,0,3,5,30,31,1,1,3,3,0,0,0.015417639557754822,0.023252985,0.00783534495111721
160.csv;07:53:22.784-2024/12/05;636;15,636,609,15,13,0,0,12,12,28,32,1,1,3,4,1,1,0.015417639557754822,0.02324768,0.0078300401377322
160.csv;06:43:43.072-2024/12/05;457;2,457,476,2,4,0,0,2,6,28,32,0,0,4,4,0,0,0.015417639557754822,0.023247048,0.007829408701026611
160.csv;08:08:54.992-2024/12/05;673;15,673,586,15,11,0,0,4,7,30,30,0,0,4,4,0,0,0.015417639557754822,0.02324506,0.007827421258652382
160.csv;07:14:00.235-2024/12/05;925;10,925,745,10,8,0,0,12,11,29,30,0,0,4,4,0,0,0.015417639557754822,0.023243656,0.007826016824209862
160.csv;08:23:07.356-2024/12/05;918;5,918,765,5,6,0,0,15,12,28,30,0,0,4,3,1,1,0.015417639557754822,0.023240259,0.007822619359457664
101.csv;09:52:07.836-2024/09/06;503;1,503,486,1,0,0,0,14,14,12,19,1,1,2,2,1,1,0.015417639557754822,0.023232475,0.007814835365379028
160.csv;07:14:09.354-2024/12/05;813;11,813,841,11,9,0,0,8,9,28,32,1,1,3,3,0,0,0.015417639557754822,0.02322971,0.0078120711999775695
160.csv;06:59:22.520-2024/12/05;194;0,194,301,0,3,0,0,11,10,29,30,0,0,4,4,1,1,0.015417639557754822,0.023228027,0.007810387368762665
158.csv;08:11:34.201-2024/12/06;718;11,718,618,11,8,0,0,5,7,28,31,0,0,4,3,0,0,0.015417639557754822,0.023222543,0.007804903741443329
160.csv;09:41:08.662-2024/12/05;57;10,57,297,10,8,0,0,11,10,30,30,0,0,4,4,0,0,0.015417639557754822,0.023216175,0.007798535357678108
160.csv;08:38:39.126-2024/12/05;911;5,911,586,5,5,0,0,5,7,28,30,0,0,4,4,0,0,0.015417639557754822,0.023215452,0.0077978126513602065
158.csv;08:03:23.301-2024/12/06;780;10,780,653,10,7,0,0,1,5,28,30,0,0,4,4,0,0,0.015417639557754822,0.023214212,0.007796572129690819
130.csv;21:34:39.035-2024/01/13;220;10,220,183,10,11,0,0,14,15,31,30,1,1,2,2,1,1,0.015417639557754822,0.02320444,0.007786800693237953
160.csv;09:40:21.248-2024/12/05;436;1,436,392,1,4,0,0,15,11,30,30,0,0,4,4,0,0,0.015417639557754822,0.023204071,0.007786431889498405
136.csv;18:52:15.520-2024/01/16;207;0,207,399,0,4,0,0,9,10,10,22,1,1,4,4,1,1,0.015417639557754822,0.02319394,0.007776300962531738
160.csv;09:41:39.491-2024/12/05;68;6,68,282,6,6,0,0,9,9,30,30,0,0,4,4,0,0,0.015417639557754822,0.023191327,0.007773687671387367
101.csv;09:58:14.166-2024/09/06;272;10,272,173,10,11,0,0,12,13,19,25,1,1,2,2,1,1,0.015417639557754822,0.023183763,0.00776612346943634
160.csv;07:15:16.939-2024/12/05;404;1,404,410,1,3,0,0,7,9,30,31,0,0,4,3,0,0,0.015417639557754822,0.02318258,0.007764940689766579
157.csv;04:18:02.428-2024/10/29;334;0,334,289,0,1,1,1,12,13,23,28,1,1,2,2,0,0,0.015417639557754822,0.023180611,0.0077629718738438415
160.csv;09:17:34.347-2024/12/05;962;0,962,790,0,3,0,0,8,8,30,31,0,0,4,4,0,0,0.015417639557754822,0.023177262,0.007759622837865524
157.csv;04:16:15.567-2024/10/29;911;9,911,929,9,7,1,1,14,14,26,29,1,1,2,2,1,1,0.015417639557754822,0.023164054,0.0077464148211123275
160.csv;07:44:39.974-2024/12/05;579;15,579,564,15,13,0,0,12,12,28,33,1,1,3,3,0,0,0.015417639557754822,0.023160493,0.007742853443586998
160.csv;07:38:10.680-2024/12/05;562;5,562,565,5,5,0,0,4,7,28,31,0,0,4,4,1,1,0.015417639557754822,0.023160009,0.007742369155848198
160.csv;08:15:38.096-2024/12/05;24;5,24,245,5,5,0,0,5,7,28,30,0,0,4,4,0,0,0.015417639557754822,0.023142235,0.007724595795834236
160.csv;09:34:10.668-2024/12/05;242;5,242,370,5,5,0,0,12,11,28,30,0,0,4,4,1,1,0.015417639557754822,0.023141282,0.00772364212151783
160.csv;08:30:28.302-2024/12/05;981;0,981,774,0,3,0,0,6,7,28,30,0,0,4,4,1,1,0.015417639557754822,0.023134211,0.007716571520531349
160.csv;07:29:08.780-2024/12/05;644;5,644,611,5,6,0,0,12,13,28,31,1,1,3,3,0,0,0.015417639557754822,0.023131408,0.0077137682395817565
160.csv;09:17:31.238-2024/12/05;651;0,651,608,0,3,0,0,14,11,29,31,0,0,4,4,0,0,0.015417639557754822,0.023130681,0.0077130418079735565
160.csv;07:44:47.919-2024/12/05;350;0,350,443,0,3,0,0,8,9,28,30,0,0,4,4,1,1,0.015417639557754822,0.02312429,0.007706651072466545
160.csv;09:26:19.226-2024/12/05;201;15,201,325,15,10,0,0,5,7,29,30,0,0,4,4,0,0,0.015417639557754822,0.023119673,0.0077020335751416015
160.csv;07:14:06.173-2024/12/05;495;10,495,548,10,7,0,0,7,9,28,31,0,0,4,4,1,1,0.015417639557754822,0.023116011,0.0076983716147782134
160.csv;09:25:17.717-2024/12/05;194;15,194,306,15,12,0,0,0,3,30,32,1,1,3,3,1,1,0.015417639557754822,0.023115054,0.007697414215171509
160.csv;07:22:53.215-2024/12/05;975;16,975,824,16,11,0,0,2,6,30,30,1,1,4,4,0,0,0.015417639557754822,0.023113517,0.007695877532923393
160.csv;06:43:43.097-2024/12/05;459;10,459,509,10,9,0,0,13,13,28,32,1,1,3,3,1,1,0.015417639557754822,0.02310233,0.007684690486157112
160.csv;09:01:00.247-2024/12/05;879;15,879,692,15,9,0,0,12,11,28,29,0,0,4,4,1,1,0.015417639557754822,0.023096576,0.007678936775291138
158.csv;08:11:33.822-2024/12/06;680;10,680,668,10,9,0,0,6,6,30,30,0,0,4,3,1,1,0.015417639557754822,0.023088645,0.007671005632245712
160.csv;09:18:14.397-2024/12/05;871;0,871,839,0,1,0,0,9,10,28,29,1,1,3,3,0,0,0.015417639557754822,0.02306688,0.0076492406236769485
158.csv;08:03:29.948-2024/12/06;421;0,421,450,0,3,0,0,3,6,30,31,0,0,4,4,1,1,0.015417639557754822,0.023065327,0.00764768717762249
160.csv;06:58:33.026-2024/12/05;364;10,364,437,10,8,0,0,12,10,28,31,0,0,4,4,0,0,0.015417639557754822,0.023064476,0.007646835948789291
160.csv;06:58:30.643-2024/12/05;126;10,126,254,10,8,0,0,6,6,28,29,0,0,4,3,1,1,0.015417639557754822,0.023062745,0.007645105551445656
160.csv;08:47:22.579-2024/12/05;8;10,8,126,10,9,0,0,8,9,30,31,1,1,3,3,1,1,0.015417639557754822,0.02305958,0.007641940917337112
160.csv;07:14:00.125-2024/12/05;914;10,914,779,10,8,0,0,6,7,29,29,0,0,4,4,0,0,0.015417639557754822,0.023058796,0.007641156743729286
158.csv;08:03:04.995-2024/12/06;997;15,997,820,15,10,0,0,15,11,28,30,1,1,4,4,0,0,0.015417639557754822,0.02305852,0.0076408810722472
136.csv;18:51:46.676-2024/01/16;394;10,394,456,10,8,1,0,10,10,16,25,1,1,4,4,1,1,0.015417639557754822,0.023055622,0.007637982796394997
103.csv;03:58:42.561-2024/09/04;529;0,529,541,0,3,0,0,12,10,31,32,0,0,4,4,1,1,0.015417639557754822,0.023054833,0.007637193034851723
155.csv;03:40:54.983-2024/10/29;821;0,821,906,0,-1,1,1,14,14,9,15,1,1,1,1,0,0,0.015417639557754822,0.02305357,0.007635930161440544
158.csv;08:03:23.076-2024/12/06;757;15,757,630,15,10,0,0,1,5,28,30,0,0,4,4,0,0,0.015417639557754822,0.023050161,0.007632521520817451
160.csv;07:22:22.939-2024/12/05;1020;0,1020,752,0,3,0,0,11,9,28,30,0,0,4,4,0,0,0.015417639557754822,0.023045212,0.007627572472655945
158.csv;08:04:40.143-2024/12/06;272;10,272,358,10,9,0,0,5,7,30,32,1,1,3,3,1,1,0.015417639557754822,0.02303383,0.007616189848148994
157.csv;04:04:21.192-2024/10/29;130;1,130,192,1,2,1,1,8,9,31,29,1,1,4,4,1,1,0.015417639557754822,0.023033515,0.007615875061118774
160.csv;06:58:33.880-2024/12/05;450;0,450,448,0,2,0,0,15,13,28,30,1,1,3,3,1,1,0.015417639557754822,0.023030218,0.0076125781792046356
160.csv;09:34:10.558-2024/12/05;231;0,231,317,0,3,0,0,6,8,29,32,0,0,4,4,0,0,0.015417639557754822,0.023027513,0.007609873618447952
160.csv;09:33:06.620-2024/12/05;1005;6,1005,810,6,5,0,0,9,8,29,31,0,0,4,4,1,1,0.015417639557754822,0.023026409,0.007608769069874458
158.csv;08:03:23.848-2024/12/06;835;5,835,673,5,5,0,0,1,4,28,28,0,0,4,4,1,1,0.015417639557754822,0.023024056,0.0076064165490509796
136.csv;18:53:24.876-2024/01/16;998;10,998,1009,10,8,1,1,6,7,19,25,1,1,3,3,1,1,0.015417639557754822,0.023006108,0.00758846810039299
158.csv;08:03:23.086-2024/12/06;758;15,758,631,15,10,0,0,8,8,28,31,0,0,4,4,1,1,0.015417639557754822,0.023000274,0.007582634295785599
158.csv;08:11:34.139-2024/12/06;712;5,712,645,5,5,0,0,15,12,28,30,0,0,4,4,0,0,0.015417639557754822,0.022999654,0.007582014034950905
160.csv;08:10:22.295-2024/12/05;188;0,188,225,0,2,0,0,13,12,30,31,1,1,3,3,0,0,0.015417639557754822,0.022998651,0.0075810119318606185
158.csv;08:03:30.076-2024/12/06;434;0,434,421,0,1,0,0,5,7,29,31,1,1,3,3,1,1,0.015417639557754822,0.02299609,0.007578450794780426
158.csv;08:17:46.164-2024/12/06;26;16,26,222,16,13,0,0,3,5,28,32,1,1,3,3,1,1,0.015417639557754822,0.022988474,0.007570834438765221
158.csv;08:10:50.065-2024/12/06;401;0,401,510,0,3,0,0,6,7,28,33,0,0,4,4,1,1,0.015417639557754822,0.02298081,0.007563169653976135
158.csv;08:03:23.858-2024/12/06;836;1,836,692,1,2,0,0,7,7,28,30,0,0,4,4,1,1,0.015417639557754822,0.022979781,0.00756214147385376
157.csv;04:04:21.748-2024/10/29;185;8,185,199,8,7,1,1,12,12,28,31,1,1,3,3,0,0,0.015417639557754822,0.022979626,0.0075619868743063735
160.csv;09:18:39.949-2024/12/05;354;0,354,405,0,4,0,0,13,10,29,30,0,0,4,4,0,0,0.015417639557754822,0.02297889,0.007561251129472427
158.csv;08:10:49.054-2024/12/06;299;10,299,396,10,7,0,0,1,5,28,30,0,0,4,4,1,1,0.015417639557754822,0.022976784,0.007559144477808647
160.csv;09:34:13.755-2024/12/05;550;15,550,501,15,11,0,0,8,9,29,31,0,0,4,4,0,0,0.015417639557754822,0.02297608,0.007558440397942238
160.csv;09:10:59.616-2024/12/05;400;15,400,406,15,9,0,0,10,10,30,30,0,0,4,4,0,0,0.015417639557754822,0.022972371,0.007554731871450119
158.csv;08:03:29.965-2024/12/06;422;15,422,415,15,10,0,0,15,12,30,32,0,0,4,3,1,1,0.015417639557754822,0.022969685,0.007552045937144928
160.csv;07:14:41.372-2024/12/05;943;10,943,747,10,8,0,0,9,9,29,30,0,0,4,4,0,0,0.015417639557754822,0.022967996,0.0075503565179945754
158.csv;08:03:22.805-2024/12/06;730;15,730,690,15,10,0,0,5,7,29,31,0,0,4,4,0,0,0.015417639557754822,0.02296192,0.007544280569517784
160.csv;07:22:22.879-2024/12/05;1014;0,1014,795,0,2,0,0,7,8,28,28,0,0,4,4,1,1,0.015417639557754822,0.022957334,0.0075396947371603774
160.csv;08:46:08.231-2024/12/05;765;15,765,657,15,10,0,0,9,9,30,31,0,0,4,4,0,0,0.015417639557754822,0.022957025,0.007539385538065605
160.csv;08:23:07.057-2024/12/05;888;10,888,744,10,7,0,0,3,6,28,31,0,0,4,4,1,1,0.015417639557754822,0.022945086,0.007527445982659035
160.csv;09:34:13.789-2024/12/05;554;6,554,499,6,5,0,0,2,5,29,32,0,0,4,4,1,1,0.015417639557754822,0.02293987,0.007522230576241188
160.csv;08:38:46.832-2024/12/05;658;0,658,631,0,3,0,0,3,5,28,31,0,0,4,4,1,1,0.015417639557754822,0.022938441,0.007520801927411728
160.csv;07:54:17.210-2024/12/05;959;11,959,1050,11,11,0,0,5,6,30,31,1,1,2,2,1,1,0.015417639557754822,0.022936024,0.007518384214008026
160.csv;09:10:56.420-2024/12/05;81;1,81,352,1,3,0,0,8,8,30,28,0,0,4,4,1,1,0.015417639557754822,0.022930104,0.00751246472772377
160.csv;06:50:38.008-2024/12/05;990;16,990,784,16,13,0,0,12,11,30,32,1,1,3,3,1,1,0.015417639557754822,0.02292957,0.007511930148565941
160.csv;07:22:22.862-2024/12/05;1012;10,1012,788,10,7,0,0,2,6,28,30,0,0,4,4,0,0,0.015417639557754822,0.022928312,0.00751067286309021
160.csv;09:10:23.193-2024/12/05;854;5,854,709,5,6,0,0,5,6,29,30,0,0,4,4,1,1,0.015417639557754822,0.022922408,0.007504768277967148
158.csv;08:03:22.981-2024/12/06;748;10,748,652,10,8,0,0,2,5,28,30,0,0,4,3,0,0,0.015417639557754822,0.022921052,0.007503412272298508
160.csv;08:46:07.152-2024/12/05;658;5,658,602,5,5,0,0,15,12,29,30,0,0,4,4,1,1,0.015417639557754822,0.02291596,0.00749831980046051
160.csv;08:33:14.244-2024/12/05;167;5,167,71,5,4,0,0,6,7,29,30,1,1,2,2,0,0,0.015417639557754822,0.02290762,0.007489980738127403
160.csv;07:14:05.238-2024/12/05;402;0,402,421,0,2,0,0,13,11,29,30,0,0,4,4,1,1,0.015417639557754822,0.022907596,0.007489956523740463
160.csv;07:23:55.170-2024/12/05;3;5,3,8,5,4,0,0,9,10,30,32,1,1,2,2,0,0,0.015417639557754822,0.022904642,0.007487002368533783
160.csv;07:12:40.404-2024/12/05;110;8,110,359,8,7,0,0,9,9,29,29,0,0,4,4,0,0,0.015417639557754822,0.022901982,0.007484342511260681
160.csv;09:18:42.019-2024/12/05;561;0,561,562,0,3,0,0,2,6,30,32,0,0,4,4,1,1,0.015417639557754822,0.022901252,0.0074836123543621826
158.csv;08:12:04.422-2024/12/06;668;10,668,592,10,7,0,0,0,4,29,31,0,0,4,4,0,0,0.015417639557754822,0.022897007,0.007479367386067085
157.csv;04:19:59.747-2024/10/29;802;0,802,822,0,3,1,1,11,10,31,31,1,1,3,3,1,1,0.015417639557754822,0.022891296,0.007473656516039543
160.csv;06:50:33.982-2024/12/05;588;0,588,559,0,3,0,0,14,12,28,31,0,0,3,3,1,1,0.015417639557754822,0.022888161,0.007470521684253387
157.csv;04:04:21.434-2024/10/29;154;3,154,267,3,5,1,0,13,10,28,29,1,1,4,4,0,0,0.015417639557754822,0.022880552,0.007462912778818779
155.csv;03:34:46.289-2024/10/29;815;12,815,730,12,9,0,0,5,7,31,31,0,0,4,4,0,0,0.015417639557754822,0.02287022,0.007452580686175995
155.csv;03:49:13.823-2024/10/29;529;5,529,502,5,5,0,0,15,14,0,10,0,0,3,3,1,1,0.015417639557754822,0.022856507,0.0074388678925873565
160.csv;07:13:06.476-2024/12/05;669;15,669,578,15,10,0,0,8,9,29,30,0,0,4,4,1,1,0.015417639557754822,0.022856377,0.00743873750742691
160.csv;09:17:34.395-2024/12/05;966;11,966,852,11,8,0,0,10,9,29,29,0,0,4,3,1,1,0.015417639557754822,0.022851659,0.007434019427263908
160.csv;09:17:34.433-2024/12/05;970;5,970,759,5,5,0,0,4,6,29,31,0,0,4,4,0,0,0.015417639557754822,0.022850765,0.0074331253575922775
160.csv;08:31:04.119-2024/12/05;466;11,466,527,11,8,0,0,5,7,28,31,0,0,4,4,0,0,0.015417639557754822,0.022849405,0.007431765626633339
158.csv;08:03:26.146-2024/12/06;40;17,40,272,17,10,0,0,5,7,29,31,1,1,4,4,1,1,0.015417639557754822,0.022848537,0.007430897633993797
158.csv;08:10:44.758-2024/12/06;894;0,894,682,0,3,0,0,2,5,28,30,0,0,4,4,1,1,0.015417639557754822,0.022846648,0.007429008911812477
158.csv;08:03:29.926-2024/12/06;418;15,418,440,15,9,0,0,5,7,30,31,0,0,4,4,0,0,0.015417639557754822,0.02283992,0.007422281037533455
160.csv;06:59:22.565-2024/12/05;198;11,198,318,11,8,0,0,9,9,29,31,0,0,4,4,1,1,0.015417639557754822,0.02282243,0.007404790799582176
160.csv;06:58:30.647-2024/12/05;126;12,126,291,12,9,0,0,8,8,28,30,0,0,4,4,1,1,0.015417639557754822,0.022820473,0.007402833159530334
160.csv;07:14:41.323-2024/12/05;938;11,938,730,11,8,0,0,7,8,29,31,0,0,4,4,0,0,0.015417639557754822,0.02281934,0.007401700671279602
160.csv;07:22:55.452-2024/12/05;175;6,175,233,6,6,0,0,3,5,29,26,1,1,3,4,0,0,0.015417639557754822,0.02281678,0.007399139534199409
160.csv;08:23:07.356-2024/12/05;918;1,918,712,1,4,0,0,11,10,28,29,0,0,4,4,1,1,0.015417639557754822,0.022813018,0.007395378853643112
158.csv;08:12:04.403-2024/12/06;666;10,666,599,10,8,0,0,9,8,30,30,0,0,4,4,0,0,0.015417639557754822,0.022809844,0.007392204906308823
124.csv;19:32:21.457-2024/02/13;241;10,241,218,10,12,0,0,12,12,31,32,1,1,2,2,1,1,0.015417639557754822,0.022802738,0.0073850989150645065
160.csv;08:46:10.436-2024/12/05;986;10,986,820,10,8,0,0,6,6,28,31,0,0,4,4,1,1,0.015417639557754822,0.02280214,0.007384501005971603
160.csv;08:14:43.367-2024/12/05;695;5,695,692,5,5,0,0,5,6,29,32,1,1,3,3,0,0,0.015417639557754822,0.02279204,0.007374399881327324
160.csv;08:15:35.168-2024/12/05;755;10,755,644,10,9,0,0,2,5,29,31,0,0,4,3,0,0,0.015417639557754822,0.022792019,0.007374379392230682
121.csv;21:48:46.679-2024/01/04;521;2,521,517,2,4,0,0,13,13,31,29,0,0,3,2,1,1,0.015417639557754822,0.02278763,0.007369991000259094
158.csv;08:19:32.353-2024/12/06;405;15,405,379,15,11,0,0,11,10,28,30,0,0,4,4,0,0,0.015417639557754822,0.02278035,0.00736270992037075
158.csv;08:12:04.480-2024/12/06;674;10,674,619,10,9,0,0,7,7,28,30,0,0,4,4,1,1,0.015417639557754822,0.022774931,0.0073572914856316375
160.csv;08:24:05.553-2024/12/05;594;0,594,579,0,2,0,0,5,7,30,32,0,0,4,4,0,0,0.015417639557754822,0.022766147,0.007348507251107864
160.csv;09:17:37.572-2024/12/05;260;10,260,355,10,8,0,0,2,5,30,31,0,0,4,4,0,0,0.015417639557754822,0.022765214,0.0073475740658881
160.csv;07:53:22.740-2024/12/05;632;10,632,629,10,7,0,0,3,6,28,32,0,0,4,4,0,0,0.015417639557754822,0.022762049,0.007344409431779556
160.csv;07:29:11.848-2024/12/05;951;0,951,836,0,3,0,0,4,7,28,28,0,0,4,4,1,1,0.015417639557754822,0.02276103,0.007343390564882927
160.csv;08:25:58.110-2024/12/05;585;10,585,561,10,9,0,0,14,14,29,32,1,1,3,3,1,1,0.015417639557754822,0.022758584,0.007340944911801987
160.csv;09:34:15.905-2024/12/05;765;15,765,610,15,10,0,0,12,11,30,30,0,0,4,4,1,1,0.015417639557754822,0.022758164,0.0073405239539982604
160.csv;09:17:34.370-2024/12/05;964;5,964,793,5,5,0,0,14,11,29,29,0,0,4,4,1,1,0.015417639557754822,0.022754086,0.007336446623766594
160.csv;07:15:16.950-2024/12/05;405;5,405,474,5,5,0,0,15,12,29,31,0,0,4,4,0,0,0.015417639557754822,0.022753358,0.007335718329513245
160.csv;09:09:57.759-2024/12/05;358;16,358,423,16,9,0,0,1,5,29,33,0,0,4,3,0,0,0.015417639557754822,0.0227493,0.00733165962573307
160.csv;07:22:53.146-2024/12/05;968;15,968,813,15,10,0,0,2,6,30,30,1,1,4,4,0,0,0.015417639557754822,0.022745622,0.007327982764208488
160.csv;06:43:48.735-2024/12/05;1023;10,1023,767,10,7,0,0,10,9,28,30,0,0,4,4,0,0,0.015417639557754822,0.022741472,0.007323832790816002
160.csv;06:43:51.452-2024/12/05;271;5,271,376,5,5,0,0,15,11,28,29,0,0,4,4,1,1,0.015417639557754822,0.022738375,0.007320735211932831
160.csv;06:58:26.348-2024/12/05;720;16,720,761,16,17,0,0,7,9,28,31,1,1,2,2,0,0,0.015417639557754822,0.022734249,0.007316609452927284
160.csv;09:34:10.590-2024/12/05;234;6,234,382,6,6,0,0,3,7,29,31,0,0,4,4,1,1,0.015417639557754822,0.022732954,0.007315314914548569
160.csv;06:58:31.946-2024/12/05;256;15,256,384,15,10,0,0,7,8,28,30,0,0,4,4,0,0,0.015417639557754822,0.022728475,0.007310835252964668
158.csv;08:03:31.176-2024/12/06;544;0,544,535,0,3,0,0,1,5,30,32,0,0,4,4,1,1,0.015417639557754822,0.022726284,0.007308644782269173
101.csv;10:08:28.098-2024/09/06;225;7,225,258,7,6,1,1,14,14,21,28,1,1,2,2,0,0,0.015417639557754822,0.022721864,0.0073042247253300475
160.csv;07:53:23.760-2024/12/05;734;11,734,642,11,8,0,0,0,4,28,30,0,0,4,4,1,1,0.015417639557754822,0.022721358,0.007303718085849457
160.csv;06:51:11.695-2024/12/05;263;11,263,314,11,11,0,0,6,7,28,33,1,1,3,3,1,1,0.015417639557754822,0.022719909,0.007302268947923355
160.csv;08:15:35.318-2024/12/05;770;10,770,708,10,7,0,0,11,10,28,31,0,0,4,4,0,0,0.015417639557754822,0.022713784,0.007296144570672684
160.csv;08:23:07.356-2024/12/05;918;6,918,737,6,6,0,0,3,6,28,30,0,0,4,3,0,0,0.015417639557754822,0.022710795,0.007293155025208168
160.csv;07:44:40.293-2024/12/05;611;15,611,573,15,10,0,0,9,9,29,30,0,0,4,4,1,1,0.015417639557754822,0.02270886,0.007291219736898117
160.csv;06:43:15.570-2024/12/05;779;1,779,716,1,2,0,0,13,12,28,30,1,1,3,4,1,1,0.015417639557754822,0.022707352,0.007289712856972389
160.csv;08:38:38.758-2024/12/05;874;15,874,708,15,9,0,0,12,11,28,30,0,0,4,4,1,1,0.015417639557754822,0.022704735,0.00728709584053772
158.csv;08:03:22.936-2024/12/06;744;1,744,638,1,2,0,0,2,5,28,30,0,0,4,4,1,1,0.015417639557754822,0.022704182,0.007286542634928398
160.csv;07:22:53.481-2024/12/05;1002;5,1002,885,5,4,0,0,10,11,28,30,1,1,3,3,1,1,0.015417639557754822,0.022699956,0.007282316293084793
155.csv;03:42:50.101-2024/10/29;44;7,44,50,7,8,1,1,11,10,11,19,0,0,2,2,0,0,0.015417639557754822,0.022699455,0.00728181524153965
160.csv;07:13:59.178-2024/12/05;819;15,819,747,15,11,0,0,5,7,28,31,0,0,4,4,0,0,0.015417639557754822,0.02269023,0.007272589560115509
158.csv;08:03:23.958-2024/12/06;846;5,846,666,5,5,0,0,0,4,28,30,0,0,4,4,0,0,0.015417639557754822,0.022671409,0.007253769393527679
160.csv;09:25:17.709-2024/12/05;194;5,194,270,5,6,0,0,4,6,30,31,0,0,4,3,1,1,0.015417639557754822,0.022668652,0.0072510126787068176
101.csv;10:03:29.697-2024/09/06;81;5,81,211,5,6,1,0,9,9,31,30,1,1,4,4,0,0,0.015417639557754822,0.022654146,0.007236506398284607
158.csv;08:11:33.881-2024/12/06;686;11,686,597,11,9,0,0,10,10,29,31,0,0,4,3,1,1,0.015417639557754822,0.022653451,0.007235811631643944
160.csv;07:13:59.194-2024/12/05;821;10,821,746,10,7,0,0,2,5,28,30,0,0,4,4,1,1,0.015417639557754822,0.022651954,0.007234314064943962
160.csv;09:01:00.851-2024/12/05;940;1,940,738,1,4,0,0,0,5,29,28,0,0,4,4,0,0,0.015417639557754822,0.02265178,0.0072341408389450836
157.csv;04:22:21.527-2024/10/29;643;8,643,600,8,8,1,1,10,11,20,25,1,1,2,2,0,0,0.015417639557754822,0.022651237,0.007233596946561508
160.csv;09:03:19.163-2024/12/05;435;5,435,470,5,5,0,0,14,11,29,31,0,0,4,4,0,0,0.015417639557754822,0.022643639,0.007225999216997795
136.csv;18:50:45.624-2024/01/16;433;10,433,447,10,8,1,1,14,13,30,32,1,1,3,3,1,1,0.015417639557754822,0.022643337,0.00722569746848362
158.csv;08:11:34.168-2024/12/06;715;0,715,599,0,2,0,0,2,6,28,31,0,0,4,4,1,1,0.015417639557754822,0.022641521,0.0072238813894631194
160.csv;06:51:40.439-2024/12/05;65;17,65,122,17,14,0,0,2,4,30,31,0,0,3,3,1,1,0.015417639557754822,0.02264137,0.007223730515206032
160.csv;09:41:39.487-2024/12/05;68;5,68,308,5,5,0,0,8,8,30,30,0,0,4,4,1,1,0.015417639557754822,0.022635475,0.007217835243308716
160.csv;07:14:41.290-2024/12/05;935;1,935,768,1,4,0,0,14,11,30,30,0,0,4,4,1,1,0.015417639557754822,0.022630686,0.007213046382630043
160.csv;07:36:48.955-2024/12/05;581;15,581,546,15,10,0,0,9,9,28,31,0,0,4,4,0,0,0.015417639557754822,0.022629263,0.0072116233217360305
160.csv;09:25:33.657-2024/12/05;765;0,765,668,0,3,0,0,10,9,30,32,0,0,4,4,0,0,0.015417639557754822,0.022624262,0.007206622119510345
160.csv;09:34:15.950-2024/12/05;770;5,770,672,5,4,0,0,0,4,30,30,0,0,4,4,1,1,0.015417639557754822,0.02261836,0.007200721259677582
160.csv;06:51:43.314-2024/12/05;353;10,353,430,10,8,0,0,5,6,28,31,0,0,4,4,1,1,0.015417639557754822,0.022609508,0.007191868107283287
158.csv;08:18:08.033-2024/12/06;165;15,165,250,15,10,0,0,0,4,29,30,1,1,4,4,0,0,0.015417639557754822,0.022608843,0.0071912031429650115
158.csv;08:19:32.398-2024/12/06;410;0,410,442,0,4,0,0,2,6,28,30,0,0,4,4,1,1,0.015417639557754822,0.022598682,0.007181042413675957
160.csv;08:23:07.127-2024/12/05;895;7,895,712,7,6,0,0,15,12,28,30,0,0,4,4,0,0,0.015417639557754822,0.022592079,0.007174439336621933
136.csv;18:54:39.460-2024/01/16;264;19,264,264,19,16,1,1,0,-1,10,15,1,1,1,2,0,0,0.015417639557754822,0.022590466,0.007172826285922699
136.csv;18:51:22.340-2024/01/16;9;0,9,84,0,-1,1,1,10,9,15,21,1,1,2,2,0,0,0.015417639557754822,0.022585602,0.007167962919438057
160.csv;07:55:09.740-2024/12/05;68;10,68,194,10,9,0,0,0,3,30,32,1,1,3,3,1,1,0.015417639557754822,0.022580244,0.007162604089343719
160.csv;06:42:29.463-2024/12/05;264;5,264,380,5,4,0,0,5,6,29,32,0,0,3,3,0,0,0.015417639557754822,0.02257969,0.007162050883734398
160.csv;07:13:06.486-2024/12/05;670;15,670,606,15,11,0,0,11,10,29,31,0,0,4,4,1,1,0.015417639557754822,0.02257395,0.007156310211384468
160.csv;08:23:07.112-2024/12/05;893;15,893,716,15,10,0,0,11,10,28,29,0,0,4,4,0,0,0.015417639557754822,0.022570333,0.0071526929545046615
158.csv;08:10:48.211-2024/12/06;215;10,215,330,10,7,0,0,4,7,28,28,0,0,4,4,0,0,0.015417639557754822,0.022566993,0.00714935323175209
160.csv;09:40:21.338-2024/12/05;445;0,445,472,0,1,0,0,15,14,29,30,1,1,3,3,1,1,0.015417639557754822,0.02256488,0.0071472409921528625
160.csv;09:41:39.513-2024/12/05;70;10,70,258,10,8,0,0,11,9,29,30,0,0,4,4,0,0,0.015417639557754822,0.022559648,0.007142008821928673
158.csv;08:19:32.311-2024/12/06;401;10,401,465,10,9,0,0,9,8,29,31,0,0,4,4,1,1,0.015417639557754822,0.022555038,0.007137398775184326
155.csv;03:59:37.482-2024/10/29;431;0,431,370,0,-1,0,0,12,13,15,24,1,1,2,2,1,1,0.015417639557754822,0.022541577,0.007123937438690834
108.csv;10:55:23.941-2024/10/21;599;10,599,576,10,8,0,0,13,11,31,31,0,0,4,4,0,0,0.015417639557754822,0.022539767,0.0071221269476057815
157.csv;04:04:22.268-2024/10/29;238;0,238,316,0,3,1,0,8,9,29,29,1,1,4,4,1,1,0.015417639557754822,0.02253428,0.007116639594996147
158.csv;08:03:23.082-2024/12/06;758;10,758,612,10,8,0,0,7,7,28,30,0,0,4,4,0,0,0.015417639557754822,0.022524301,0.007106661404931717
160.csv;09:18:42.026-2024/12/05;561;15,561,577,15,11,0,0,8,8,30,31,0,0,4,4,1,1,0.015417639557754822,0.02251784,0.007100199888909035
160.csv;09:26:13.870-2024/12/05;690;5,690,676,5,5,0,0,12,10,31,32,0,0,4,3,0,0,0.015417639557754822,0.022514593,0.007096953298413925
160.csv;07:30:23.445-2024/12/05;942;10,942,687,10,7,0,0,6,8,28,31,0,0,4,4,0,0,0.015417639557754822,0.022511229,0.007093589361274414
160.csv;06:58:31.950-2024/12/05;257;0,257,358,0,3,0,0,15,12,28,30,0,0,4,3,1,1,0.015417639557754822,0.022509031,0.0070913914399983215
160.csv;06:58:33.039-2024/12/05;366;0,366,412,0,2,0,0,14,11,28,28,0,0,4,4,1,1,0.015417639557754822,0.022501748,0.007084108497464828
136.csv;18:50:47.516-2024/01/16;622;10,622,549,10,8,0,0,14,11,30,31,0,0,4,4,0,0,0.015417639557754822,0.022498587,0.0070809475886465835
160.csv;09:10:03.975-2024/12/05;980;12,980,805,12,9,0,0,7,8,30,29,0,0,4,4,1,1,0.015417639557754822,0.022494502,0.00707686280783432
101.csv;09:54:26.826-2024/09/06;66;2,66,-10,2,3,0,0,11,11,18,22,1,1,2,3,1,1,0.015417639557754822,0.022485536,0.007067896034085922
157.csv;04:04:21.189-2024/10/29;129;9,129,256,9,6,1,1,15,12,31,31,1,1,4,4,1,1,0.015417639557754822,0.022484876,0.007067236657703094
160.csv;08:31:04.151-2024/12/05;469;15,469,526,15,11,0,0,2,5,28,30,0,0,4,3,0,0,0.015417639557754822,0.022483418,0.007065778206551247
160.csv;07:53:23.808-2024/12/05;739;7,739,675,7,6,0,0,6,7,28,31,0,0,4,3,1,1,0.015417639557754822,0.022479499,0.007061859201157265
160.csv;06:58:33.162-2024/12/05;378;6,378,454,6,5,0,0,1,5,29,30,0,0,4,4,1,1,0.015417639557754822,0.02247946,0.007061820085609131
160.csv;06:58:26.332-2024/12/05;719;5,719,640,5,5,0,0,15,12,29,29,0,0,4,4,0,0,0.015417639557754822,0.022479413,0.0070617735194804
160.csv;09:10:23.116-2024/12/05;846;11,846,738,11,7,0,0,5,7,30,31,0,0,4,4,1,1,0.015417639557754822,0.022478674,0.007061034049356155
160.csv;06:51:43.336-2024/12/05;355;11,355,386,11,8,0,0,2,5,28,30,0,0,4,4,0,0,0.015417639557754822,0.022477448,0.007059808428847961
158.csv;08:19:32.188-2024/12/06;389;0,389,430,0,3,0,0,12,10,30,31,0,0,4,4,1,1,0.015417639557754822,0.022477295,0.007059655691945724
157.csv;04:04:22.000-2024/10/29;211;0,211,346,0,4,1,0,12,10,28,28,1,1,4,4,0,0,0.015417639557754822,0.022468323,0.007050683330261879
158.csv;08:11:34.136-2024/12/06;712;1,712,619,1,4,0,0,14,11,28,31,0,0,4,4,1,1,0.015417639557754822,0.022454407,0.007036767508351974
158.csv;08:17:45.712-2024/12/06;1005;10,1005,769,10,8,0,0,5,7,28,29,0,0,4,4,1,1,0.015417639557754822,0.022453347,0.007035707663262062
160.csv;06:58:31.942-2024/12/05;256;1,256,353,1,3,0,0,9,9,28,30,0,0,4,4,1,1,0.015417639557754822,0.022450732,0.007033092509472542
105.csv;11:30:02.961-2024/11/20;642;0,642,645,0,-1,0,0,9,10,16,23,1,1,2,2,0,0,0.015417639557754822,0.022450635,0.007032995651924782
158.csv;08:12:04.426-2024/12/06;669;0,669,547,0,4,0,0,14,11,29,29,0,0,4,4,0,0,0.015417639557754822,0.022450125,0.0070324852871538925
160.csv;06:43:31.797-2024/12/05;353;15,353,343,15,15,0,0,8,9,30,31,1,1,2,2,0,0,0.015417639557754822,0.022444127,0.007026487569773369
160.csv;09:28:22.597-2024/12/05;251;0,251,401,0,3,0,0,7,8,30,31,0,0,4,4,0,0,0.015417639557754822,0.022444025,0.007026385124290161
160.csv;07:54:12.256-2024/12/05;464;0,464,477,0,3,0,0,11,10,30,31,0,0,4,4,0,0,0.015417639557754822,0.022443851,0.007026211898291283
160.csv;08:07:58.723-2024/12/05;167;0,167,261,0,4,0,0,7,8,28,29,0,0,4,3,1,1,0.015417639557754822,0.022442661,0.007025021668040924
157.csv;04:18:10.388-2024/10/29;106;2,106,64,2,2,1,1,14,13,26,28,1,1,2,2,1,1,0.015417639557754822,0.022440886,0.007023246567213707
160.csv;09:26:42.562-2024/12/05;487;10,487,545,10,7,0,0,2,5,29,30,0,0,4,4,1,1,0.015417639557754822,0.022439925,0.007022285442316704
158.csv;08:10:49.833-2024/12/06;377;10,377,448,10,8,0,0,1,4,28,29,0,0,4,4,1,1,0.015417639557754822,0.022437872,0.007020232807362251
160.csv;06:51:35.219-2024/12/05;568;0,568,566,0,0,0,0,8,9,30,32,1,1,3,3,1,1,0.015417639557754822,0.022436136,0.007018496822083168
160.csv;07:53:23.688-2024/12/05;727;1,727,592,1,4,0,0,10,10,29,31,0,0,4,3,0,0,0.015417639557754822,0.022415185,0.006997545789444618
160.csv;09:18:42.063-2024/12/05;565;6,565,543,6,5,0,0,4,6,29,31,0,0,4,4,1,1,0.015417639557754822,0.02241348,0.006995839606487923
160.csv;08:38:46.466-2024/12/05;621;11,621,601,11,9,0,0,2,5,28,31,0,0,4,4,1,1,0.015417639557754822,0.022413395,0.006995755787456207
158.csv;08:03:23.870-2024/12/06;837;5,837,696,5,5,0,0,14,11,28,29,0,0,4,3,0,0,0.015417639557754822,0.02241148,0.006993840988242798
160.csv;07:14:05.436-2024/12/05;421;15,421,438,15,11,0,0,13,11,29,30,1,1,3,4,0,0,0.015417639557754822,0.022411464,0.006993824224436455
155.csv;03:50:37.599-2024/10/29;714;16,714,626,16,13,0,0,15,14,0,9,0,0,3,2,0,0,0.015417639557754822,0.022410024,0.006992384399736099
160.csv;09:40:18.226-2024/12/05;133;17,133,245,17,11,0,0,15,12,29,30,1,1,4,4,1,1,0.015417639557754822,0.022409074,0.006991434450709991
160.csv;06:43:16.720-2024/12/05;894;0,894,752,0,4,0,0,7,8,28,32,0,0,4,4,0,0,0.015417639557754822,0.022407472,0.006989832575881653
160.csv;09:03:55.904-2024/12/05;13;10,13,44,10,10,0,0,4,3,30,30,1,1,2,2,0,0,0.015417639557754822,0.022403272,0.006985632311070137
160.csv;09:41:10.861-2024/12/05;277;10,277,389,10,8,0,0,15,12,29,31,0,0,4,4,0,0,0.015417639557754822,0.022399573,0.006981933097803764
160.csv;07:16:33.107-2024/12/05;853;0,853,731,0,1,0,0,6,7,29,31,0,0,4,4,1,1,0.015417639557754822,0.022391241,0.006973601486051254
160.csv;08:47:43.423-2024/12/05;45;5,45,-8,5,4,0,0,7,8,30,30,1,1,2,2,1,1,0.015417639557754822,0.022381455,0.006963815148437195
160.csv;06:51:45.072-2024/12/05;529;0,529,528,0,4,0,0,13,10,28,31,0,0,4,4,0,0,0.015417639557754822,0.022380805,0.006963165085280113
158.csv;08:03:22.853-2024/12/06;735;10,735,620,10,8,0,0,14,11,28,30,0,0,4,4,0,0,0.015417639557754822,0.022366922,0.006949282790982895
160.csv;09:34:10.701-2024/12/05;245;8,245,346,8,7,0,0,4,7,28,29,0,0,4,4,1,1,0.015417639557754822,0.022361714,0.006944074835145645
160.csv;06:43:42.910-2024/12/05;441;0,441,461,0,0,0,0,6,7,29,32,1,1,3,3,1,1,0.015417639557754822,0.02235987,0.006942230816447906
160.csv;09:39:49.031-2024/12/05;286;10,286,258,10,10,0,0,4,4,29,31,1,1,2,2,0,0,0.015417639557754822,0.022353387,0.0069357469486834335
160.csv;06:43:00.270-2024/12/05;272;16,272,383,16,11,0,0,0,4,28,29,1,1,4,4,1,1,0.015417639557754822,0.022345101,0.006927461903059654
160.csv;09:11:23.058-2024/12/05;697;0,697,712,0,2,0,0,7,8,29,31,1,1,3,4,1,1,0.015417639557754822,0.022337316,0.006919676046335869
160.csv;08:59:24.872-2024/12/05;558;0,558,572,0,1,0,0,4,5,28,30,1,1,3,3,1,1,0.015417639557754822,0.02233578,0.0069181412267329025
160.csv;08:23:07.348-2024/12/05;917;6,917,742,6,6,0,0,2,5,28,28,0,0,4,4,0,0,0.015417639557754822,0.02232862,0.006910981218779259
157.csv;04:04:21.984-2024/10/29;209;4,209,212,4,5,1,1,14,13,28,30,1,1,3,3,0,0,0.015417639557754822,0.022325447,0.006907807271444969
160.csv;06:58:30.819-2024/12/05;143;16,143,135,16,12,0,0,14,13,28,31,0,0,3,3,1,1,0.015417639557754822,0.022323426,0.0069057863014580535
160.csv;06:43:48.735-2024/12/05;1023;7,1023,822,7,5,0,0,9,8,28,30,0,0,4,4,1,1,0.015417639557754822,0.022323173,0.006905532981717758
160.csv;09:10:10.428-2024/12/05;601;18,601,629,18,16,0,0,11,9,29,32,0,0,3,3,1,1,0.015417639557754822,0.02232182,0.0069041807013394164
160.csv;07:30:21.893-2024/12/05;787;10,787,663,10,7,0,0,2,6,28,30,0,0,4,4,0,0,0.015417639557754822,0.022321308,0.006903668473923378
158.csv;08:10:49.128-2024/12/06;307;0,307,343,0,3,0,0,10,9,28,30,0,0,4,4,0,0,0.015417639557754822,0.022320323,0.006902683134639435
160.csv;09:09:33.163-2024/12/05;971;6,971,996,6,6,0,0,5,5,30,32,1,1,2,3,0,0,0.015417639557754822,0.022319222,0.006901582311356239
160.csv;09:10:56.461-2024/12/05;85;6,85,295,6,6,0,0,13,11,30,31,0,0,4,4,0,0,0.015417639557754822,0.02231889,0.006901250760519676
160.csv;08:23:09.011-2024/12/05;59;10,59,286,10,7,0,0,12,10,28,30,0,0,4,4,1,1,0.015417639557754822,0.022312611,0.006894971783721619
160.csv;09:34:10.634-2024/12/05;238;15,238,328,15,9,0,0,12,10,29,30,0,0,4,4,0,0,0.015417639557754822,0.02231216,0.006894521023595505
160.csv;08:23:07.408-2024/12/05;923;6,923,727,6,6,0,0,12,10,28,31,0,0,4,4,1,1,0.015417639557754822,0.022310274,0.006892634164059334
157.csv;04:04:21.987-2024/10/29;209;9,209,297,9,6,1,0,15,12,28,29,1,1,4,4,1,1,0.015417639557754822,0.02230477,0.006887130047643356
160.csv;07:13:59.694-2024/12/05;871;10,871,767,10,8,0,0,13,11,30,28,0,0,4,4,1,1,0.015417639557754822,0.02229941,0.006881771217549019
160.csv;09:17:31.253-2024/12/05;652;10,652,651,10,8,0,0,2,5,29,31,0,0,4,4,1,1,0.015417639557754822,0.022297263,0.0068796235876919555
157.csv;04:04:21.462-2024/10/29;157;1,157,250,1,4,1,1,15,11,28,28,1,1,4,4,0,0,0.015417639557754822,0.022283392,0.006865752469265633
160.csv;07:38:34.727-2024/12/05;919;5,919,769,5,5,0,0,12,10,28,28,0,0,4,4,1,1,0.015417639557754822,0.02227835,0.006860710288846664
160.csv;06:51:40.610-2024/12/05;83;0,83,194,0,1,0,0,9,9,29,31,1,1,3,3,0,0,0.015417639557754822,0.022275997,0.006858357768023186
160.csv;08:32:43.041-2024/12/05;118;15,118,39,15,14,0,0,7,7,29,31,1,1,2,2,1,1,0.015417639557754822,0.022275379,0.006857739369833641
160.csv;07:36:52.480-2024/12/05;934;5,934,785,5,6,0,0,5,6,29,30,0,0,4,4,0,0,0.015417639557754822,0.022270037,0.006852397303545647
160.csv;09:26:42.546-2024/12/05;486;1,486,509,1,3,0,0,12,11,29,31,0,0,4,4,1,1,0.015417639557754822,0.022267234,0.006849594022596054
160.csv;09:32:57.066-2024/12/05;49;16,49,131,16,10,0,0,9,10,30,31,1,1,4,4,0,0,0.015417639557754822,0.022265352,0.006847712750995331
158.csv;08:11:34.123-2024/12/06;710;10,710,688,10,7,0,0,2,5,28,31,0,0,4,4,0,0,0.015417639557754822,0.022259362,0.006841722484195404
158.csv;08:03:29.976-2024/12/06;424;0,424,474,0,4,0,0,11,10,30,32,0,0,4,4,0,0,0.015417639557754822,0.022253633,0.00683599298771637
160.csv;08:15:35.193-2024/12/05;758;1,758,610,1,3,0,0,12,10,29,29,0,0,4,4,0,0,0.015417639557754822,0.022247775,0.006830134968722038
158.csv;08:19:32.347-2024/12/06;405;0,405,450,0,3,0,0,3,6,28,31,0,0,4,4,1,1,0.015417639557754822,0.022247747,0.0068301070290448
160.csv;06:58:33.022-2024/12/05;364;6,364,438,6,5,0,0,9,9,28,32,0,0,4,4,1,1,0.015417639557754822,0.022242151,0.00682451164301651
101.csv;10:03:29.760-2024/09/06;87;7,87,40,7,6,1,1,10,10,21,26,1,1,2,2,1,1,0.015417639557754822,0.022240492,0.006822852026188545
160.csv;07:22:07.275-2024/12/05;477;10,477,525,10,7,0,0,6,6,30,32,0,0,3,3,1,1,0.015417639557754822,0.022239156,0.006821516509616547
160.csv;06:58:41.105-2024/12/05;148;10,148,335,10,8,0,0,7,8,28,31,0,0,4,4,0,0,0.015417639557754822,0.02223672,0.0068190801697613525
160.csv;06:49:34.805-2024/12/05;814;6,814,760,6,5,0,0,9,10,30,30,1,1,3,3,0,0,0.015417639557754822,0.022232335,0.006814695503080063
160.csv;08:37:32.324-2024/12/05;375;5,375,457,5,5,0,0,8,8,28,30,0,0,4,4,0,0,0.015417639557754822,0.022225937,0.0068082973169924545
158.csv;08:10:50.112-2024/12/06;405;10,405,486,10,8,0,0,3,5,28,29,0,0,4,4,0,0,0.015417639557754822,0.022223538,0.006805898230040245
160.csv;07:45:16.191-2024/12/05;105;10,105,269,10,7,0,0,10,10,28,29,0,0,4,4,0,0,0.015417639557754822,0.022220518,0.006802878882253342
160.csv;09:25:17.773-2024/12/05;200;10,200,320,10,8,0,0,3,6,29,30,0,0,4,4,1,1,0.015417639557754822,0.022216719,0.0067990790861489105
160.csv;06:51:25.110-2024/12/05;581;0,581,529,0,3,0,0,5,7,30,31,0,0,4,4,0,0,0.015417639557754822,0.02221206,0.006794420610630684
101.csv;10:05:22.953-2024/09/06;143;3,143,139,3,3,1,1,10,10,24,30,1,1,2,2,0,0,0.015417639557754822,0.022211578,0.006793938185537033
155.csv;03:42:52.635-2024/10/29;298;3,298,359,3,5,1,0,14,12,30,30,1,1,4,4,0,0,0.015417639557754822,0.022209015,0.006791375185811691
160.csv;07:14:07.303-2024/12/05;608;7,608,604,7,6,0,0,0,4,28,32,0,0,4,4,1,1,0.015417639557754822,0.022199549,0.0067819092231632995
160.csv;09:10:54.301-2024/12/05;893;0,893,764,0,3,0,0,10,9,29,30,0,0,4,4,0,0,0.015417639557754822,0.022199363,0.006781722958648376
157.csv;04:04:21.508-2024/10/29;161;9,161,211,9,7,1,1,9,10,28,32,1,1,3,3,1,1,0.015417639557754822,0.022191834,0.006774194146955185
160.csv;07:52:54.750-2024/12/05;905;5,905,737,5,5,0,0,5,7,28,29,0,0,4,4,1,1,0.015417639557754822,0.022180716,0.006763076018059425
160.csv;07:05:25.186-2024/12/05;620;11,620,574,11,8,0,0,13,11,30,31,0,0,4,4,0,0,0.015417639557754822,0.022179184,0.0067615449237467574
157.csv;04:18:10.366-2024/10/29;103;7,103,38,7,8,1,1,11,11,20,25,1,1,2,3,1,1,0.015417639557754822,0.022171825,0.006754185612762146
160.csv;07:53:23.684-2024/12/05;726;18,726,607,18,11,0,0,7,8,29,32,0,0,4,3,0,0,0.015417639557754822,0.02216797,0.006750329937303238
160.csv;08:23:07.120-2024/12/05;894;10,894,725,10,9,0,0,12,10,28,28,0,0,4,4,1,1,0.015417639557754822,0.022166502,0.006748862172925644
160.csv;09:17:37.583-2024/12/05;261;6,261,309,6,5,0,0,11,10,30,31,0,0,4,4,0,0,0.015417639557754822,0.022162933,0.006745293344819717
160.csv;09:34:15.896-2024/12/05;765;0,765,672,0,3,0,0,8,9,30,30,0,0,4,4,1,1,0.015417639557754822,0.02216215,0.00674451103385704
158.csv;08:03:23.851-2024/12/06;835;10,835,683,10,8,0,0,2,6,28,30,0,0,4,4,0,0,0.015417639557754822,0.022161039,0.0067433990347029495
160.csv;07:22:55.382-2024/12/05;168;5,168,226,5,5,0,0,9,9,30,29,0,0,4,4,1,1,0.015417639557754822,0.022155216,0.0067375764059664535
158.csv;08:10:48.680-2024/12/06;262;10,262,389,10,8,0,0,3,6,28,30,0,0,4,4,1,1,0.015417639557754822,0.022154337,0.0067366972374560165
155.csv;03:50:42.007-2024/10/29;131;15,131,320,15,9,0,0,15,12,29,29,0,0,4,4,0,0,0.015417639557754822,0.022153936,0.006736296768748932
158.csv;08:03:31.172-2024/12/06;543;10,543,495,10,8,0,0,13,11,30,30,0,0,4,4,1,1,0.015417639557754822,0.02215279,0.006735151241982155
160.csv;07:22:22.782-2024/12/05;1004;10,1004,734,10,8,0,0,7,8,28,30,0,0,4,4,1,1,0.015417639557754822,0.022149025,0.00673138497349041
160.csv;09:41:10.707-2024/12/05;262;5,262,409,5,5,0,0,1,5,29,31,0,0,4,4,0,0,0.015417639557754822,0.022146523,0.006728883441054993
160.csv;08:30:42.961-2024/12/05;398;15,398,336,15,16,0,0,8,9,30,33,1,1,2,2,1,1,0.015417639557754822,0.022143308,0.00672566851552742
160.csv;09:34:10.688-2024/12/05;244;5,244,357,5,5,0,0,13,11,28,30,0,0,4,4,1,1,0.015417639557754822,0.022138944,0.006721304337942772
160.csv;09:26:11.730-2024/12/05;476;5,476,511,5,5,0,0,6,8,30,31,0,0,4,3,0,0,0.015417639557754822,0.022137353,0.006719713638985329
157.csv;04:04:21.588-2024/10/29;170;0,170,295,0,4,1,0,10,9,28,30,1,1,4,4,0,0,0.015417639557754822,0.022132091,0.006714451666438751
160.csv;09:25:30.465-2024/12/05;445;16,445,526,16,10,0,0,8,8,30,32,0,0,4,4,1,1,0.015417639557754822,0.022131724,0.006714084725344353
160.csv;06:43:48.797-2024/12/05;5;10,5,201,10,8,0,0,1,4,28,29,1,1,4,4,1,1,0.015417639557754822,0.022128368,0.0067107282387854385
160.csv;09:41:37.301-2024/12/05;873;10,873,738,10,8,0,0,2,6,30,29,0,0,4,4,0,0,0.015417639557754822,0.022123827,0.006706187109911613
160.csv;09:32:51.738-2024/12/05;541;5,541,546,5,4,0,0,0,4,30,30,0,0,4,4,0,0,0.015417639557754822,0.022122916,0.0067052762764336395
160.csv;07:14:05.410-2024/12/05;419;5,419,405,5,5,0,0,0,4,29,30,0,0,4,4,1,1,0.015417639557754822,0.022121895,0.006704255546891861
158.csv;08:11:33.849-2024/12/06;683;5,683,634,5,5,0,0,5,6,30,31,0,0,4,4,1,1,0.015417639557754822,0.02211925,0.006701610590779953
160.csv;08:31:04.075-2024/12/05;462;5,462,550,5,5,0,0,5,6,30,32,0,0,4,4,1,1,0.015417639557754822,0.022119002,0.006701362858975105
132.csv;22:03:45.913-2024/01/13;828;10,828,880,10,10,0,0,4,5,31,32,1,1,2,2,1,1,0.015417639557754822,0.022114994,0.00669735444661396
160.csv;07:44:39.091-2024/12/05;491;10,491,505,10,7,0,0,3,6,28,31,0,0,4,4,1,1,0.015417639557754822,0.022112712,0.006695072706306152
160.csv;09:26:16.154-2024/12/05;918;15,918,866,15,13,0,0,5,6,29,30,1,1,3,3,1,1,0.015417639557754822,0.022110863,0.006693223099672966
160.csv;09:10:13.565-2024/12/05;915;10,915,806,10,7,0,0,6,7,30,30,0,0,4,4,1,1,0.015417639557754822,0.02210211,0.00668447053011673
160.csv;08:07:58.747-2024/12/05;169;6,169,364,6,5,0,0,13,11,28,31,0,0,4,4,0,0,0.015417639557754822,0.022094902,0.006677262093389206
158.csv;08:03:22.948-2024/12/06;745;1,745,681,1,3,0,0,5,6,28,32,0,0,4,4,0,0,0.015417639557754822,0.022088705,0.0066710650729777145
160.csv;08:38:41.526-2024/12/05;127;10,127,381,10,7,0,0,9,9,28,30,0,0,4,4,1,1,0.015417639557754822,0.022079695,0.006662055458390884
160.csv;07:52:07.338-2024/12/05;260;5,260,402,5,5,0,0,14,11,29,30,0,0,4,4,0,0,0.015417639557754822,0.022078484,0.006660844739043884
160.csv;07:29:07.222-2024/12/05;488;10,488,484,10,8,0,0,12,10,28,31,0,0,4,4,0,0,0.015417639557754822,0.022073105,0.006655465419852905
160.csv;09:03:27.772-2024/12/05;272;5,272,353,5,5,0,0,14,11,29,29,0,0,4,4,1,1,0.015417639557754822,0.022069734,0.006652094032132797
160.csv;08:23:07.384-2024/12/05;921;0,921,713,0,3,0,0,11,10,28,28,0,0,4,4,0,0,0.015417639557754822,0.02206957,0.006651930119359665
158.csv;08:17:47.949-2024/12/06;205;5,205,381,5,5,0,0,9,9,28,31,0,0,4,4,1,1,0.015417639557754822,0.02206939,0.006651751305425339
160.csv;08:56:26.656-2024/12/05;144;10,144,198,10,10,0,0,0,3,30,33,1,1,3,3,0,0,0.015417639557754822,0.022063142,0.006645502130949669
158.csv;08:12:04.426-2024/12/06;669;1,669,545,1,4,0,0,15,11,29,29,0,0,4,4,0,0,0.015417639557754822,0.022061845,0.006644205729925804
160.csv;07:22:09.062-2024/12/05;656;10,656,607,10,8,0,0,3,6,28,28,0,0,4,4,0,0,0.015417639557754822,0.022059236,0.0066415961640717315
158.csv;08:11:34.188-2024/12/06;717;1,717,638,1,3,0,0,4,6,28,31,0,0,4,4,0,0,0.015417639557754822,0.022054115,0.006636475752556496
160.csv;06:43:16.628-2024/12/05;884;12,884,715,12,10,0,0,6,8,28,30,0,0,4,4,0,0,0.015417639557754822,0.022054113,0.006636473889911346
160.csv;07:53:23.812-2024/12/05;739;15,739,652,15,11,0,0,9,9,28,30,0,0,4,4,0,0,0.015417639557754822,0.02205223,0.006634590755665474
160.csv;08:07:58.567-2024/12/05;151;0,151,313,0,3,0,0,10,10,29,30,0,0,4,4,0,0,0.015417639557754822,0.022050383,0.006632743011677437
158.csv;08:11:33.974-2024/12/06;695;15,695,625,15,9,0,0,7,8,29,31,0,0,4,4,1,1,0.015417639557754822,0.02204551,0.006627870331967049
158.csv;08:03:23.910-2024/12/06;841;6,841,736,6,5,0,0,2,5,28,29,0,0,4,4,1,1,0.015417639557754822,0.02204452,0.006626881267392807
160.csv;06:58:30.535-2024/12/05;115;10,115,300,10,7,0,0,6,7,28,29,0,0,4,4,0,0,0.015417639557754822,0.02204295,0.006625311057532005
160.csv;09:34:10.590-2024/12/05;234;5,234,429,5,5,0,0,2,5,29,30,0,0,4,4,1,1,0.015417639557754822,0.02204262,0.006624981369340591
160.csv;08:23:07.404-2024/12/05;922;17,922,698,17,11,0,0,3,6,28,31,0,0,4,3,1,1,0.015417639557754822,0.022037797,0.006620157118404083
160.csv;09:34:13.751-2024/12/05;550;11,550,509,11,8,0,0,6,7,29,32,0,0,4,4,0,0,0.015417639557754822,0.02203734,0.006619700770342522
160.csv;09:10:00.848-2024/12/05;667;15,667,660,15,13,0,0,8,9,30,32,1,1,3,3,0,0,0.015417639557754822,0.022029065,0.0066114250379444885
158.csv;08:11:34.178-2024/12/06;716;0,716,595,0,4,0,0,14,12,28,30,0,0,4,4,0,0,0.015417639557754822,0.022028783,0.006611143778526955
160.csv;06:49:35.037-2024/12/05;837;15,837,752,15,9,0,0,0,4,29,30,1,1,4,4,1,1,0.015417639557754822,0.022023603,0.006605963762366943
160.csv;06:43:51.482-2024/12/05;274;1,274,440,1,3,0,0,8,8,28,32,0,0,4,4,1,1,0.015417639557754822,0.02202154,0.006603899951541595
136.csv;18:53:42.524-2024/01/16;715;10,715,757,10,10,1,1,0,2,19,26,1,1,2,2,0,0,0.015417639557754822,0.022021512,0.006603872011864357
158.csv;08:19:32.285-2024/12/06;398;15,398,459,15,10,0,0,10,10,29,30,0,0,4,4,1,1,0.015417639557754822,0.022017417,0.006599777917826347
160.csv;09:40:26.563-2024/12/05;967;16,967,928,16,12,0,0,14,13,31,31,0,0,3,2,0,0,0.015417639557754822,0.022015007,0.006597367655003242
160.csv;07:29:08.674-2024/12/05;633;11,633,677,11,9,0,0,3,3,28,30,1,1,3,3,1,1,0.015417639557754822,0.022011722,0.006594081948959999
136.csv;18:50:45.024-2024/01/16;373;10,373,410,10,8,0,0,4,6,30,33,0,0,4,4,1,1,0.015417639557754822,0.022011314,0.0065936740296723174
158.csv;08:10:44.499-2024/12/06;868;5,868,782,5,5,0,0,2,4,28,31,0,0,4,4,0,0,0.015417639557754822,0.022009421,0.006591781582200699
160.csv;06:52:18.910-2024/12/05;841;0,841,703,0,3,0,0,11,10,28,31,0,0,4,4,1,1,0.015417639557754822,0.021991095,0.006573455016577415
160.csv;09:25:20.929-2024/12/05;516;1,516,471,1,0,0,0,6,8,30,33,1,1,3,4,0,0,0.015417639557754822,0.02198747,0.006569830309117012
160.csv;06:50:32.167-2024/12/05;406;10,406,435,10,7,0,0,10,10,30,31,0,0,4,4,1,1,0.015417639557754822,0.021956073,0.006538433562481575
157.csv;04:04:22.173-2024/10/29;228;3,228,249,3,4,1,0,15,12,29,30,1,1,4,4,1,1,0.015417639557754822,0.021949098,0.006531457956397705
160.csv;08:00:53.835-2024/12/05;686;0,686,669,0,2,0,0,12,11,28,31,0,0,4,3,0,0,0.015417639557754822,0.021947632,0.00652999205466526
160.csv;06:58:32.539-2024/12/05;316;1,316,423,1,2,0,0,9,10,30,33,0,0,4,4,0,0,0.015417639557754822,0.021944419,0.006526778991782837
160.csv;07:23:05.851-2024/12/05;191;5,191,193,5,5,0,0,6,7,30,34,1,1,3,3,0,0,0.015417639557754822,0.021934655,0.006517015005910568
160.csv;08:09:21.837-2024/12/05;286;5,286,404,5,5,0,0,3,5,29,29,0,0,4,4,0,0,0.015417639557754822,0.021917831,0.006500191594922714
160.csv;06:51:43.343-2024/12/05;356;6,356,395,6,5,0,0,3,6,28,30,0,0,4,4,1,1,0.015417639557754822,0.021910185,0.006492545436585121
158.csv;08:11:33.872-2024/12/06;685;10,685,596,10,7,0,0,1,4,29,31,0,0,4,4,1,1,0.015417639557754822,0.021909293,0.0064916532295586395
160.csv;09:41:39.432-2024/12/05;62;13,62,103,13,12,0,0,3,5,30,32,0,0,3,2,1,1,0.015417639557754822,0.021906592,0.006488952394092255
158.csv;08:03:22.946-2024/12/06;745;0,745,663,0,3,0,0,4,7,28,31,0,0,4,4,1,1,0.015417639557754822,0.021903133,0.006485493462050133
160.csv;06:52:18.925-2024/12/05;842;6,842,734,6,6,0,0,7,7,28,31,0,0,4,3,1,1,0.015417639557754822,0.021901919,0.006484279017412834
157.csv;04:22:14.702-2024/10/29;985;5,985,1030,5,5,1,1,9,9,25,30,1,1,2,2,0,0,0.015417639557754822,0.021900542,0.006482902522647552
160.csv;09:32:53.893-2024/12/05;756;10,756,688,10,8,0,0,13,11,30,30,0,0,4,4,1,1,0.015417639557754822,0.02189648,0.00647884009357708
157.csv;04:04:21.400-2024/10/29;151;0,151,267,0,4,1,0,8,9,28,29,1,1,4,4,0,0,0.015417639557754822,0.021896122,0.006478482465708427
160.csv;07:14:00.310-2024/12/05;933;0,933,709,0,4,0,0,11,10,28,30,0,0,4,4,0,0,0.015417639557754822,0.02188855,0.0064709108131768035
160.csv;06:58:33.134-2024/12/05;375;5,375,403,5,5,0,0,3,6,29,31,0,0,4,4,0,0,0.015417639557754822,0.021880537,0.006462897713744812
160.csv;08:24:06.686-2024/12/05;707;5,707,750,5,4,0,0,4,4,29,31,1,1,2,2,1,1,0.015417639557754822,0.021879142,0.006461502592528038
160.csv;09:33:06.640-2024/12/05;1007;5,1007,784,5,5,0,0,13,11,29,29,0,0,4,4,0,0,0.015417639557754822,0.021871924,0.006454284842574768
160.csv;09:41:12.946-2024/12/05;485;16,485,493,16,11,0,0,3,5,29,31,1,1,4,4,0,0,0.015417639557754822,0.021865511,0.006447871755325966
101.csv;09:56:03.834-2024/09/06;551;0,551,593,0,1,1,1,13,11,31,32,1,1,3,3,1,1,0.015417639557754822,0.02186536,0.006447720881068878
160.csv;09:18:41.994-2024/12/05;558;10,558,536,10,7,0,0,15,12,30,30,0,0,4,4,0,0,0.015417639557754822,0.021864058,0.006446418892109566
160.csv;07:32:06.114-2024/12/05;969;15,969,723,15,10,0,0,2,6,30,30,1,1,4,4,0,0,0.015417639557754822,0.021863222,0.006445582564437561
160.csv;07:45:17.398-2024/12/05;226;5,226,353,5,5,0,0,12,11,28,29,0,0,4,4,0,0,0.015417639557754822,0.02186287,0.006445230524504356
160.csv;06:51:45.855-2024/12/05;607;7,607,532,7,6,0,0,1,4,28,29,0,0,4,4,1,1,0.015417639557754822,0.021859359,0.006441719438398056
158.csv;08:03:27.283-2024/12/06;154;16,154,228,16,12,0,0,1,5,29,30,1,1,4,4,0,0,0.015417639557754822,0.021854414,0.006436774115526848
160.csv;06:59:22.534-2024/12/05;195;10,195,375,10,8,0,0,6,6,29,30,0,0,4,4,1,1,0.015417639557754822,0.021850819,0.006433179210388832
160.csv;08:23:07.539-2024/12/05;936;10,936,787,10,8,0,0,12,10,28,30,0,0,4,4,0,0,0.015417639557754822,0.021847501,0.006429861839378052
158.csv;08:03:31.192-2024/12/06;545;15,545,571,15,11,0,0,11,10,30,31,0,0,4,3,0,0,0.015417639557754822,0.021845493,0.006427853907907181
160.csv;08:31:04.083-2024/12/05;463;0,463,521,0,3,0,0,10,9,29,31,0,0,4,4,1,1,0.015417639557754822,0.02184343,0.006425790097081833
160.csv;08:07:58.801-2024/12/05;174;15,174,310,15,9,0,0,3,6,28,29,0,0,4,4,0,0,0.015417639557754822,0.021838471,0.00642083173569458
158.csv;08:03:43.550-2024/12/06;757;5,757,870,5,4,0,0,3,3,31,31,1,1,2,2,0,0,0.015417639557754822,0.02183686,0.006419220547640495
157.csv;04:04:22.132-2024/10/29;224;1,224,245,1,3,1,1,13,12,29,30,1,1,3,3,1,1,0.015417639557754822,0.02183305,0.006415409575665169
160.csv;08:31:01.498-2024/12/05;204;10,204,313,10,7,0,0,6,8,30,31,0,0,4,4,0,0,0.015417639557754822,0.021829879,0.006412239353621178
160.csv;09:32:53.915-2024/12/05;758;15,758,675,15,11,0,0,12,10,30,30,0,0,4,4,1,1,0.015417639557754822,0.021826694,0.006409054230415993
160.csv;08:10:21.641-2024/12/05;122;15,122,13,15,14,0,0,7,8,30,31,1,1,2,2,0,0,0.015417639557754822,0.02181909,0.006401450912916832
160.csv;09:10:23.075-2024/12/05;842;15,842,737,15,10,0,0,7,8,30,30,0,0,4,4,1,1,0.015417639557754822,0.021791069,0.006373429279291801
160.csv;09:25:18.793-2024/12/05;302;15,302,393,15,11,0,0,0,4,30,32,1,1,4,4,0,0,0.015417639557754822,0.021786615,0.00636897569473999
160.csv;06:58:26.642-2024/12/05;750;5,750,653,5,6,0,0,13,10,28,32,0,0,4,4,0,0,0.015417639557754822,0.021786517,0.006368876974547081
160.csv;06:43:43.155-2024/12/05;465;10,465,481,10,9,0,0,11,11,28,32,1,1,3,3,0,0,0.015417639557754822,0.02178443,0.006366790811979942
160.csv;06:51:25.097-2024/12/05;579;10,579,521,10,8,0,0,15,12,30,30,0,0,4,4,1,1,0.015417639557754822,0.021783385,0.006365745868051224
160.csv;07:22:12.621-2024/12/05;1012;5,1012,924,5,4,0,0,13,12,30,31,1,1,3,3,1,1,0.015417639557754822,0.02177828,0.006360640357697182
160.csv;07:14:09.533-2024/12/05;831;10,831,676,10,7,0,0,3,6,28,29,0,0,4,4,1,1,0.015417639557754822,0.021777228,0.006359587963187866
155.csv;03:56:05.091-2024/10/29;696;5,696,639,5,5,0,0,15,11,28,29,0,0,4,4,0,0,0.015417639557754822,0.021768276,0.006350636090600662
160.csv;07:47:43.395-2024/12/05;490;0,490,507,0,1,0,0,10,10,29,32,1,1,3,3,1,1,0.015417639557754822,0.02176487,0.006347231175267868
160.csv;08:38:46.776-2024/12/05;652;5,652,559,5,5,0,0,14,11,28,30,0,0,4,4,0,0,0.015417639557754822,0.021758847,0.006341207380855255
160.csv;07:40:00.643-2024/12/05;294;15,294,250,15,16,0,0,4,3,30,31,1,1,2,2,1,1,0.015417639557754822,0.021754896,0.006337256710493736
160.csv;07:14:05.311-2024/12/05;409;0,409,503,0,3,0,0,2,5,30,30,0,0,4,4,1,1,0.015417639557754822,0.021750301,0.0063326615649105834
160.csv;07:55:36.788-2024/12/05;725;5,725,739,5,5,0,0,11,12,29,32,1,1,3,3,0,0,0.015417639557754822,0.021749021,0.006331381927693062
160.csv;08:30:28.298-2024/12/05;980;10,980,801,10,7,0,0,4,6,28,28,0,0,4,4,0,0,0.015417639557754822,0.021743705,0.006326065938437157
160.csv;09:26:13.878-2024/12/05;691;1,691,643,1,3,0,0,8,8,31,31,0,0,4,3,1,1,0.015417639557754822,0.021738868,0.006321228648984604
160.csv;07:22:22.782-2024/12/05;1004;11,1004,779,11,9,0,0,9,9,28,30,0,0,4,4,0,0,0.015417639557754822,0.021736529,0.00631888916667717
158.csv;08:19:32.401-2024/12/06;410;11,410,445,11,8,0,0,13,11,28,30,0,0,4,4,1,1,0.015417639557754822,0.021736376,0.006318736429774933
160.csv;08:00:17.313-2024/12/05;105;15,105,203,15,11,0,0,9,9,29,31,0,0,3,3,0,0,0.015417639557754822,0.02173492,0.006317279841268234
160.csv;09:32:50.696-2024/12/05;436;17,436,435,17,13,0,0,5,6,29,32,1,1,4,4,0,0,0.015417639557754822,0.021730779,0.006313139181101494
158.csv;08:03:22.826-2024/12/06;733;0,733,634,0,3,0,0,13,11,29,30,0,0,4,4,1,1,0.015417639557754822,0.021729138,0.006311498190725021
160.csv;07:30:45.091-2024/12/05;35;5,35,199,5,6,0,0,0,4,29,29,1,1,4,4,0,0,0.015417639557754822,0.021715485,0.006297845001781158
160.csv;06:42:29.227-2024/12/05;240;10,240,367,10,7,0,0,11,11,30,29,0,0,4,4,1,1,0.015417639557754822,0.021714794,0.006297153960430794
101.csv;09:58:00.082-2024/09/06;911;8,911,939,8,6,1,1,10,10,25,31,1,1,2,2,1,1,0.015417639557754822,0.021714296,0.006296656634175949
160.csv;08:15:35.442-2024/12/05;782;15,782,668,15,10,0,0,9,9,28,30,0,0,4,4,1,1,0.015417639557754822,0.02170577,0.006288131307327919
160.csv;07:36:47.891-2024/12/05;475;5,475,511,5,5,0,0,15,12,28,30,0,0,4,4,1,1,0.015417639557754822,0.021704143,0.006286503355467491
160.csv;09:34:13.770-2024/12/05;552;5,552,560,5,5,0,0,1,4,29,31,0,0,4,4,0,0,0.015417639557754822,0.021701965,0.00628432592328804
160.csv;09:32:53.940-2024/12/05;761;6,761,682,6,4,0,0,1,4,30,31,0,0,4,4,1,1,0.015417639557754822,0.021696609,0.006278968955838852
158.csv;08:03:23.076-2024/12/06;758;0,758,625,0,3,0,0,3,6,28,32,0,0,4,4,1,1,0.015417639557754822,0.02169606,0.006278421338164978
160.csv;07:44:40.251-2024/12/05;607;7,607,600,7,8,0,0,4,5,30,33,1,1,3,3,1,1,0.015417639557754822,0.02169273,0.006275090928638153
160.csv;09:10:10.336-2024/12/05;592;15,592,559,15,10,0,0,3,6,30,31,0,0,4,4,0,0,0.015417639557754822,0.021688184,0.00627054421182888
160.csv;08:55:05.037-2024/12/05;174;15,174,117,15,15,0,0,8,8,30,32,1,1,2,2,1,1,0.015417639557754822,0.021686956,0.006269316728675537
160.csv;09:17:37.597-2024/12/05;263;0,263,339,0,3,0,0,6,8,30,30,0,0,4,4,1,1,0.015417639557754822,0.021686738,0.006269098799193077
160.csv;07:14:06.185-2024/12/05;496;10,496,527,10,8,0,0,15,12,28,31,0,0,4,4,0,0,0.015417639557754822,0.02168384,0.006266200523340874
160.csv;08:38:46.517-2024/12/05;626;10,626,585,10,8,0,0,3,5,28,30,0,0,4,3,1,1,0.015417639557754822,0.021676766,0.0062591261970640945
160.csv;09:10:56.521-2024/12/05;91;5,91,299,5,5,0,0,7,7,30,30,0,0,4,4,1,1,0.015417639557754822,0.021675138,0.006257498245203667
160.csv;09:26:19.186-2024/12/05;198;1,198,250,1,3,0,0,11,10,29,30,0,0,4,3,1,1,0.015417639557754822,0.021674681,0.006257041897142105
157.csv;04:04:22.210-2024/10/29;232;1,232,304,1,5,1,1,15,11,29,29,1,1,4,4,0,0,0.015417639557754822,0.021670012,0.006252372245752983
160.csv;08:23:07.292-2024/12/05;912;0,912,730,0,3,0,0,14,12,28,30,0,0,4,3,0,0,0.015417639557754822,0.021669675,0.006252035106980972
158.csv;08:11:33.938-2024/12/06;692;0,692,631,0,3,0,0,3,6,29,30,0,0,4,4,1,1,0.015417639557754822,0.021656742,0.006239102761709862
160.csv;07:30:55.064-2024/12/05;8;10,8,174,10,8,0,0,6,6,30,32,1,1,3,3,0,0,0.015417639557754822,0.021655831,0.006238191928231888
160.csv;08:46:07.177-2024/12/05;660;10,660,612,10,8,0,0,12,9,28,29,0,0,4,4,1,1,0.015417639557754822,0.021652026,0.006234386544192009
160.csv;08:23:07.092-2024/12/05;891;15,891,687,15,10,0,0,15,12,28,29,0,0,4,4,1,1,0.015417639557754822,0.021650739,0.00623309945639389
160.csv;06:57:52.561-2024/12/05;414;1,414,428,1,1,0,0,10,11,29,32,1,1,3,3,1,1,0.015417639557754822,0.021649804,0.006232164408528976
158.csv;08:03:30.041-2024/12/06;430;10,430,397,10,9,0,0,0,2,29,31,1,1,3,3,1,1,0.015417639557754822,0.021649357,0.006231717373693161
160.csv;07:14:41.369-2024/12/05;943;0,943,776,0,3,0,0,5,6,29,31,0,0,4,4,1,1,0.015417639557754822,0.021635365,0.006217725183332138
160.csv;09:41:39.477-2024/12/05;67;5,67,302,5,5,0,0,3,6,30,30,0,0,4,4,0,0,0.015417639557754822,0.021634756,0.0062171160983683395
160.csv;08:15:35.412-2024/12/05;780;0,780,673,0,3,0,0,14,11,28,30,0,0,4,4,0,0,0.015417639557754822,0.021634454,0.006216814349854164
160.csv;06:50:32.987-2024/12/05;488;15,488,528,15,10,0,0,9,9,28,31,0,0,4,4,1,1,0.015417639557754822,0.021633092,0.006215452756250076
136.csv;18:52:07.168-2024/01/16;396;0,396,488,0,0,1,1,9,10,20,28,1,1,2,2,1,1,0.015417639557754822,0.021623617,0.006205977480375938
160.csv;06:43:43.132-2024/12/05;463;0,463,480,0,3,0,0,3,5,28,31,0,0,4,4,1,1,0.015417639557754822,0.021622662,0.006205021943414383
157.csv;04:06:14.286-2024/10/29;175;7,175,102,7,7,1,1,8,9,15,22,1,1,2,2,1,1,0.015417639557754822,0.021622416,0.006204776074254684
158.csv;08:03:30.008-2024/12/06;427;0,427,428,0,3,0,0,13,10,30,32,0,0,4,4,1,1,0.015417639557754822,0.021618959,0.006201319004857712
158.csv;08:03:27.348-2024/12/06;161;5,161,256,5,6,0,0,9,9,28,28,0,0,4,4,1,1,0.015417639557754822,0.021618305,0.006200665216410332
160.csv;09:18:41.985-2024/12/05;557;15,557,533,15,10,0,0,12,10,30,31,0,0,4,4,0,0,0.015417639557754822,0.021610467,0.006192827205622368
158.csv;08:10:48.790-2024/12/06;273;6,273,358,6,6,0,0,11,10,28,29,0,0,4,4,0,0,0.015417639557754822,0.021608332,0.006190692614281349
160.csv;08:38:46.461-2024/12/05;620;16,620,582,16,14,0,0,2,4,28,31,0,0,3,3,1,1,0.015417639557754822,0.02160819,0.006190551053250008
160.csv;08:33:44.926-2024/12/05;163;5,163,54,5,5,0,0,12,12,29,29,1,1,2,2,1,1,0.015417639557754822,0.021607568,0.006189928929770164
160.csv;06:58:26.596-2024/12/05;745;10,745,645,10,8,0,0,14,11,28,29,0,0,4,4,0,0,0.015417639557754822,0.021602951,0.006185311432445221
157.csv;04:06:11.458-2024/10/29;917;0,917,983,0,0,1,1,10,11,16,21,1,1,2,2,1,1,0.015417639557754822,0.021602333,0.006184693034255676
160.csv;07:22:53.287-2024/12/05;983;0,983,787,0,4,0,0,6,7,30,31,0,0,4,4,0,0,0.015417639557754822,0.021601837,0.006184197570645981
136.csv;18:53:27.844-2024/01/16;271;10,271,316,10,9,1,1,12,12,30,32,1,1,2,2,0,0,0.015417639557754822,0.02159949,0.00618185063775795
160.csv;08:38:42.048-2024/12/05;179;15,179,277,15,10,0,0,5,8,28,29,0,0,4,4,0,0,0.015417639557754822,0.021594658,0.006177018936240845
160.csv;08:31:04.175-2024/12/05;472;7,472,510,7,6,0,0,0,2,28,30,0,0,3,3,1,1,0.015417639557754822,0.021576956,0.006159316356742554
160.csv;06:43:48.797-2024/12/05;5;15,5,217,15,10,0,0,3,5,28,29,1,1,4,4,1,1,0.015417639557754822,0.021573916,0.006156276519859009
160.csv;09:41:37.301-2024/12/05;873;5,873,771,5,6,0,0,13,10,30,32,0,0,4,4,1,1,0.015417639557754822,0.021573635,0.006155995260441475
160.csv;08:15:35.412-2024/12/05;779;15,779,708,15,9,0,0,13,11,28,31,0,0,4,4,0,0,0.015417639557754822,0.021570409,0.006152769159043007
160.csv;08:46:07.227-2024/12/05;665;10,665,591,10,8,0,0,13,11,28,29,0,0,4,4,0,0,0.015417639557754822,0.021567602,0.006149962152803116
157.csv;04:18:05.565-2024/10/29;647;8,647,675,8,8,1,1,14,14,19,28,1,1,2,2,0,0,0.015417639557754822,0.021553185,0.006135545279348068
160.csv;06:59:20.434-2024/12/05;1009;7,1009,779,7,7,0,0,6,7,28,30,0,0,4,4,0,0,0.015417639557754822,0.021543324,0.0061256844359280395
160.csv;09:03:27.769-2024/12/05;272;0,272,369,0,4,0,0,13,11,29,30,0,0,4,4,0,0,0.015417639557754822,0.02154186,0.006124220396840744
160.csv;07:36:46.837-2024/12/05;370;5,370,480,5,5,0,0,11,10,30,32,0,0,4,4,1,1,0.015417639557754822,0.021530386,0.006112746502721481
160.csv;06:58:28.632-2024/12/05;949;5,949,786,5,5,0,0,5,6,28,29,0,0,4,4,1,1,0.015417639557754822,0.021524861,0.006107221897208862
136.csv;18:53:41.868-2024/01/16;650;0,650,658,0,0,1,1,10,11,19,27,1,1,2,2,0,0,0.015417639557754822,0.021523938,0.006106298025214844
160.csv;06:43:16.662-2024/12/05;888;5,888,741,5,6,0,0,6,8,28,31,0,0,4,4,1,1,0.015417639557754822,0.021521963,0.006104323621356659
160.csv;06:43:16.631-2024/12/05;885;1,885,731,1,3,0,0,11,9,28,30,0,0,4,4,1,1,0.015417639557754822,0.021505931,0.006088291834557228
157.csv;04:04:21.422-2024/10/29;153;1,153,261,1,4,1,1,15,11,28,28,1,1,4,4,1,1,0.015417639557754822,0.021501716,0.006084076668584518
160.csv;09:34:13.745-2024/12/05;550;0,550,496,0,4,0,0,2,6,29,31,0,0,4,4,0,0,0.015417639557754822,0.021500697,0.006083057801687889
160.csv;06:51:45.852-2024/12/05;607;6,607,541,6,7,0,0,14,12,28,30,0,0,4,4,1,1,0.015417639557754822,0.02147793,0.006060290690028839
158.csv;08:10:49.813-2024/12/06;375;10,375,450,10,7,0,0,2,6,28,28,0,0,4,4,0,0,0.015417639557754822,0.021473514,0.0060558743583800125
160.csv;09:39:06.720-2024/12/05;151;10,151,128,10,10,0,0,7,8,30,32,1,1,2,2,0,0,0.015417639557754822,0.021472795,0.006055155377352409
160.csv;06:58:30.521-2024/12/05;114;5,114,371,5,6,0,0,11,10,28,29,0,0,4,4,0,0,0.015417639557754822,0.02146707,0.006049429606163673
160.csv;08:18:33.005-2024/12/05;107;5,107,52,5,4,0,0,14,14,30,30,1,1,2,2,1,1,0.015417639557754822,0.021466846,0.006049206088745766
160.csv;08:38:42.122-2024/12/05;187;0,187,307,0,3,0,0,6,8,28,29,0,0,4,4,0,0,0.015417639557754822,0.02146041,0.006042770649755173
160.csv;09:41:39.523-2024/12/05;71;15,71,165,15,11,0,0,3,6,29,29,1,1,4,4,1,1,0.015417639557754822,0.021459907,0.00604226773556488
158.csv;08:11:33.770-2024/12/06;675;7,675,647,7,6,0,0,1,4,30,32,0,0,4,4,0,0,0.015417639557754822,0.021452002,0.006034362669551544
157.csv;04:04:21.918-2024/10/29;203;0,203,275,0,4,1,1,12,10,28,28,1,1,4,4,0,0,0.015417639557754822,0.021449229,0.006031589190924339
160.csv;06:43:43.135-2024/12/05;463;10,463,453,10,8,0,0,5,6,28,32,0,0,4,4,0,0,0.015417639557754822,0.021435326,0.006017686407530479
160.csv;09:40:18.104-2024/12/05;121;13,121,137,13,11,0,0,6,7,30,32,0,0,3,3,1,1,0.015417639557754822,0.021429092,0.006011452134216003
160.csv;06:42:29.472-2024/12/05;265;0,265,390,0,4,0,0,6,8,28,31,0,0,4,4,0,0,0.015417639557754822,0.02142383,0.006006190161669426
160.csv;07:15:23.776-2024/12/05;63;15,63,27,15,15,0,0,6,7,30,31,1,1,2,2,1,1,0.015417639557754822,0.021419683,0.006002043913567238
160.csv;07:13:06.464-2024/12/05;668;13,668,630,13,9,0,0,4,6,29,31,0,0,4,3,0,0,0.015417639557754822,0.021412605,0.00599496586200016
160.csv;07:53:23.756-2024/12/05;734;0,734,618,0,3,0,0,10,10,28,31,0,0,4,3,0,0,0.015417639557754822,0.02141001,0.005992371197307281
160.csv;07:30:50.701-2024/12/05;596;10,596,601,10,9,0,0,6,7,29,32,1,1,3,3,1,1,0.015417639557754822,0.021402346,0.005984706412518196
160.csv;09:17:43.962-2024/12/05;899;5,899,728,5,5,0,0,12,10,29,28,0,0,4,4,0,0,0.015417639557754822,0.02140212,0.005984481032455139
160.csv;07:36:26.706-2024/12/05;405;0,405,435,0,4,0,0,7,8,30,30,0,0,4,4,0,0,0.015417639557754822,0.021390399,0.005972759406531029
160.csv;08:08:32.337-2024/12/05;456;6,456,459,6,5,0,0,12,13,28,31,1,1,3,3,1,1,0.015417639557754822,0.021386517,0.005968877654040031
160.csv;07:52:07.342-2024/12/05;260;11,260,260,11,9,0,0,7,9,28,31,1,1,3,4,0,0,0.015417639557754822,0.02138346,0.005965821053350143
160.csv;09:17:47.139-2024/12/05;193;0,193,311,0,4,0,0,10,9,29,29,0,0,4,4,1,1,0.015417639557754822,0.021377096,0.005959456394875221
160.csv;08:07:59.258-2024/12/05;220;5,220,327,5,4,0,0,12,11,28,31,0,0,4,4,0,0,0.015417639557754822,0.021372344,0.005954704787099533
160.csv;08:32:43.185-2024/12/05;133;5,133,9,5,5,0,0,9,10,29,30,1,1,2,2,0,0,0.015417639557754822,0.02137018,0.005952540393436127
160.csv;06:58:26.642-2024/12/05;750;7,750,648,7,6,0,0,15,11,28,29,0,0,4,4,1,1,0.015417639557754822,0.021368038,0.005950398351514511
160.csv;09:17:37.590-2024/12/05;262;5,262,311,5,5,0,0,1,4,30,30,0,0,4,4,0,0,0.015417639557754822,0.021362185,0.005944545920455627
160.csv;08:01:17.443-2024/12/05;998;9,998,1011,9,10,1,1,10,9,31,32,1,1,2,2,1,1,0.015417639557754822,0.02136038,0.005942741017306023
157.csv;04:06:17.058-2024/10/29;452;8,452,443,8,9,1,1,13,14,20,26,1,1,2,2,0,0,0.015417639557754822,0.021358326,0.005940686519706421
160.csv;09:25:29.393-2024/12/05;338;10,338,396,10,8,0,0,6,7,30,31,0,0,4,4,0,0,0.015417639557754822,0.02135673,0.00593909023281353
158.csv;08:12:04.498-2024/12/06;676;1,676,653,1,2,0,0,0,3,28,31,1,1,3,3,0,0,0.015417639557754822,0.021356346,0.005938706527912788
157.csv;04:04:21.582-2024/10/29;169;3,169,289,3,5,1,1,15,11,28,29,1,1,4,4,1,1,0.015417639557754822,0.021344375,0.005926735307538681
160.csv;09:25:20.945-2024/12/05;517;15,517,508,15,10,0,0,5,7,30,30,0,0,4,4,1,1,0.015417639557754822,0.02134334,0.0059256996768357086
160.csv;08:08:55.126-2024/12/05;687;0,687,660,0,0,0,0,13,13,29,31,1,1,3,3,0,0,0.015417639557754822,0.021342823,0.005925183724129372
160.csv;07:22:55.387-2024/12/05;169;2,169,316,2,3,0,0,7,8,30,31,0,0,4,4,1,1,0.015417639557754822,0.02133793,0.005920290555322342
160.csv;09:17:34.440-2024/12/05;971;0,971,773,0,4,0,0,7,8,29,31,0,0,4,4,1,1,0.015417639557754822,0.021337911,0.0059202719288708495
160.csv;09:33:03.438-2024/12/05;687;6,687,642,6,6,0,0,1,5,31,31,0,0,4,4,0,0,0.015417639557754822,0.021334363,0.005916723589861565
157.csv;04:06:10.896-2024/10/29;860;7,860,768,7,6,1,1,13,12,31,31,1,1,3,3,0,0,0.015417639557754822,0.021331578,0.005913938935363464
158.csv;08:11:33.902-2024/12/06;688;10,688,675,10,8,0,0,6,8,29,32,0,0,4,4,1,1,0.015417639557754822,0.021331556,0.0059139165836216735
157.csv;04:04:22.119-2024/10/29;223;0,223,323,0,2,1,1,15,13,29,32,1,1,3,3,0,0,0.015417639557754822,0.021329405,0.005911765228474312
157.csv;04:04:22.497-2024/10/29;260;8,260,222,8,7,1,1,11,11,29,30,1,1,3,3,0,0,0.015417639557754822,0.021317173,0.005899533237779312
160.csv;07:36:48.955-2024/12/05;581;16,581,547,16,13,0,0,1,3,28,33,1,1,3,3,0,0,0.015417639557754822,0.02131455,0.005896910633409195
160.csv;08:37:32.059-2024/12/05;348;11,348,324,11,11,0,0,10,11,28,32,1,1,2,2,1,1,0.015417639557754822,0.021312095,0.0058944556671025085
160.csv;08:10:51.549-2024/12/05;41;10,41,7,10,10,0,0,4,4,30,32,1,1,2,2,1,1,0.015417639557754822,0.02131015,0.005892511065566711
160.csv;06:59:22.523-2024/12/05;194;5,194,347,5,5,0,0,13,10,29,30,0,0,4,4,0,0,0.015417639557754822,0.021288188,0.005870548616612129
160.csv;07:50:55.035-2024/12/05;197;15,197,354,15,10,0,0,1,5,28,30,1,1,4,4,0,0,0.015417639557754822,0.021286178,0.005868538822496109
160.csv;07:38:26.198-2024/12/05;66;5,66,252,5,5,0,0,8,8,30,28,0,0,4,4,1,1,0.015417639557754822,0.02127178,0.005854140575492554
160.csv;07:29:07.319-2024/12/05;498;5,498,524,5,5,0,0,5,6,28,32,0,0,4,4,0,0,0.015417639557754822,0.021269273,0.005851633455121689
158.csv;08:17:45.868-2024/12/06;1021;0,1021,853,0,3,0,0,0,4,28,29,1,1,4,4,1,1,0.015417639557754822,0.021262297,0.005844657849037819
160.csv;08:08:58.928-2024/12/05;43;6,43,153,6,5,0,0,9,9,30,30,1,1,2,3,0,0,0.015417639557754822,0.021254973,0.005837333928311043
160.csv;06:58:32.141-2024/12/05;276;5,276,412,5,5,0,0,1,5,28,30,0,0,4,4,0,0,0.015417639557754822,0.021248376,0.005830736439192467
160.csv;07:36:50.020-2024/12/05;688;5,688,674,5,5,0,0,2,5,29,30,0,0,4,4,1,1,0.015417639557754822,0.021245396,0.005827756206953697
160.csv;07:22:24.611-2024/12/05;163;5,163,344,5,5,0,0,3,6,28,28,0,0,4,4,1,1,0.015417639557754822,0.021210523,0.005792883764469795
158.csv;08:03:26.136-2024/12/06;39;16,39,109,16,14,0,0,11,12,29,29,0,0,3,2,0,0,0.015417639557754822,0.021208188,0.0057905480074526595
157.csv;04:06:10.887-2024/10/29;859;9,859,912,9,8,1,1,14,14,19,27,1,1,2,3,1,1,0.015417639557754822,0.02120121,0.00578357053872364
157.csv;04:16:07.761-2024/10/29;131;2,131,47,2,3,1,1,13,13,23,28,1,1,2,2,0,0,0.015417639557754822,0.021193419,0.005775779094064407
160.csv;07:29:07.651-2024/12/05;531;5,531,532,5,4,0,0,14,11,28,30,0,0,4,4,1,1,0.015417639557754822,0.021191068,0.005773428435886078
160.csv;09:18:42.008-2024/12/05;559;15,559,539,15,10,0,0,9,9,30,31,0,0,4,4,1,1,0.015417639557754822,0.021188898,0.005771258454287224
158.csv;08:17:45.860-2024/12/06;1020;10,1020,946,10,9,0,0,0,2,28,29,0,0,3,2,1,1,0.015417639557754822,0.021183288,0.00576564816709774
158.csv;08:03:22.932-2024/12/06;743;10,743,660,10,8,0,0,15,12,28,30,0,0,4,4,0,0,0.015417639557754822,0.021182137,0.005764497052395515
158.csv;08:18:44.628-2024/12/06;753;6,753,775,6,5,0,0,4,5,29,32,1,1,3,3,0,0,0.015417639557754822,0.021181334,0.005763694252336197
160.csv;07:15:17.333-2024/12/05;443;10,443,485,10,8,0,0,4,6,29,31,0,0,4,4,1,1,0.015417639557754822,0.021174325,0.005756685118639641
132.csv;22:04:03.365-2024/01/13;526;0,526,620,0,0,0,0,8,8,21,27,1,1,3,3,1,1,0.015417639557754822,0.02117029,0.0057526506292464065
136.csv;18:52:55.860-2024/01/16;145;0,145,178,0,0,1,1,6,6,22,29,1,1,2,2,0,0,0.015417639557754822,0.021159332,0.005741692687833481
157.csv;04:19:57.961-2024/10/29;623;5,623,619,5,5,1,1,9,11,22,28,1,1,2,2,1,1,0.015417639557754822,0.021154337,0.005736697073543243
160.csv;09:09:57.575-2024/12/05;340;10,340,405,10,8,0,0,12,10,30,31,0,0,4,4,0,0,0.015417639557754822,0.021146338,0.005728698875272446
160.csv;07:14:41.445-2024/12/05;950;10,950,717,10,7,0,0,2,5,29,30,0,0,4,4,1,1,0.015417639557754822,0.02114182,0.005724180098140411
157.csv;04:12:21.346-2024/10/29;17;15,17,-9,15,14,0,0,10,10,20,24,1,1,2,2,0,0,0.015417639557754822,0.021130279,0.005712639148795776
136.csv;18:54:35.860-2024/01/16;928;19,928,1000,19,13,1,0,3,5,29,30,1,1,3,3,0,0,0.015417639557754822,0.021129617,0.005711977909767799
160.csv;08:46:07.184-2024/12/05;661;5,661,604,5,5,0,0,1,5,28,30,0,0,4,4,0,0,0.015417639557754822,0.021125799,0.005708159487211876
160.csv;08:14:43.367-2024/12/05;695;10,695,651,10,7,0,0,2,5,29,30,0,0,4,4,1,1,0.015417639557754822,0.021125427,0.00570778695818203
158.csv;08:11:52.434-2024/12/06;493;15,493,522,15,13,0,0,7,8,29,32,1,1,3,3,0,0,0.015417639557754822,0.02111824,0.005700600873196297
158.csv;08:10:49.898-2024/12/06;384;3,384,359,3,4,0,0,13,13,29,28,1,1,4,3,0,0,0.015417639557754822,0.021118185,0.00570054499384182
136.csv;18:53:35.856-2024/01/16;48;9,48,19,9,9,1,1,2,0,19,25,1,1,1,1,0,0,0.015417639557754822,0.021116693,0.005699053015077286
160.csv;08:32:42.621-2024/12/05;76;15,76,52,15,15,0,0,8,9,30,31,1,1,2,2,0,0,0.015417639557754822,0.02111543,0.005697790141666107
157.csv;04:04:21.708-2024/10/29;181;7,181,217,7,7,1,1,13,12,28,31,1,1,3,3,1,1,0.015417639557754822,0.021114359,0.005696719120705299
160.csv;07:59:22.832-2024/12/05;801;10,801,764,10,7,0,0,9,9,29,30,0,0,4,4,0,0,0.015417639557754822,0.021107355,0.005689715574944191
157.csv;04:04:21.508-2024/10/29;161;8,161,216,8,7,1,1,12,12,28,31,1,1,3,3,0,0,0.015417639557754822,0.021102337,0.005684697608912163
158.csv;08:10:48.360-2024/12/06;230;10,230,340,10,7,0,0,11,10,28,30,0,0,4,4,1,1,0.015417639557754822,0.021102177,0.005684537421429329
160.csv;08:14:43.426-2024/12/05;701;5,701,642,5,5,0,0,7,8,29,30,0,0,4,4,0,0,0.015417639557754822,0.021099387,0.005681747178995781
160.csv;08:31:04.135-2024/12/05;468;6,468,530,6,4,0,0,11,11,28,32,1,1,4,4,1,0,0.015417639557754822,0.021095742,0.005678101982438736
160.csv;09:41:10.907-2024/12/05;282;0,282,352,0,4,0,0,10,9,28,30,0,0,4,4,1,1,0.015417639557754822,0.021093097,0.005675457026326828
155.csv;03:42:50.181-2024/10/29;52;8,52,231,8,7,1,1,14,11,29,30,0,0,3,3,1,1,0.015417639557754822,0.021089798,0.00567215828176754
160.csv;06:51:12.516-2024/12/05;345;10,345,441,10,8,0,0,12,10,29,32,0,0,4,4,1,1,0.015417639557754822,0.021086657,0.0056690178620459365
160.csv;06:57:52.532-2024/12/05;411;5,411,434,5,5,0,0,2,4,29,33,1,1,3,3,0,0,0.015417639557754822,0.021085905,0.005668265353405647
158.csv;08:03:29.948-2024/12/06;421;1,421,468,1,3,0,0,4,6,30,32,0,0,4,4,0,0,0.015417639557754822,0.02107853,0.005660891141259842
160.csv;07:29:07.727-2024/12/05;538;16,538,574,16,16,0,0,5,5,28,32,1,1,2,2,0,0,0.015417639557754822,0.021071497,0.005653857793176346
160.csv;09:18:37.288-2024/12/05;88;0,88,240,0,3,0,0,10,9,29,30,0,0,4,4,1,1,0.015417639557754822,0.021065792,0.005648152511084251
160.csv;09:03:22.494-2024/12/05;768;11,768,707,11,8,0,0,6,7,30,32,0,0,4,4,0,0,0.015417639557754822,0.021062829,0.005645189042651825
160.csv;09:10:00.775-2024/12/05;660;10,660,613,10,7,0,0,15,11,30,30,0,0,4,4,0,0,0.015417639557754822,0.02106247,0.005644829552138023
160.csv;07:51:59.967-2024/12/05;547;0,547,561,0,3,0,0,0,4,28,30,0,0,4,4,1,1,0.015417639557754822,0.021057667,0.005640027652943306
136.csv;18:51:28.384-2024/01/16;613;6,613,676,6,9,1,1,15,15,15,24,1,1,2,2,1,1,0.015417639557754822,0.021054534,0.0056368946838022994
160.csv;09:17:34.357-2024/12/05;962;15,962,767,15,10,0,0,9,9,29,30,0,0,4,4,1,1,0.015417639557754822,0.021053642,0.005636002476775818
160.csv;09:34:15.936-2024/12/05;769;0,769,673,0,4,0,0,4,7,30,29,0,0,4,4,0,0,0.015417639557754822,0.02104116,0.005623520891630821
160.csv;09:09:57.755-2024/12/05;358;10,358,396,10,7,0,0,14,11,29,29,0,0,4,4,1,1,0.015417639557754822,0.021040637,0.005622997488343887
160.csv;09:17:37.565-2024/12/05;259;10,259,349,10,7,0,0,6,7,30,31,0,0,4,4,0,0,0.015417639557754822,0.021038221,0.005620581637585335
160.csv;09:34:13.893-2024/12/05;564;11,564,568,11,9,0,0,6,7,29,34,1,1,3,3,0,0,0.015417639557754822,0.021034006,0.005616366471612625
160.csv;07:13:26.665-2024/12/05;640;10,640,680,10,9,0,0,7,9,29,32,1,1,3,3,0,0,0.015417639557754822,0.021033369,0.005615729446971588
160.csv;06:43:43.062-2024/12/05;456;0,456,438,0,3,0,0,4,6,28,30,0,0,4,4,1,1,0.015417639557754822,0.021030001,0.0056123617845417785
160.csv;07:22:25.631-2024/12/05;265;5,265,381,5,5,0,0,2,6,28,31,0,0,4,4,0,0,0.015417639557754822,0.02102993,0.005612291004026108
160.csv;08:23:07.308-2024/12/05;913;11,913,713,11,9,0,0,11,10,28,31,0,0,4,3,0,0,0.015417639557754822,0.021017589,0.005599949117267303
160.csv;07:53:23.902-2024/12/05;748;10,748,669,10,8,0,0,11,9,28,30,0,0,4,4,1,1,0.015417639557754822,0.021013835,0.005596195887291603
160.csv;09:10:59.623-2024/12/05;401;5,401,443,5,5,0,0,14,11,31,31,0,0,4,4,0,0,0.015417639557754822,0.021012455,0.005594815667236023
160.csv;06:51:43.351-2024/12/05;357;0,357,438,0,3,0,0,5,7,28,30,0,0,4,4,0,0,0.015417639557754822,0.021009348,0.005591708775127106
160.csv;07:45:16.211-2024/12/05;107;5,107,329,5,5,0,0,11,10,28,29,0,0,4,4,0,0,0.015417639557754822,0.021001413,0.005583773906791382
160.csv;08:23:07.583-2024/12/05;941;0,941,753,0,3,0,0,5,6,28,29,0,0,4,4,0,0,0.015417639557754822,0.021001322,0.0055836826371790695
160.csv;07:53:23.792-2024/12/05;737;10,737,631,10,8,0,0,12,11,28,30,0,0,4,4,0,0,0.015417639557754822,0.0209969,0.005579260717594795
160.csv;06:42:29.205-2024/12/05;238;5,238,189,5,5,0,0,15,15,30,31,1,1,2,2,1,1,0.015417639557754822,0.020991674,0.005574034135306053
160.csv;08:01:12.096-2024/12/05;464;0,464,524,0,2,0,0,11,10,30,31,0,0,4,4,1,1,0.015417639557754822,0.020989738,0.005572098846996002
160.csv;07:36:34.143-2024/12/05;124;15,124,237,15,10,0,0,15,12,29,29,1,1,4,4,1,1,0.015417639557754822,0.020987494,0.005569854359591179
136.csv;18:51:16.580-2024/01/16;456;19,456,444,19,18,1,1,15,16,14,25,1,1,1,1,1,1,0.015417639557754822,0.020986838,0.0055691987084986495
157.csv;04:04:21.830-2024/10/29;194;1,194,271,1,4,1,1,14,11,28,28,1,1,4,4,0,0,0.015417639557754822,0.020983635,0.005565994958841972
160.csv;09:26:16.034-2024/12/05;906;11,906,692,11,8,0,0,11,10,31,32,0,0,4,4,1,1,0.015417639557754822,0.02098239,0.005564750711882286
158.csv;08:03:23.166-2024/12/06;766;15,766,750,15,13,0,0,7,8,28,31,0,0,3,3,1,1,0.015417639557754822,0.020974008,0.005556368808710747
158.csv;08:03:23.021-2024/12/06;752;10,752,671,10,8,0,0,14,11,28,30,0,0,4,4,0,0,0.015417639557754822,0.020970186,0.005552546660864525
160.csv;07:53:23.720-2024/12/05;730;11,730,611,11,8,0,0,4,7,28,30,0,0,4,4,1,1,0.015417639557754822,0.020967845,0.0055502053159119415
160.csv;09:40:19.473-2024/12/05;258;15,258,234,15,15,0,0,5,5,30,32,1,1,2,2,1,1,0.015417639557754822,0.020965798,0.005548158268892937
160.csv;08:31:04.079-2024/12/05;462;15,462,523,15,10,0,0,8,8,29,30,0,0,4,4,0,0,0.015417639557754822,0.020965409,0.005547768976056747
160.csv;09:32:53.833-2024/12/05;750;10,750,653,10,7,0,0,2,5,29,30,0,0,4,4,0,0,0.015417639557754822,0.020951279,0.005533638949954681
158.csv;08:11:34.213-2024/12/06;719;11,719,653,11,8,0,0,7,7,28,31,0,0,4,4,1,1,0.015417639557754822,0.020940617,0.005522977169120483
157.csv;04:04:21.236-2024/10/29;134;6,134,251,6,5,1,0,12,10,28,30,1,1,4,4,1,1,0.015417639557754822,0.020928685,0.00551104506429451
160.csv;09:26:42.546-2024/12/05;486;0,486,489,0,4,0,0,11,11,29,31,0,0,4,3,0,0,0.015417639557754822,0.020927772,0.005510132368171387
160.csv;09:39:53.576-2024/12/05;740;17,740,831,17,17,0,0,10,9,28,31,1,1,2,2,1,1,0.015417639557754822,0.020918228,0.005500588174426727
160.csv;07:36:34.143-2024/12/05;124;16,124,27,16,13,0,0,3,3,28,30,1,1,2,2,0,0,0.015417639557754822,0.020916084,0.005498444269859962
160.csv;09:18:34.569-2024/12/05;840;0,840,729,0,3,0,0,6,7,28,31,0,0,4,4,1,1,0.015417639557754822,0.020911032,0.005493392776215248
160.csv;09:03:22.485-2024/12/05;767;10,767,673,10,7,0,0,1,5,30,31,0,0,4,4,1,1,0.015417639557754822,0.020909328,0.005491688455903702
158.csv;08:10:44.560-2024/12/06;874;6,874,748,6,5,0,0,4,7,28,31,0,0,4,4,1,1,0.015417639557754822,0.020907816,0.005490175988042526
160.csv;08:46:07.238-2024/12/05;666;13,666,612,13,9,0,0,11,10,28,31,0,0,4,4,1,1,0.015417639557754822,0.020906456,0.005488816257083588
158.csv;08:17:45.338-2024/12/06;968;5,968,821,5,5,0,0,6,7,30,30,0,0,4,4,0,0,0.015417639557754822,0.02089673,0.0054790895241143035
158.csv;08:03:23.045-2024/12/06;754;16,754,629,16,11,0,0,9,10,28,30,0,0,4,4,1,1,0.015417639557754822,0.020892905,0.005475265513622932
160.csv;07:12:21.212-2024/12/05;239;5,239,304,5,5,0,0,13,11,29,28,0,0,4,4,0,0,0.015417639557754822,0.020890033,0.005472393314802818
158.csv;08:03:29.983-2024/12/06;424;10,424,490,10,8,0,0,2,5,30,32,0,0,4,4,0,0,0.015417639557754822,0.02088616,0.005468520875537567
160.csv;08:24:05.603-2024/12/05;599;1,599,582,1,2,0,0,12,11,29,32,0,0,3,3,1,1,0.015417639557754822,0.020882903,0.005465263109171562
160.csv;09:18:04.152-2024/12/05;870;10,870,734,10,7,0,0,6,7,29,29,0,0,4,4,0,0,0.015417639557754822,0.02088014,0.005462500806415253
160.csv;07:46:37.628-2024/12/05;57;5,57,46,5,5,0,0,4,4,30,31,1,1,2,2,1,1,0.015417639557754822,0.020880073,0.00546243375118988
158.csv;08:03:29.968-2024/12/06;423;0,423,456,0,3,0,0,1,5,30,32,0,0,4,4,0,0,0.015417639557754822,0.02087615,0.0054585110205056
160.csv;08:38:46.592-2024/12/05;634;0,634,577,0,3,0,0,2,6,28,31,0,0,4,4,1,1,0.015417639557754822,0.020876119,0.005458479355538063
160.csv;08:09:45.554-2024/12/05;610;0,610,613,0,1,0,0,1,4,29,31,1,1,3,3,0,0,0.015417639557754822,0.02087539,0.005457751061284714
160.csv;07:29:07.572-2024/12/05;523;11,523,493,11,11,0,0,2,4,28,29,1,1,3,4,0,0,0.015417639557754822,0.020873731,0.005456091444456749
160.csv;07:22:26.007-2024/12/05;303;0,303,431,0,3,0,0,6,8,28,31,0,0,4,4,0,0,0.015417639557754822,0.020868624,0.005450984071457558
155.csv;03:32:52.886-2024/10/29;739;2,739,688,2,3,0,0,9,10,31,32,1,1,3,3,0,0,0.015417639557754822,0.020865774,0.005448134224379234
160.csv;07:29:06.282-2024/12/05;394;10,394,455,10,7,0,0,0,4,30,31,0,0,4,4,0,0,0.015417639557754822,0.0208599,0.005442261304223709
158.csv;08:11:33.913-2024/12/06;689;10,689,626,10,8,0,0,2,6,29,31,0,0,4,4,0,0,0.015417639557754822,0.020856354,0.005438714827859573
160.csv;09:25:33.669-2024/12/05;766;2,766,665,2,4,0,0,7,8,30,30,0,0,4,3,1,1,0.015417639557754822,0.02085237,0.005434730629885368
105.csv;11:28:03.738-2024/11/20;1007;8,1007,1025,8,7,1,1,10,10,23,28,1,1,2,2,0,0,0.015417639557754822,0.020839043,0.005421403403842621
160.csv;07:36:46.930-2024/12/05;379;5,379,436,5,5,0,0,4,6,29,30,0,0,4,4,1,1,0.015417639557754822,0.020838475,0.005420835297072105
160.csv;07:39:59.088-2024/12/05;139;5,139,110,5,5,0,0,3,3,30,31,1,1,2,2,0,0,0.015417639557754822,0.02083791,0.005420270915591888
157.csv;04:04:21.658-2024/10/29;177;0,177,88,0,-1,1,1,13,13,28,32,1,1,2,2,0,0,0.015417639557754822,0.020831598,0.005413958411181145
160.csv;07:54:10.400-2024/12/05;278;10,278,283,10,8,0,0,10,11,30,31,1,1,3,4,0,0,0.015417639557754822,0.020830065,0.005412425454223328
160.csv;09:01:00.954-2024/12/05;950;5,950,726,5,5,0,0,3,6,28,30,0,0,4,4,0,0,0.015417639557754822,0.020828998,0.005411358158552818
160.csv;07:15:17.310-2024/12/05;441;5,441,459,5,5,0,0,15,12,29,29,0,0,4,4,1,1,0.015417639557754822,0.020824432,0.005406792815292053
157.csv;04:04:21.946-2024/10/29;205;8,205,297,8,6,1,1,15,11,28,30,1,1,4,4,0,0,0.015417639557754822,0.020819124,0.005401484276616745
136.csv;18:52:08.480-2024/01/16;527;0,527,541,0,1,1,1,2,3,18,26,1,1,2,2,0,0,0.015417639557754822,0.020817332,0.005399692411983185
160.csv;08:38:46.705-2024/12/05;645;0,645,572,0,3,0,0,8,9,28,30,0,0,4,4,1,1,0.015417639557754822,0.02081249,0.005394849534595184
160.csv;07:15:17.359-2024/12/05;446;0,446,473,0,4,0,0,12,10,29,31,0,0,4,4,0,0,0.015417639557754822,0.020811867,0.005394227411115341
160.csv;09:09:57.601-2024/12/05;343;0,343,365,0,3,0,0,3,6,30,32,0,0,4,4,0,0,0.015417639557754822,0.02080599,0.0053883507656695175
100.csv;04:29:05.878-2024/09/05;96;5,96,14,5,5,0,0,12,12,18,25,1,1,2,2,1,1,0.015417639557754822,0.020805113,0.00538747345980423
158.csv;08:11:33.946-2024/12/06;692;15,692,608,15,11,0,0,5,7,29,31,0,0,4,4,1,1,0.015417639557754822,0.02080173,0.005384090896213226
155.csv;03:34:49.684-2024/10/29;131;0,131,144,0,-1,0,0,11,12,31,32,1,1,2,2,1,1,0.015417639557754822,0.020795517,0.005377877111995392
160.csv;06:52:18.925-2024/12/05;842;12,842,756,12,9,0,0,12,10,28,31,0,0,4,3,1,1,0.015417639557754822,0.020794708,0.0053770687240006255
160.csv;09:40:26.549-2024/12/05;966;5,966,807,5,6,0,0,8,8,31,28,0,0,4,4,1,1,0.015417639557754822,0.020794218,0.005376578848326378
160.csv;09:10:58.225-2024/12/05;261;10,261,205,10,10,0,0,11,12,30,32,1,1,2,2,1,1,0.015417639557754822,0.020791387,0.005373747627699547
160.csv;08:33:44.644-2024/12/05;135;5,135,59,5,4,0,0,6,6,29,31,1,1,2,2,1,1,0.015417639557754822,0.020790694,0.005373054723704033
160.csv;08:23:07.364-2024/12/05;919;1,919,743,1,4,0,0,6,7,28,29,0,0,4,4,0,0,0.015417639557754822,0.020785918,0.005368278901541405
160.csv;09:01:01.038-2024/12/05;959;0,959,704,0,4,0,0,6,7,28,29,0,0,4,4,0,0,0.015417639557754822,0.02078152,0.00536388119634407
136.csv;18:53:43.364-2024/01/16;799;10,799,709,10,6,1,1,13,11,19,26,1,1,4,4,0,0,0.015417639557754822,0.020781431,0.005363791789376907
160.csv;06:51:25.173-2024/12/05;587;5,587,553,5,5,0,0,15,11,29,30,0,0,4,4,1,1,0.015417639557754822,0.020769013,0.0053513735341669845
160.csv;09:40:30.811-2024/12/05;368;10,368,380,10,8,0,0,9,9,29,30,0,0,4,4,1,1,0.015417639557754822,0.020766735,0.005349095519149475
160.csv;07:59:35.579-2024/12/05;28;10,28,248,10,8,0,0,0,4,28,28,1,1,4,4,1,1,0.015417639557754822,0.020764496,0.005346856619680099
101.csv;10:03:26.063-2024/09/06;742;2,742,714,2,4,1,1,8,8,31,31,1,1,3,3,0,0,0.015417639557754822,0.020754116,0.005336476098263435
160.csv;07:38:18.652-2024/12/05;335;10,335,240,10,10,0,0,4,5,30,32,1,1,2,2,1,1,0.015417639557754822,0.020754056,0.00533641649361866
160.csv;09:10:06.482-2024/12/05;207;5,207,137,5,4,0,0,9,10,30,32,1,1,2,2,0,0,0.015417639557754822,0.020753173,0.0053355335998179244
160.csv;08:23:09.067-2024/12/05;65;5,65,292,5,5,0,0,14,11,28,29,0,0,4,4,0,0,0.015417639557754822,0.020744191,0.005326551924908333
160.csv;08:31:06.343-2024/12/05;689;1,689,648,1,3,0,0,1,5,29,31,0,0,4,4,0,0,0.015417639557754822,0.02074244,0.005324801038468056
136.csv;18:53:25.836-2024/01/16;70;10,70,128,10,9,1,1,2,4,30,32,1,1,3,3,0,0,0.015417639557754822,0.020742292,0.005324652026856117
160.csv;07:30:37.653-2024/12/05;315;11,315,268,11,11,0,0,7,8,28,31,1,1,2,2,1,1,0.015417639557754822,0.020733884,0.005316244046652489
158.csv;08:19:32.330-2024/12/06;403;10,403,435,10,7,0,0,2,5,28,30,0,0,4,4,0,0,0.015417639557754822,0.020733198,0.005315558593237572
160.csv;08:17:22.648-2024/12/05;239;10,239,115,10,10,0,0,8,8,31,32,1,1,2,2,0,0,0.015417639557754822,0.020733058,0.005315418894851379
121.csv;21:48:46.683-2024/01/04;521;9,521,532,9,7,0,0,13,11,31,31,0,0,4,4,1,1,0.015417639557754822,0.02072123,0.005303591098153763
160.csv;08:15:35.333-2024/12/05;772;0,772,671,0,2,0,0,7,8,28,31,0,0,4,4,0,0,0.015417639557754822,0.02071681,0.005299171041214638
136.csv;18:53:27.352-2024/01/16;222;3,222,314,3,5,1,0,2,6,30,29,1,1,4,4,1,1,0.015417639557754822,0.02071419,0.00529655029948967
160.csv;06:58:32.432-2024/12/05;305;1,305,287,1,1,0,0,8,9,29,31,1,1,3,3,1,1,0.015417639557754822,0.020711368,0.005293728392088585
160.csv;09:40:18.101-2024/12/05;121;10,121,179,10,8,0,0,0,3,30,30,1,1,4,4,1,1,0.015417639557754822,0.020703979,0.005286339278781586
160.csv;06:58:34.859-2024/12/05;548;1,548,563,1,3,0,0,15,12,28,30,0,0,4,4,1,1,0.015417639557754822,0.020699529,0.005281889419520073
160.csv;09:40:26.573-2024/12/05;968;15,968,766,15,11,0,0,0,5,31,29,1,1,4,4,0,0,0.015417639557754822,0.020697879,0.005280239115917854
160.csv;08:23:07.158-2024/12/05;898;10,898,769,10,8,0,0,9,8,28,30,0,0,4,4,0,0,0.015417639557754822,0.02069784,0.00528020000036972
158.csv;08:03:23.866-2024/12/06;837;0,837,669,0,3,0,0,11,9,28,30,0,0,4,4,0,0,0.015417639557754822,0.020696891,0.005279251913988762
160.csv;06:52:18.917-2024/12/05;841;10,841,735,10,7,0,0,13,11,28,31,0,0,4,4,0,0,0.015417639557754822,0.020689897,0.0052722576814534
160.csv;08:23:07.428-2024/12/05;925;5,925,719,5,5,0,0,8,9,28,31,0,0,4,4,1,1,0.015417639557754822,0.02068908,0.005271439980232887
160.csv;06:51:45.065-2024/12/05;528;12,528,493,12,8,0,0,10,10,28,31,0,0,4,4,0,0,0.015417639557754822,0.020686474,0.005268834139669113
160.csv;08:01:12.092-2024/12/05;463;11,463,495,11,11,0,0,15,15,30,29,0,0,3,2,0,0,0.015417639557754822,0.020682978,0.005265337954724007
160.csv;07:30:21.349-2024/12/05;733;0,733,686,0,3,0,0,6,7,28,30,0,0,4,4,1,1,0.015417639557754822,0.020682856,0.005265216882789307
160.csv;07:45:36.235-2024/12/05;61;8,61,-8,8,8,1,1,7,7,30,31,1,1,2,2,1,1,0.015417639557754822,0.020676494,0.005258854086959534
101.csv;10:06:44.246-2024/09/06;80;4,80,33,4,3,1,1,13,14,22,26,1,1,2,2,1,1,0.015417639557754822,0.020676456,0.005258816834056549
101.csv;09:56:16.020-2024/09/06;745;8,745,797,8,8,1,1,11,12,17,25,1,1,2,2,0,0,0.015417639557754822,0.020676414,0.005258773993218117
155.csv;03:42:50.187-2024/10/29;53;5,53,174,5,5,1,1,14,11,29,28,1,1,4,4,1,1,0.015417639557754822,0.02067103,0.005253390948736839
160.csv;08:38:46.500-2024/12/05;624;16,624,543,16,11,0,0,0,5,28,31,0,0,4,4,1,1,0.015417639557754822,0.020666033,0.005248393471801453
160.csv;07:22:53.290-2024/12/05;983;1,983,763,1,3,0,0,7,7,30,30,0,0,4,4,1,1,0.015417639557754822,0.020665651,0.00524801162954586
160.csv;07:22:22.571-2024/12/05;983;1,983,789,1,4,0,0,11,10,28,28,0,0,4,3,0,0,0.015417639557754822,0.020664575,0.005246935020649605
160.csv;08:46:08.359-2024/12/05;778;10,778,700,10,7,0,0,2,6,29,31,0,0,4,4,0,0,0.015417639557754822,0.020663686,0.005246046538913422
136.csv;18:51:31.472-2024/01/16;922;6,922,845,6,6,1,1,15,13,16,19,1,1,3,3,1,1,0.015417639557754822,0.020651491,0.0052338518011214065
158.csv;08:11:33.902-2024/12/06;688;11,688,617,11,9,0,0,9,9,29,31,0,0,4,4,0,0,0.015417639557754822,0.020649048,0.0052314080106856155
160.csv;09:28:22.621-2024/12/05;253;10,253,362,10,7,0,0,8,8,30,30,0,0,4,4,1,1,0.015417639557754822,0.020648072,0.0052304319846274185
160.csv;06:42:29.475-2024/12/05;265;10,265,331,10,8,0,0,9,9,28,31,0,0,4,3,1,1,0.015417639557754822,0.020641988,0.00522434858557003
158.csv;08:03:29.980-2024/12/06;424;6,424,484,6,6,0,0,0,4,30,31,0,0,4,3,1,1,0.015417639557754822,0.020633105,0.005215465630853348
124.csv;19:36:26.043-2024/02/13;124;10,124,106,10,10,0,0,13,13,31,30,1,1,2,2,0,0,0.015417639557754822,0.020628594,0.00521095430430191
160.csv;09:10:10.388-2024/12/05;597;15,597,553,15,9,0,0,11,10,29,29,0,0,4,4,0,0,0.015417639557754822,0.020625263,0.005207623894775085
160.csv;09:34:10.621-2024/12/05;237;10,237,351,10,7,0,0,1,6,29,30,0,0,4,4,0,0,0.015417639557754822,0.020619255,0.005201615001523666
160.csv;09:10:23.096-2024/12/05;844;10,844,712,10,8,0,0,8,8,30,31,0,0,4,4,0,0,0.015417639557754822,0.020619128,0.005201488341653519
160.csv;06:50:32.530-2024/12/05;442;8,442,457,8,7,1,1,8,8,29,32,1,1,2,2,1,1,0.015417639557754822,0.020602932,0.0051852926420809554
160.csv;08:22:17.775-2024/12/05;56;3,56,145,3,4,0,0,0,4,28,25,1,1,4,4,1,1,0.015417639557754822,0.02060275,0.005185110102856331
157.csv;04:04:21.298-2024/10/29;140;8,140,66,8,9,1,1,13,13,0,8,1,1,2,2,1,1,0.015417639557754822,0.020602424,0.005184784139955215
160.csv;08:07:59.258-2024/12/05;220;6,220,317,6,6,0,0,14,12,28,30,0,0,4,4,0,0,0.015417639557754822,0.020601256,0.005183616261446648
160.csv;06:51:40.439-2024/12/05;65;15,65,315,15,10,0,0,9,9,30,31,0,0,4,4,1,1,0.015417639557754822,0.020597773,0.005180133115017586
160.csv;06:43:00.263-2024/12/05;272;8,272,356,8,6,0,0,11,11,28,30,0,0,4,4,1,1,0.015417639557754822,0.020596538,0.005178898181283646
160.csv;07:39:28.142-2024/12/05;116;10,116,62,10,9,0,0,5,5,30,32,1,1,2,2,0,0,0.015417639557754822,0.020590182,0.0051725428360344695
160.csv;08:39:52.634-2024/12/05;70;6,70,179,6,5,0,0,10,11,29,31,1,1,3,3,0,0,0.015417639557754822,0.020582553,0.0051649134415032195
158.csv;08:03:31.148-2024/12/06;541;0,541,531,0,3,0,0,3,6,29,31,0,0,4,4,1,1,0.015417639557754822,0.020580249,0.005162609349453621
160.csv;08:38:46.541-2024/12/05;629;1,629,579,1,3,0,0,5,6,28,30,0,0,4,4,1,1,0.015417639557754822,0.020578727,0.005161087568366699
160.csv;09:18:42.067-2024/12/05;566;0,566,559,0,3,0,0,6,8,29,30,0,0,4,4,0,0,0.015417639557754822,0.020570269,0.005152629296744041
157.csv;04:04:21.622-2024/10/29;173;3,173,259,3,3,1,1,15,11,28,30,1,1,4,4,0,0,0.015417639557754822,0.020568645,0.005151005070173912
160.csv;07:14:41.403-2024/12/05;946;5,946,813,5,6,0,0,4,6,29,31,0,0,4,4,1,1,0.015417639557754822,0.020568037,0.005150397847855263
160.csv;06:50:35.086-2024/12/05;698;10,698,614,10,7,0,0,13,11,29,29,0,0,4,4,1,1,0.015417639557754822,0.02056517,0.005147531236970596
158.csv;08:03:29.928-2024/12/06;419;1,419,398,1,3,0,0,6,7,30,32,0,0,4,4,1,1,0.015417639557754822,0.020565111,0.005147471632325821
160.csv;09:17:56.732-2024/12/05;128;7,128,207,7,7,0,0,6,7,29,32,1,1,3,3,0,0,0.015417639557754822,0.020565012,0.005147372912132912
160.csv;08:23:07.376-2024/12/05;920;1,920,710,1,5,0,0,13,11,28,30,0,0,4,4,0,0,0.015417639557754822,0.020564204,0.005146564524138145
160.csv;09:41:12.837-2024/12/05;475;0,475,433,0,3,0,0,5,7,30,31,0,0,4,4,1,1,0.015417639557754822,0.020558028,0.0051403879928232955
160.csv;06:51:45.852-2024/12/05;607;5,607,555,5,6,0,0,12,10,28,31,0,0,4,4,1,1,0.015417639557754822,0.020557027,0.0051393877523781585
160.csv;09:41:39.438-2024/12/05;63;5,63,272,5,5,0,0,2,5,30,29,0,0,4,4,0,0,0.015417639557754822,0.020551588,0.005133948828542404
160.csv;09:34:10.681-2024/12/05;243;10,243,401,10,8,0,0,7,7,28,32,0,0,4,4,0,0,0.015417639557754822,0.020550497,0.005132857318484955
136.csv;18:51:32.876-2024/01/16;38;10,38,212,10,8,1,1,15,14,30,30,1,1,3,3,1,1,0.015417639557754822,0.020547526,0.005129886399471931
157.csv;04:04:21.868-2024/10/29;197;7,197,238,7,6,1,1,11,11,28,31,1,1,3,4,1,1,0.015417639557754822,0.0205435,0.005125861223304443
160.csv;09:34:15.908-2024/12/05;766;2,766,673,2,4,0,0,0,4,30,31,0,0,4,4,0,0,0.015417639557754822,0.02053251,0.005114869754278831
160.csv;09:33:03.455-2024/12/05;688;15,688,620,15,9,0,0,10,10,31,31,0,0,4,4,1,1,0.015417639557754822,0.020531667,0.005114027838671379
157.csv;04:04:21.431-2024/10/29;154;0,154,260,0,4,1,1,11,10,28,28,1,1,4,4,0,0,0.015417639557754822,0.02053044,0.005112800355518036
103.csv;03:40:48.414-2024/09/04;634;3,634,728,3,3,0,0,1,-1,27,27,0,0,0,0,1,1,0.015417639557754822,0.020523561,0.005105921606981926
160.csv;08:15:35.390-2024/12/05;777;10,777,680,10,8,0,0,9,8,28,30,0,0,4,4,0,0,0.015417639557754822,0.020521726,0.005104086901509933
160.csv;08:33:14.885-2024/12/05;231;5,231,136,5,4,0,0,11,12,29,30,1,1,2,2,0,0,0.015417639557754822,0.020516207,0.005098567883932762
160.csv;08:15:35.505-2024/12/05;789;3,789,658,3,4,0,0,2,4,28,29,0,0,4,4,0,0,0.015417639557754822,0.020514963,0.005097323636973076
158.csv;08:03:31.141-2024/12/06;540;10,540,526,10,8,0,0,2,5,29,30,0,0,4,4,1,1,0.015417639557754822,0.02051465,0.005097010712588005
136.csv;18:37:34.056-2024/01/16;124;13,124,291,13,9,1,1,5,7,30,30,1,1,4,4,1,1,0.015417639557754822,0.020513847,0.0050962079125286865
160.csv;09:19:13.240-2024/12/05;611;0,611,586,0,2,0,0,4,6,30,30,0,0,4,4,1,1,0.015417639557754822,0.020508971,0.005091331507528
160.csv;09:10:56.531-2024/12/05;92;0,92,227,0,3,0,0,0,4,30,29,1,1,4,4,1,1,0.015417639557754822,0.020508807,0.0050911675947548675
160.csv;06:43:43.062-2024/12/05;456;5,456,442,5,5,0,0,13,10,28,30,0,0,4,4,0,0,0.015417639557754822,0.020507703,0.0050900630461813735
158.csv;08:11:33.816-2024/12/06;680;0,680,637,0,4,0,0,15,11,30,30,0,0,4,4,0,0,0.015417639557754822,0.020505829,0.005088189225161247
101.csv;09:55:53.733-2024/09/06;564;7,564,555,7,6,1,1,12,10,31,31,0,0,4,4,0,0,0.015417639557754822,0.02050268,0.005085041354859047
160.csv;06:43:51.437-2024/12/05;269;10,269,339,10,8,0,0,2,5,28,30,0,0,4,4,1,1,0.015417639557754822,0.020494891,0.005077251772844963
101.csv;10:06:49.801-2024/09/06;636;1,636,671,1,2,1,1,13,12,31,31,1,1,3,3,1,1,0.015417639557754822,0.020494187,0.005076547692978554
160.csv;07:30:23.465-2024/12/05;944;10,944,675,10,7,0,0,7,8,28,30,0,0,4,4,0,0,0.015417639557754822,0.020491688,0.005074048023188286
160.csv;08:23:07.176-2024/12/05;900;5,900,738,5,5,0,0,4,7,28,29,0,0,4,4,1,1,0.015417639557754822,0.02048403,0.005066390688979797
160.csv;07:14:41.411-2024/12/05;947;1,947,796,1,3,0,0,6,7,29,31,0,0,4,4,1,1,0.015417639557754822,0.020481044,0.00506340486880558
136.csv;18:51:17.400-2024/01/16;539;0,539,554,0,3,1,1,0,4,30,30,1,1,4,4,0,0,0.015417639557754822,0.020473821,0.005056181530916862
160.csv;06:50:33.986-2024/12/05;588;10,588,571,10,8,0,0,14,11,28,30,0,0,4,4,1,1,0.015417639557754822,0.020472912,0.005055272560084038
160.csv;09:33:03.492-2024/12/05;692;10,692,649,10,8,0,0,10,9,30,30,0,0,4,4,0,0,0.015417639557754822,0.020470684,0.0050530448364855575
158.csv;08:03:23.970-2024/12/06;847;5,847,725,5,4,0,0,4,6,28,29,0,0,4,4,0,0,0.015417639557754822,0.020465821,0.0050481814700009155
160.csv;07:39:57.694-2024/12/05;1023;15,1023,1054,15,13,0,0,14,14,30,29,1,1,3,3,0,0,0.015417639557754822,0.020463388,0.00504574885543602
160.csv;08:47:25.653-2024/12/05;316;5,316,388,5,5,0,0,13,11,30,29,0,0,4,4,1,1,0.015417639557754822,0.020462736,0.005045096929633789
160.csv;07:22:55.372-2024/12/05;167;5,167,295,5,6,0,0,4,6,29,30,0,0,4,4,1,1,0.015417639557754822,0.020458525,0.005040885488951378
158.csv;08:03:23.048-2024/12/06;755;1,755,635,1,3,0,0,11,10,28,32,0,0,4,4,0,0,0.015417639557754822,0.020452246,0.00503460651215332
157.csv;04:06:10.762-2024/10/29;847;1,847,986,1,0,1,1,14,14,18,26,1,1,2,2,1,1,0.015417639557754822,0.020446498,0.0050288583892227935
101.csv;10:06:00.418-2024/09/06;817;7,817,867,7,8,1,1,12,12,24,27,1,1,2,2,1,1,0.015417639557754822,0.020441262,0.005023622493708305
157.csv;04:06:10.891-2024/10/29;860;0,860,917,0,0,1,1,9,10,18,24,1,1,2,2,1,1,0.015417639557754822,0.020436566,0.005018926765287094
160.csv;07:52:19.827-2024/12/05;485;5,485,528,5,4,0,0,1,4,29,29,0,0,4,4,0,0,0.015417639557754822,0.0204287,0.005011060814821892
160.csv;08:46:08.263-2024/12/05;769;0,769,631,0,3,0,0,11,10,29,28,0,0,4,4,1,1,0.015417639557754822,0.020426769,0.005009129251802139
160.csv;07:44:42.115-2024/12/05;793;16,793,860,16,14,0,0,2,5,28,31,0,0,3,3,1,1,0.015417639557754822,0.02042473,0.005007089655363731
160.csv;08:23:08.115-2024/12/05;994;0,994,689,0,3,0,0,6,8,28,28,0,0,4,4,0,0,0.015417639557754822,0.020423714,0.0050060745137574005
160.csv;08:48:55.783-2024/12/05;113;5,113,62,5,5,0,0,10,11,30,31,1,1,2,2,1,1,0.015417639557754822,0.020420283,0.005002643521392517
160.csv;07:53:23.740-2024/12/05;732;5,732,626,5,5,0,0,13,11,28,29,0,0,4,4,1,1,0.015417639557754822,0.020417774,0.005000134538376503
160.csv;08:55:15.445-2024/12/05;191;10,191,185,10,10,0,0,4,6,30,31,1,1,3,3,0,0,0.015417639557754822,0.020414682,0.0049970425474287795
160.csv;07:30:20.861-2024/12/05;684;6,684,662,6,5,0,0,11,10,28,31,0,0,4,3,1,1,0.015417639557754822,0.020414146,0.004996506105625801
160.csv;09:17:31.297-2024/12/05;656;18,656,661,18,15,0,0,2,5,29,29,0,0,3,3,1,1,0.015417639557754822,0.020412458,0.004994818549120598
160.csv;09:17:42.852-2024/12/05;788;10,788,729,10,9,0,0,9,8,29,31,0,0,4,4,1,1,0.015417639557754822,0.020404153,0.004986513014400177
160.csv;07:13:06.493-2024/12/05;671;10,671,606,10,8,0,0,1,5,29,30,0,0,4,4,0,0,0.015417639557754822,0.020390218,0.00497257856603878
160.csv;06:58:31.950-2024/12/05;257;1,257,357,1,3,0,0,2,5,28,29,0,0,4,4,1,1,0.015417639557754822,0.020389747,0.004972107316816025
160.csv;09:40:18.086-2024/12/05;119;15,119,340,15,11,0,0,3,6,30,30,0,0,4,4,1,1,0.015417639557754822,0.020387683,0.004970043505990677
160.csv;07:53:23.895-2024/12/05;747;15,747,659,15,10,0,0,12,10,28,30,0,0,4,4,1,1,0.015417639557754822,0.020374782,0.004957142825687103
155.csv;03:42:59.762-2024/10/29;1011;1,1011,834,1,4,0,0,15,12,28,26,1,1,4,4,0,0,0.015417639557754822,0.020371791,0.004954151417577438
160.csv;09:26:15.994-2024/12/05;902;10,902,685,10,8,0,0,4,6,31,32,0,0,4,4,0,0,0.015417639557754822,0.020367894,0.004950254763925247
160.csv;08:14:39.131-2024/12/05;271;10,271,403,10,8,0,0,4,6,28,30,0,0,4,4,0,0,0.015417639557754822,0.020366935,0.004949295501673393
160.csv;07:14:00.295-2024/12/05;931;10,931,739,10,7,0,0,4,6,28,29,0,0,4,4,1,1,0.015417639557754822,0.020366438,0.0049487981754185485
160.csv;09:17:37.547-2024/12/05;258;0,258,331,0,3,0,0,8,8,30,32,0,0,4,4,1,1,0.015417639557754822,0.020363562,0.004945922251308136
160.csv;09:03:22.585-2024/12/05;777;10,777,719,10,8,0,0,5,6,29,31,0,0,4,4,0,0,0.015417639557754822,0.02035599,0.004938350598776512
158.csv;08:10:50.069-2024/12/06;401;1,401,495,1,3,0,0,8,9,28,31,0,0,4,4,1,1,0.015417639557754822,0.020351155,0.0049335151719691085
160.csv;09:10:56.451-2024/12/05;84;1,84,216,1,3,0,0,7,8,30,31,0,0,4,3,1,1,0.015417639557754822,0.020345671,0.004928031544649773
160.csv;07:38:43.729-2024/12/05;795;5,795,840,5,4,0,0,11,12,30,31,1,1,2,2,1,1,0.015417639557754822,0.020345198,0.004927558432781868
158.csv;08:11:33.888-2024/12/06;687;0,687,594,0,3,0,0,5,7,29,31,0,0,4,4,0,0,0.015417639557754822,0.020343358,0.004925718139374428
160.csv;06:58:30.808-2024/12/05;142;15,142,293,15,10,0,0,8,8,28,32,0,0,4,3,1,1,0.015417639557754822,0.02034118,0.004923540707194977
158.csv;08:03:23.938-2024/12/06;844;5,844,696,5,5,0,0,14,11,28,29,0,0,4,4,0,0,0.015417639557754822,0.020339536,0.004921895991528206
160.csv;08:07:59.416-2024/12/05;236;0,236,165,0,0,0,0,9,11,28,31,1,1,2,2,1,1,0.015417639557754822,0.020338029,0.004920389111602478
160.csv;09:33:02.356-2024/12/05;579;0,579,564,0,3,0,0,9,8,30,32,0,0,4,4,0,0,0.015417639557754822,0.020337068,0.004919427986705475
160.csv;08:46:07.160-2024/12/05;658;16,658,583,16,10,0,0,8,9,28,31,0,0,4,4,0,0,0.015417639557754822,0.020336043,0.004918403531873398
160.csv;08:23:07.184-2024/12/05;901;5,901,702,5,5,0,0,8,8,28,30,0,0,4,4,1,1,0.015417639557754822,0.02032856,0.004910921286308937
160.csv;08:38:46.473-2024/12/05;622;5,622,565,5,6,0,0,12,10,28,29,0,0,4,4,1,1,0.015417639557754822,0.020327358,0.004909718017542534
160.csv;07:36:46.841-2024/12/05;370;10,370,438,10,8,0,0,1,5,30,30,0,0,4,4,0,0,0.015417639557754822,0.020326812,0.004909172262513809
160.csv;08:15:37.920-2024/12/05;6;10,6,258,10,8,0,0,14,13,28,30,1,1,3,3,1,1,0.015417639557754822,0.020322036,0.004904396440351181
157.csv;04:04:21.561-2024/10/29;167;0,167,270,0,4,1,0,8,8,28,29,1,1,4,4,0,0,0.015417639557754822,0.020312766,0.0048951260554434585
160.csv;07:13:36.320-2024/12/05;582;0,582,537,0,2,0,0,13,11,29,30,0,0,4,4,1,1,0.015417639557754822,0.020307545,0.004889905061090164
158.csv;08:03:22.761-2024/12/06;726;5,726,652,5,4,0,0,4,6,30,29,0,0,4,4,1,1,0.015417639557754822,0.020307317,0.004889677818381958
160.csv;07:44:39.988-2024/12/05;581;1,581,572,1,3,0,0,3,6,28,31,0,0,4,4,0,0,0.015417639557754822,0.020302251,0.00488461142357605
136.csv;18:51:52.656-2024/01/16;992;10,992,1092,10,9,1,1,0,1,18,26,1,1,2,2,1,1,0.015417639557754822,0.020300644,0.004883003960812263
160.csv;09:34:08.480-2024/12/05;23;5,23,269,5,5,0,0,15,12,29,30,0,0,3,3,1,1,0.015417639557754822,0.020288214,0.004870574529731445
160.csv;08:03:22.560-2024/12/05;198;10,198,120,10,10,0,0,7,8,30,32,1,1,2,2,0,0,0.015417639557754822,0.020285899,0.004868259261810951
160.csv;09:34:10.593-2024/12/05;234;10,234,351,10,7,0,0,5,7,29,31,0,0,4,4,0,0,0.015417639557754822,0.020279173,0.004861533250177078
160.csv;09:17:34.357-2024/12/05;963;0,963,773,0,3,0,0,11,9,29,31,0,0,4,4,1,1,0.015417639557754822,0.020265674,0.0048480346607806014
160.csv;08:07:59.278-2024/12/05;222;5,222,279,5,6,0,0,9,10,28,31,0,0,4,3,1,1,0.015417639557754822,0.020257646,0.004840006660187416
160.csv;08:47:33.844-2024/12/05;111;5,111,41,5,5,0,0,5,5,30,30,1,1,2,2,1,1,0.015417639557754822,0.02025441,0.004836771245563202
160.csv;09:10:52.176-2024/12/05;680;15,680,661,15,11,0,0,5,7,29,30,0,0,4,3,0,0,0.015417639557754822,0.02025296,0.004835320244991951
158.csv;08:03:32.096-2024/12/06;636;1,636,604,1,4,0,0,13,11,29,31,0,0,4,4,1,1,0.015417639557754822,0.020247329,0.004829689468705826
101.csv;09:54:32.822-2024/09/06;666;0,666,784,0,-1,1,1,11,11,24,29,1,1,2,2,1,1,0.015417639557754822,0.020237168,0.004819528739416771
158.csv;08:18:12.346-2024/12/06;596;16,596,595,16,17,0,0,2,2,28,31,1,1,2,3,0,0,0.015417639557754822,0.020234356,0.004816716145241432
158.csv;08:03:23.011-2024/12/06;751;6,751,625,6,5,0,0,11,10,28,32,0,0,4,4,1,1,0.015417639557754822,0.020233296,0.00481565630015152
160.csv;09:01:01.058-2024/12/05;960;15,960,757,15,9,0,0,7,8,28,31,0,0,4,4,0,0,0.015417639557754822,0.020232935,0.004815294946992569
160.csv;07:15:16.932-2024/12/05;403;10,403,479,10,7,0,0,3,6,31,32,0,0,4,4,0,0,0.015417639557754822,0.020231694,0.004814054425323181
160.csv;09:26:19.198-2024/12/05;199;5,199,381,5,5,0,0,3,6,29,29,0,0,4,4,0,0,0.015417639557754822,0.020229407,0.0048117670970799255
160.csv;09:41:12.837-2024/12/05;475;1,475,422,1,3,0,0,6,7,30,32,0,0,4,4,0,0,0.015417639557754822,0.02022391,0.004806270431244545
158.csv;08:11:34.248-2024/12/06;723;5,723,636,5,5,0,0,2,5,28,29,0,0,4,4,1,1,0.015417639557754822,0.020217424,0.004799784700834923
160.csv;07:36:52.375-2024/12/05;923;15,923,797,15,10,0,0,15,12,29,28,1,1,4,4,1,1,0.015417639557754822,0.020215295,0.004797655697429352
160.csv;08:46:07.194-2024/12/05;662;0,662,583,0,3,0,0,3,7,28,29,0,0,4,4,1,1,0.015417639557754822,0.020211603,0.004793963934743576
160.csv;09:41:12.910-2024/12/05;482;10,482,507,10,9,0,0,5,6,29,31,0,0,4,4,1,1,0.015417639557754822,0.020201532,0.004783892612421684
157.csv;04:04:22.101-2024/10/29;221;0,221,325,0,4,1,0,12,10,29,29,1,1,4,4,0,0,0.015417639557754822,0.020197624,0.004779984782898598
160.csv;08:07:58.719-2024/12/05;166;10,166,374,10,9,0,0,6,7,28,31,0,0,4,4,1,1,0.015417639557754822,0.020195456,0.004777816663944893
160.csv;07:30:22.493-2024/12/05;847;10,847,718,10,7,0,0,8,8,28,31,0,0,4,4,0,0,0.015417639557754822,0.0201934,0.004775760303700142
160.csv;06:58:28.636-2024/12/05;949;10,949,763,10,8,0,0,10,10,28,29,0,0,4,4,1,1,0.015417639557754822,0.020190688,0.004773048292362862
158.csv;08:11:33.773-2024/12/06;675;11,675,601,11,8,0,0,4,6,30,32,0,0,4,4,0,0,0.015417639557754822,0.020189939,0.004772299509012871
160.csv;07:59:32.411-2024/12/05;735;11,735,747,11,9,0,0,4,5,28,31,1,1,3,3,1,1,0.015417639557754822,0.020188423,0.004770783315861397
101.csv;09:55:17.712-2024/09/06;34;8,34,5,8,8,1,1,13,13,20,27,1,1,2,2,0,0,0.015417639557754822,0.020185819,0.004768179337942772
160.csv;06:49:37.114-2024/12/05;21;5,21,366,5,4,0,0,2,6,28,29,1,1,4,4,0,0,0.015417639557754822,0.020184752,0.0047671120422722625
160.csv;09:32:51.741-2024/12/05;541;10,541,543,10,8,0,0,4,5,30,32,0,0,4,4,1,1,0.015417639557754822,0.02018018,0.00476254111107605
157.csv;04:04:21.381-2024/10/29;149;1,149,190,1,3,1,1,11,10,28,29,1,1,3,3,1,1,0.015417639557754822,0.0201719,0.004754259790742569
157.csv;04:06:10.887-2024/10/29;859;8,859,908,8,8,1,1,15,15,19,28,1,1,2,2,0,0,0.015417639557754822,0.020166632,0.004748992230260544
136.csv;18:52:04.364-2024/01/16;115;10,115,270,10,7,1,1,7,8,21,28,1,1,4,4,1,1,0.015417639557754822,0.02014893,0.004731289650762253
157.csv;04:04:21.810-2024/10/29;192;0,192,185,0,2,1,1,15,14,0,7,1,1,2,2,1,1,0.015417639557754822,0.020147214,0.004729574154579811
160.csv;08:23:06.950-2024/12/05;877;10,877,710,10,8,0,0,9,9,28,30,0,0,4,4,0,0,0.015417639557754822,0.020146897,0.004729257504904442
160.csv;07:16:04.098-2024/12/05;0;0,0,3,0,1,0,0,0,2,30,30,1,1,2,2,0,0,0.015417639557754822,0.020146828,0.00472918858703392
160.csv;08:38:41.688-2024/12/05;143;15,143,269,15,10,0,0,5,7,28,30,0,0,4,3,1,1,0.015417639557754822,0.020145807,0.004728167857492142
160.csv;09:41:07.198-2024/12/05;935;5,935,986,5,3,0,0,11,11,31,31,1,1,2,2,1,1,0.015417639557754822,0.020145059,0.004727419074142151
160.csv;06:58:26.611-2024/12/05;747;5,747,661,5,6,0,0,6,7,28,32,0,0,4,4,1,1,0.015417639557754822,0.020135948,0.004718308876717262
160.csv;07:46:19.134-2024/12/05;255;15,255,162,15,15,0,0,7,8,30,32,1,1,2,2,0,0,0.015417639557754822,0.02012995,0.0047123111593367385
160.csv;08:38:46.446-2024/12/05;619;10,619,631,10,8,0,0,4,5,28,30,0,0,4,4,1,1,0.015417639557754822,0.02012846,0.004710821043217354
160.csv;09:18:53.725-2024/12/05;707;10,707,673,10,8,0,0,11,10,29,33,1,1,3,3,1,1,0.015417639557754822,0.020125663,0.004708023350203209
160.csv;09:10:10.438-2024/12/05;602;15,602,625,15,11,0,0,12,11,29,29,0,0,4,4,1,1,0.015417639557754822,0.020124022,0.004706382359826736
160.csv;08:09:30.326-2024/12/05;111;5,111,45,5,4,0,0,9,10,31,32,1,1,2,2,1,1,0.015417639557754822,0.020120585,0.004702945779526405
160.csv;09:09:57.655-2024/12/05;348;10,348,422,10,8,0,0,12,11,29,30,0,0,4,4,0,0,0.015417639557754822,0.020119803,0.004702163468563728
160.csv;09:26:13.878-2024/12/05;691;0,691,635,0,3,0,0,7,8,31,32,0,0,4,4,0,0,0.015417639557754822,0.020113923,0.004696283097827606
160.csv;09:17:37.547-2024/12/05;257;15,257,347,15,10,0,0,7,8,30,31,0,0,4,4,1,1,0.015417639557754822,0.020110128,0.004692488889658623
160.csv;08:15:35.318-2024/12/05;770;11,770,725,11,8,0,0,12,11,28,31,0,0,4,4,1,1,0.015417639557754822,0.020109704,0.004692064206564598
160.csv;06:59:20.350-2024/12/05;1001;1,1001,883,1,3,0,0,10,9,28,30,1,1,3,3,1,1,0.015417639557754822,0.020105354,0.004687714930141144
160.csv;08:15:35.442-2024/12/05;783;0,783,624,0,3,0,0,10,9,28,30,0,0,4,4,0,0,0.015417639557754822,0.020102419,0.004684779401385956
158.csv;08:03:31.158-2024/12/06;542;6,542,497,6,6,0,0,4,6,29,31,0,0,4,4,0,0,0.015417639557754822,0.020102382,0.004684742148482971
160.csv;07:38:46.873-2024/12/05;85;15,85,76,15,14,0,0,8,8,29,30,1,1,2,2,1,1,0.015417639557754822,0.020098576,0.004680936764443092
160.csv;07:52:54.845-2024/12/05;914;15,914,746,15,10,0,0,9,9,28,29,0,0,4,4,1,1,0.015417639557754822,0.020096345,0.004678705315554314
160.csv;07:14:06.221-2024/12/05;500;5,500,463,5,5,0,0,2,5,28,26,0,0,4,4,1,1,0.015417639557754822,0.020095775,0.004678135346138649
160.csv;09:26:16.046-2024/12/05;907;15,907,817,15,10,0,0,0,5,31,30,1,1,4,4,1,1,0.015417639557754822,0.020095274,0.004677634294593506
160.csv;08:46:07.244-2024/12/05;667;5,667,637,5,5,0,0,15,11,28,30,0,0,4,4,1,1,0.015417639557754822,0.020093566,0.004675926248991661
160.csv;08:15:35.227-2024/12/05;761;10,761,681,10,8,0,0,12,10,28,31,0,0,4,4,1,1,0.015417639557754822,0.020093312,0.004675672929251366
160.csv;09:18:42.008-2024/12/05;560;0,560,500,0,4,0,0,11,10,30,29,0,0,4,4,0,0,0.015417639557754822,0.020086268,0.004668628405296974
101.csv;10:03:40.911-2024/09/06;179;0,179,111,0,0,1,1,11,11,23,29,1,1,2,2,1,1,0.015417639557754822,0.020085016,0.004667376707756691
160.csv;09:10:56.413-2024/12/05;80;10,80,258,10,7,0,0,5,7,30,29,0,0,4,4,0,0,0.015417639557754822,0.020081095,0.00466345583971756
157.csv;04:04:21.946-2024/10/29;205;6,205,226,6,6,1,1,13,11,28,31,1,1,3,3,1,1,0.015417639557754822,0.02007939,0.004661749656760864
157.csv;04:04:21.207-2024/10/29;131;8,131,67,8,9,1,1,14,14,9,15,1,1,2,2,1,1,0.015417639557754822,0.020071372,0.004653732832038574
160.csv;09:17:31.253-2024/12/05;652;11,652,635,11,8,0,0,4,6,29,31,0,0,4,4,1,1,0.015417639557754822,0.020070368,0.004652728866303139
160.csv;09:26:42.562-2024/12/05;487;12,487,537,12,8,0,0,6,7,29,32,0,0,4,4,0,0,0.015417639557754822,0.020069268,0.004651628043019943
160.csv;09:26:47.386-2024/12/05;970;0,970,997,0,-1,0,0,4,4,30,31,1,1,2,2,0,0,0.015417639557754822,0.020066772,0.004649132098519974
160.csv;07:53:31.281-2024/12/05;462;10,462,515,10,8,0,0,8,9,29,31,1,1,3,3,0,0,0.015417639557754822,0.020059908,0.004642268251145058
160.csv;06:43:16.930-2024/12/05;915;0,915,739,0,3,0,0,10,9,28,29,0,0,4,4,0,0,0.015417639557754822,0.020050544,0.004632904733979874
160.csv;07:14:05.061-2024/12/05;384;0,384,444,0,3,0,0,11,10,30,32,0,0,4,4,1,1,0.015417639557754822,0.020048307,0.004630667697155647
160.csv;07:23:55.910-2024/12/05;77;5,77,33,5,4,0,0,11,12,30,30,1,1,2,2,1,1,0.015417639557754822,0.020048112,0.004630472119414978
160.csv;08:07:59.254-2024/12/05;220;0,220,351,0,3,0,0,7,8,28,31,0,0,4,4,1,1,0.015417639557754822,0.020043895,0.004626255090797119
160.csv;09:34:13.896-2024/12/05;565;0,565,577,0,3,0,0,5,7,29,32,0,0,4,4,1,1,0.015417639557754822,0.020043043,0.0046254038619639205
160.csv;07:38:26.034-2024/12/05;49;15,49,278,15,9,0,0,7,8,31,31,1,1,4,4,1,1,0.015417639557754822,0.02003742,0.004619780536258392
160.csv;07:36:47.831-2024/12/05;469;10,469,514,10,7,0,0,2,5,28,31,0,0,4,4,1,1,0.015417639557754822,0.020032102,0.004614462684357338
160.csv;06:51:10.376-2024/12/05;131;15,131,198,15,12,0,0,3,5,28,31,1,1,3,3,1,1,0.015417639557754822,0.02003163,0.004613989572489433
158.csv;08:11:34.204-2024/12/06;718;15,718,609,15,10,0,0,13,11,28,30,0,0,4,4,1,1,0.015417639557754822,0.020028912,0.004611271973216705
160.csv;08:23:08.363-2024/12/05;1019;0,1019,739,0,3,0,0,0,4,28,30,0,0,4,3,0,0,0.015417639557754822,0.020023039,0.00460539905306118
160.csv;09:26:11.818-2024/12/05;485;5,485,537,5,4,0,0,9,8,31,32,0,0,4,4,0,0,0.015417639557754822,0.020021845,0.004604205097520523
160.csv;07:36:48.962-2024/12/05;582;6,582,547,6,6,0,0,14,11,28,30,0,0,4,4,0,0,0.015417639557754822,0.020020137,0.004602497051918678
101.csv;10:04:19.826-2024/09/06;998;5,998,835,5,6,1,1,14,11,31,30,1,1,4,4,0,0,0.015417639557754822,0.020017214,0.004599574561679535
160.csv;09:34:13.818-2024/12/05;557;0,557,484,0,4,0,0,13,10,29,31,0,0,4,4,0,0,0.015417639557754822,0.02001577,0.004598131011688881
160.csv;06:58:32.555-2024/12/05;317;10,317,407,10,7,0,0,4,6,28,30,0,0,4,4,1,1,0.015417639557754822,0.020014321,0.004596681873762779
158.csv;08:03:27.281-2024/12/06;154;5,154,267,5,5,0,0,3,4,29,30,1,1,3,3,1,1,0.015417639557754822,0.020014234,0.004596594329440765
160.csv;07:30:54.507-2024/12/05;976;15,976,833,15,10,0,0,6,7,30,31,1,1,4,4,0,0,0.015417639557754822,0.020012267,0.004594627376163177
160.csv;07:30:23.401-2024/12/05;938;5,938,740,5,5,0,0,3,6,28,31,0,0,4,4,0,0,0.015417639557754822,0.02001171,0.004594070445263557
157.csv;04:12:18.568-2024/10/29;764;5,764,830,5,5,0,0,15,15,23,28,1,1,2,2,1,1,0.015417639557754822,0.02001147,0.004593830164039307
160.csv;09:34:13.792-2024/12/05;554;10,554,511,10,8,0,0,3,5,29,31,0,0,4,4,1,1,0.015417639557754822,0.020011157,0.004593517239654236
155.csv;03:59:36.260-2024/10/29;309;0,309,193,0,2,0,0,15,14,14,20,1,1,2,2,0,0,0.015417639557754822,0.020010179,0.0045925393509508895
160.csv;09:34:13.758-2024/12/05;551;0,551,483,0,4,0,0,12,9,29,31,0,0,4,4,0,0,0.015417639557754822,0.020003537,0.004585897158348732
160.csv;08:38:46.576-2024/12/05;632;6,632,572,6,6,0,0,12,10,28,31,0,0,4,4,0,0,0.015417639557754822,0.01999978,0.004582140203082733
160.csv;09:41:37.290-2024/12/05;872;10,872,762,10,8,0,0,4,6,30,30,0,0,4,4,0,0,0.015417639557754822,0.019999031,0.004581391419732742
158.csv;08:10:48.688-2024/12/06;263;0,263,406,0,3,0,0,8,9,28,32,0,0,4,4,0,0,0.015417639557754822,0.019995417,0.004577777888143234
160.csv;09:10:13.583-2024/12/05;917;11,917,978,11,10,0,0,4,4,30,31,1,1,2,2,0,0,0.015417639557754822,0.01999391,0.004576271008217506
160.csv;08:03:24.235-2024/12/05;365;16,365,350,16,15,0,0,6,6,30,31,1,1,2,2,1,1,0.015417639557754822,0.019993791,0.0045761517989279556
160.csv;09:09:57.608-2024/12/05;344;0,344,387,0,2,0,0,10,9,30,32,0,0,4,3,0,0,0.015417639557754822,0.01999012,0.004572480525338821
157.csv;04:18:10.850-2024/10/29;152;2,152,117,2,0,1,1,11,12,27,31,1,1,2,2,1,1,0.015417639557754822,0.019989185,0.004571545477473907
157.csv;04:04:22.300-2024/10/29;241;2,241,300,2,3,1,1,8,8,29,31,1,1,3,4,0,0,0.015417639557754822,0.019988906,0.004571266080701523
157.csv;04:04:21.384-2024/10/29;149;4,149,254,4,5,1,0,14,12,28,28,1,1,4,4,1,1,0.015417639557754822,0.019981848,0.004564208518231087
160.csv;09:32:50.740-2024/12/05;441;6,441,449,6,6,0,0,0,1,29,31,1,1,3,3,0,0,0.015417639557754822,0.019971186,0.004553546737396889
160.csv;09:32:51.732-2024/12/05;540;10,540,525,10,7,0,0,14,11,30,30,0,0,4,4,0,0,0.015417639557754822,0.019967068,0.004549428428971939
160.csv;08:38:41.841-2024/12/05;158;15,158,200,15,12,0,0,1,4,28,31,1,1,3,3,0,0,0.015417639557754822,0.019953568,0.004535927976930313
160.csv;08:38:27.633-2024/12/05;786;5,786,741,5,4,0,0,5,6,29,29,0,0,4,4,1,1,0.015417639557754822,0.019953078,0.004535438101256065
160.csv;07:53:23.680-2024/12/05;726;5,726,648,5,5,0,0,5,7,29,31,0,0,4,4,0,0,0.015417639557754822,0.019952329,0.0045346893179060745
101.csv;10:06:17.007-2024/09/06;428;8,428,408,8,7,1,1,15,14,22,28,0,0,2,2,0,0,0.015417639557754822,0.019948218,0.004530578460061722
160.csv;06:58:33.213-2024/12/05;383;10,383,435,10,8,0,0,12,10,28,30,0,0,4,4,1,1,0.015417639557754822,0.019948091,0.004530451800191574
160.csv;07:14:06.225-2024/12/05;500;10,500,498,10,8,0,0,3,5,28,29,0,0,4,4,0,0,0.015417639557754822,0.019940834,0.00452319493469017
160.csv;07:13:59.130-2024/12/05;815;5,815,740,5,5,0,0,10,10,28,31,0,0,4,4,0,0,0.015417639557754822,0.019940203,0.004522563497984581
160.csv;08:22:17.692-2024/12/05;47;16,47,204,16,11,0,0,13,12,29,30,1,1,4,4,0,0,0.015417639557754822,0.01993537,0.004517729933822327
160.csv;08:38:38.498-2024/12/05;848;10,848,688,10,8,0,0,3,7,28,30,0,0,4,4,0,0,0.015417639557754822,0.019933661,0.004516021888220482
160.csv;07:14:41.299-2024/12/05;936;0,936,767,0,3,0,0,8,8,30,30,0,0,4,4,0,0,0.015417639557754822,0.01993124,0.004513600449526482
160.csv;07:13:59.394-2024/12/05;841;11,841,880,11,11,0,0,9,10,28,31,1,1,2,2,1,1,0.015417639557754822,0.01992976,0.004512119646632843
160.csv;07:44:39.728-2024/12/05;555;0,555,525,0,4,0,0,12,11,29,32,0,0,4,4,1,1,0.015417639557754822,0.019928636,0.004510996471607857
160.csv;09:10:10.336-2024/12/05;592;16,592,561,16,10,0,0,4,7,29,31,0,0,4,3,1,1,0.015417639557754822,0.019925969,0.004508329163754158
160.csv;08:55:06.589-2024/12/05;329;15,329,345,15,16,0,0,1,0,29,30,1,1,2,2,0,0,0.015417639557754822,0.019920744,0.004503104444110565
160.csv;08:07:58.821-2024/12/05;176;10,176,360,10,8,0,0,10,9,28,31,0,0,4,4,1,1,0.015417639557754822,0.019917315,0.004499675314390831
160.csv;09:26:16.034-2024/12/05;906;10,906,709,10,8,0,0,8,8,31,31,0,0,4,4,0,0,0.015417639557754822,0.019914614,0.004496974478924446
160.csv;09:34:08.441-2024/12/05;19;10,19,109,10,9,0,0,15,13,30,31,0,0,3,2,0,0,0.015417639557754822,0.019912645,0.004495005663001709
157.csv;04:14:07.766-2024/10/29;419;7,419,426,7,7,1,1,9,10,19,27,1,1,2,2,1,1,0.015417639557754822,0.019910486,0.00449284685727375
155.csv;03:44:59.911-2024/10/29;738;0,738,802,0,-1,1,1,12,13,14,23,1,1,1,1,1,1,0.015417639557754822,0.01990884,0.00449120027896183
160.csv;09:40:27.104-2024/12/05;1021;15,1021,892,15,11,0,0,2,4,30,30,1,1,3,3,0,0,0.015417639557754822,0.019899804,0.004482164587342911
160.csv;08:38:38.602-2024/12/05;859;0,859,729,0,2,0,0,6,7,28,29,0,0,4,4,1,1,0.015417639557754822,0.019898264,0.004480624179804497
160.csv;08:54:55.962-2024/12/05;291;5,291,238,5,5,0,0,0,1,30,32,1,1,2,2,0,0,0.015417639557754822,0.01989513,0.00447749121066349
157.csv;04:04:21.502-2024/10/29;161;2,161,222,2,5,1,1,15,11,28,27,1,1,4,4,1,1,0.015417639557754822,0.01989318,0.004475541021192245
160.csv;08:17:53.310-2024/12/05;233;15,233,324,15,10,0,0,2,5,30,32,1,1,4,4,1,1,0.015417639557754822,0.019888543,0.00447090303477066
158.csv;08:03:23.090-2024/12/06;759;6,759,666,6,6,0,0,14,11,28,29,0,0,4,4,1,1,0.015417639557754822,0.019883974,0.004466333966219597
160.csv;07:51:27.032-2024/12/05;325;15,325,360,15,13,0,0,8,9,29,30,1,1,3,3,1,1,0.015417639557754822,0.019882366,0.0044647265034558105
160.csv;08:17:22.765-2024/12/05;251;5,251,168,5,5,0,0,9,10,31,32,1,1,2,2,1,1,0.015417639557754822,0.019881606,0.004463966544234924
160.csv;08:09:21.850-2024/12/05;287;8,287,295,8,9,0,0,6,7,29,32,1,1,3,3,0,0,0.015417639557754822,0.019880585,0.004462945814693146
160.csv;09:41:41.478-2024/12/05;267;5,267,203,5,5,0,0,5,5,31,33,1,1,2,2,1,1,0.015417639557754822,0.019880123,0.004462483878696136
157.csv;04:18:05.543-2024/10/29;645;6,645,652,6,6,1,1,14,13,31,31,1,1,3,3,1,1,0.015417639557754822,0.01987332,0.004455679635965996
158.csv;08:11:33.938-2024/12/06;692;1,692,624,1,3,0,0,4,6,29,31,0,0,4,4,1,1,0.015417639557754822,0.019869072,0.004451432805025749
160.csv;08:14:43.541-2024/12/05;712;10,712,732,10,9,0,0,11,12,28,31,1,1,3,3,0,0,0.015417639557754822,0.019866088,0.004448448847496681
160.csv;09:34:10.590-2024/12/05;234;7,234,351,7,6,0,0,4,7,29,30,0,0,4,4,0,0,0.015417639557754822,0.019864785,0.0044471449958922195
160.csv;09:25:10.129-2024/12/05;460;5,460,505,5,4,0,0,4,6,28,32,1,1,3,3,0,0,0.015417639557754822,0.019863361,0.004445721934998207
160.csv;07:23:54.323-2024/12/05;942;10,942,859,10,9,0,0,11,11,30,30,1,1,3,4,0,0,0.015417639557754822,0.019859858,0.004442218299472504
160.csv;09:17:43.955-2024/12/05;898;12,898,801,12,9,0,0,9,9,29,32,0,0,4,4,1,1,0.015417639557754822,0.01985907,0.004441430400574379
160.csv;08:07:58.747-2024/12/05;169;5,169,398,5,6,0,0,12,10,28,29,0,0,4,4,0,0,0.015417639557754822,0.019858224,0.004440584759676628
157.csv;04:04:21.909-2024/10/29;202;0,202,328,0,4,1,1,14,11,28,28,1,1,4,4,0,0,0.015417639557754822,0.019856062,0.004438422228658371
160.csv;07:22:25.962-2024/12/05;298;10,298,424,10,7,0,0,4,7,28,30,0,0,4,4,0,0,0.015417639557754822,0.019854132,0.004436492528283768
101.csv;10:08:09.322-2024/09/06;396;2,396,397,2,3,1,1,10,11,31,32,1,1,3,3,1,1,0.015417639557754822,0.019843943,0.004426303859317474
101.csv;10:09:20.082-2024/09/06;304;0,304,307,0,0,1,1,8,8,23,30,1,1,2,2,1,1,0.015417639557754822,0.019840557,0.004422917570436172
101.csv;10:08:36.889-2024/09/06;81;0,81,321,0,4,1,1,7,8,31,29,1,1,4,4,1,1,0.015417639557754822,0.0198376,0.004419959689939194
160.csv;09:03:19.153-2024/12/05;434;10,434,467,10,8,0,0,13,11,29,30,0,0,4,4,1,1,0.015417639557754822,0.019835548,0.00441790891762989
160.csv;07:22:26.055-2024/12/05;307;10,307,414,10,7,0,0,8,8,28,29,0,0,4,4,1,1,0.015417639557754822,0.019824011,0.004406371693575554
155.csv;03:42:50.114-2024/10/29;46;1,46,218,1,4,1,1,12,11,29,28,1,1,4,4,1,1,0.015417639557754822,0.01982033,0.0044026911067606735
160.csv;06:57:52.536-2024/12/05;411;10,411,423,10,10,0,0,3,5,29,32,1,1,3,3,0,0,0.015417639557754822,0.01981735,0.004399710874521904
160.csv;06:43:51.482-2024/12/05;274;2,274,451,2,4,0,0,11,10,28,31,0,0,4,4,1,1,0.015417639557754822,0.019815356,0.004397715981567078
160.csv;08:46:54.081-2024/12/05;230;15,230,350,15,9,0,0,0,5,30,32,1,1,4,4,0,0,0.015417639557754822,0.019811723,0.004394083823526077
160.csv;09:40:32.858-2024/12/05;573;5,573,569,5,4,0,0,5,6,31,33,1,1,2,2,0,0,0.015417639557754822,0.019810049,0.004392409305536919
136.csv;18:51:56.088-2024/01/16;311;19,311,275,19,18,1,1,2,2,18,30,1,1,1,1,0,0,0.015417639557754822,0.019804992,0.0043873522239567565
160.csv;08:07:58.591-2024/12/05;153;10,153,242,10,10,0,0,14,14,29,29,0,0,3,3,1,1,0.015417639557754822,0.019801505,0.004383865352237396
158.csv;08:03:22.833-2024/12/06;733;15,733,651,15,10,0,0,11,10,29,30,0,0,4,4,0,0,0.015417639557754822,0.019786539,0.0043688989984633254
160.csv;09:10:59.660-2024/12/05;405;5,405,407,5,5,0,0,14,12,31,29,0,0,4,4,1,1,0.015417639557754822,0.019784497,0.004366857539379768
160.csv;06:58:33.386-2024/12/05;400;16,400,377,16,13,0,0,8,9,28,32,1,1,3,3,0,0,0.015417639557754822,0.019782472,0.004364832844102554
157.csv;04:04:21.952-2024/10/29;206;2,206,260,2,4,1,1,12,11,28,31,1,1,3,3,1,1,0.015417639557754822,0.01977785,0.004360209758842163
158.csv;08:10:44.738-2024/12/06;892;5,892,721,5,6,0,0,0,4,28,29,0,0,4,4,0,0,0.015417639557754822,0.01977528,0.0043576411711813735
101.csv;09:57:04.556-2024/09/06;479;4,479,496,4,5,1,1,10,11,22,29,1,1,2,2,0,0,0.015417639557754822,0.019775067,0.004357426966989212
160.csv;09:18:39.960-2024/12/05;355;0,355,399,0,4,0,0,9,9,29,30,0,0,4,4,0,0,0.015417639557754822,0.01976809,0.004350451360905342
160.csv;08:23:07.284-2024/12/05;911;0,911,683,0,2,0,0,10,10,28,30,0,0,4,4,1,1,0.015417639557754822,0.019758856,0.004341216366255455
160.csv;07:14:07.369-2024/12/05;615;0,615,577,0,2,0,0,15,14,28,31,1,1,3,3,0,0,0.015417639557754822,0.019756647,0.004339007269108467
101.csv;10:07:55.155-2024/09/06;3;6,3,12,6,7,1,1,13,13,21,26,1,1,2,2,1,1,0.015417639557754822,0.019752096,0.004334456827008896
158.csv;08:03:23.041-2024/12/06;754;7,754,656,7,7,0,0,11,10,28,32,0,0,3,3,0,0,0.015417639557754822,0.019749127,0.004331487770641022
157.csv;04:04:21.226-2024/10/29;133;6,133,223,6,6,1,1,15,11,28,30,1,1,4,4,0,0,0.015417639557754822,0.01974395,0.00432630961712616
160.csv;07:22:53.535-2024/12/05;1007;15,1007,862,15,10,0,0,15,12,28,28,1,1,4,4,1,1,0.015417639557754822,0.01974373,0.00432608982499855
160.csv;08:20:20.112-2024/12/05;577;8,577,627,8,6,1,1,3,3,28,30,1,1,2,2,0,0,0.015417639557754822,0.01973793,0.004320289548003845
160.csv;09:17:03.015-2024/12/05;900;15,900,943,15,15,0,0,11,11,29,30,1,1,2,2,1,1,0.015417639557754822,0.019735688,0.00431804878588932
160.csv;08:10:53.552-2024/12/05;241;15,241,247,15,12,0,0,13,13,30,31,1,1,3,3,1,1,0.015417639557754822,0.019726181,0.0043085418450476455
158.csv;08:11:34.152-2024/12/06;713;10,713,622,10,8,0,0,1,5,28,30,0,0,4,4,1,1,0.015417639557754822,0.019723184,0.004305544849002533
155.csv;03:45:00.454-2024/10/29;792;0,792,821,0,-1,1,1,10,11,17,23,1,1,2,2,1,1,0.015417639557754822,0.019721769,0.004304129238689117
157.csv;04:04:21.229-2024/10/29;134;0,134,262,0,4,1,0,9,9,29,29,1,1,4,4,0,0,0.015417639557754822,0.01971486,0.00429722068783062
160.csv;09:03:22.511-2024/12/05;770;0,770,653,0,3,0,0,4,7,30,31,0,0,4,4,1,1,0.015417639557754822,0.019714037,0.00429639739867466
160.csv;06:43:51.462-2024/12/05;272;5,272,390,5,4,0,0,6,7,28,32,0,0,4,4,0,0,0.015417639557754822,0.019713247,0.004295607637131386
160.csv;08:38:42.021-2024/12/05;177;1,177,257,1,2,0,0,14,13,28,30,1,1,3,3,1,1,0.015417639557754822,0.01970699,0.004289351012075119
160.csv;06:58:31.914-2024/12/05;253;12,253,401,12,9,0,0,8,9,28,30,0,0,4,4,1,1,0.015417639557754822,0.019706275,0.004288635756337814
160.csv;08:15:38.152-2024/12/05;29;15,29,162,15,12,0,0,7,9,28,31,1,1,3,3,0,0,0.015417639557754822,0.019705594,0.004287954028213196
160.csv;07:07:17.798-2024/12/05;617;8,617,637,8,9,1,1,10,10,14,25,1,1,1,1,0,0,0.015417639557754822,0.019704472,0.004286832715833359
160.csv;09:32:46.435-2024/12/05;10;16,10,242,16,11,0,0,10,10,30,30,1,1,4,4,1,1,0.015417639557754822,0.019703683,0.004286042954290085
157.csv;04:04:21.952-2024/10/29;206;3,206,213,3,4,1,1,10,11,28,29,1,1,3,3,1,1,0.015417639557754822,0.019696444,0.004278804715240173
157.csv;04:06:16.503-2024/10/29;397;3,397,459,3,4,1,1,15,13,30,32,1,1,3,3,0,0,0.015417639557754822,0.019693075,0.0042754351901652145
160.csv;06:58:32.388-2024/12/05;301;0,301,282,0,1,0,0,6,8,30,32,1,1,3,3,0,0,0.015417639557754822,0.01968676,0.0042691208231093215
160.csv;06:51:40.889-2024/12/05;110;16,110,211,16,12,0,0,15,14,28,30,1,1,3,3,0,0,0.015417639557754822,0.019685257,0.004267617668473892
136.csv;18:53:45.736-2024/01/16;12;10,12,30,10,10,1,1,15,14,30,31,1,1,2,2,1,1,0.015417639557754822,0.019681014,0.004263374562823944
160.csv;09:33:03.432-2024/12/05;686;10,686,649,10,8,0,0,9,8,31,31,0,0,4,4,0,0,0.015417639557754822,0.019677311,0.004259671624267273
158.csv;08:19:32.327-2024/12/06;403;0,403,439,0,4,0,0,10,9,28,30,0,0,4,4,0,0,0.015417639557754822,0.019671736,0.004254096727335625
160.csv;09:09:57.612-2024/12/05;344;1,344,390,1,4,0,0,11,10,30,31,0,0,4,4,1,1,0.015417639557754822,0.019667152,0.004249512757623367
157.csv;04:14:14.815-2024/10/29;100;17,100,27,17,15,0,0,15,14,31,30,1,1,2,2,0,0,0.015417639557754822,0.019661399,0.004243759046757393
160.csv;07:15:23.852-2024/12/05;71;5,71,34,5,5,0,0,5,5,30,32,1,1,2,2,1,1,0.015417639557754822,0.019661115,0.00424347592469471
160.csv;09:10:56.515-2024/12/05;90;10,90,317,10,9,0,0,7,8,30,31,0,0,3,3,1,1,0.015417639557754822,0.019657405,0.004239765535557442
158.csv;08:11:33.796-2024/12/06;678;0,678,596,0,3,0,0,11,10,30,30,0,0,4,4,0,0,0.015417639557754822,0.019652903,0.00423526352223175
157.csv;04:04:21.521-2024/10/29;163;0,163,274,0,3,1,0,8,8,28,29,1,1,4,4,1,1,0.015417639557754822,0.019646354,0.004228714461887054
160.csv;09:40:18.111-2024/12/05;122;8,122,314,8,7,0,0,7,8,30,31,0,0,4,4,1,1,0.015417639557754822,0.019645913,0.004228273014986687
160.csv;07:48:01.578-2024/12/05;260;0,260,299,0,1,0,0,9,11,28,31,1,1,3,3,0,0,0.015417639557754822,0.019645756,0.004228116552794151
160.csv;07:22:13.287-2024/12/05;54;15,54,243,15,10,0,0,13,11,29,29,1,1,4,4,0,0,0.015417639557754822,0.019642314,0.0042246743845583724
160.csv;09:34:15.946-2024/12/05;770;1,770,670,1,5,0,0,14,11,30,30,0,0,4,4,0,0,0.015417639557754822,0.019641712,0.004224072750175171
158.csv;08:12:04.389-2024/12/06;665;6,665,606,6,5,0,0,1,4,30,32,0,0,4,4,1,1,0.015417639557754822,0.01963717,0.0042195297586561965
160.csv;09:07:48.113-2024/12/05;706;10,706,735,10,9,0,0,6,7,30,32,1,1,3,3,1,1,0.015417639557754822,0.01963695,0.004219309966528587
160.csv;08:15:35.183-2024/12/05;757;0,757,603,0,4,0,0,6,8,29,31,0,0,4,4,1,1,0.015417639557754822,0.019635687,0.004218047093117409
160.csv;06:51:45.057-2024/12/05;527;15,527,512,15,9,0,0,15,12,28,31,0,0,4,4,0,0,0.015417639557754822,0.019630903,0.004213263820374184
160.csv;07:37:03.008-2024/12/05;963;5,963,945,5,4,0,0,14,13,28,30,1,1,3,3,1,1,0.015417639557754822,0.019630447,0.004212807472312622
160.csv;06:52:18.925-2024/12/05;842;11,842,771,11,8,0,0,9,9,28,31,0,0,4,4,0,0,0.015417639557754822,0.019624982,0.004207342471444778
158.csv;08:03:29.990-2024/12/06;425;5,425,471,5,4,0,0,4,6,30,30,0,0,4,4,1,1,0.015417639557754822,0.019622805,0.004205165039265327
103.csv;04:03:12.556-2024/09/04;904;10,904,857,10,10,0,0,0,1,31,30,0,0,3,3,1,1,0.015417639557754822,0.01961551,0.004197870920860939
160.csv;09:41:10.760-2024/12/05;267;5,267,375,5,5,0,0,11,10,29,29,0,0,4,4,0,0,0.015417639557754822,0.01961236,0.004194721187913589
160.csv;06:59:48.666-2024/12/05;760;10,760,849,10,10,0,0,9,10,28,29,1,1,2,2,0,0,0.015417639557754822,0.019607536,0.004189896936977081
157.csv;04:04:21.785-2024/10/29;189;6,189,253,6,6,1,1,15,12,28,30,1,1,4,4,0,0,0.015417639557754822,0.01960169,0.004184050093853645
160.csv;09:09:57.562-2024/12/05;339;5,339,375,5,5,0,0,3,5,30,30,0,0,4,4,1,1,0.015417639557754822,0.019601118,0.004183478261792831
160.csv;06:50:35.086-2024/12/05;698;15,698,716,15,15,0,0,12,13,29,32,1,1,2,2,0,0,0.015417639557754822,0.019597545,0.004179905708396606
160.csv;08:38:38.006-2024/12/05;799;5,799,698,5,6,0,0,6,7,28,30,0,0,4,4,0,0,0.015417639557754822,0.019591393,0.0041737533914686965
160.csv;09:17:34.456-2024/12/05;972;12,972,842,12,8,0,0,0,4,29,29,1,1,4,4,1,1,0.015417639557754822,0.019575551,0.004157911594474487
160.csv;08:33:44.329-2024/12/05;103;15,103,64,15,14,0,0,8,8,30,32,1,1,2,2,1,1,0.015417639557754822,0.019574359,0.004156719501578979
160.csv;09:13:03.461-2024/12/05;497;5,497,527,5,4,0,0,10,10,30,34,1,1,3,3,1,1,0.015417639557754822,0.019574242,0.004156602154934578
136.csv;18:53:41.848-2024/01/16;647;16,647,738,16,14,1,1,9,10,18,30,1,1,1,1,1,1,0.015417639557754822,0.019572504,0.004154864307010345
160.csv;09:17:34.370-2024/12/05;964;1,964,749,1,3,0,0,12,10,29,30,0,0,4,4,0,0,0.015417639557754822,0.019570723,0.004153083618247681
157.csv;04:12:16.520-2024/10/29;559;1,559,539,1,1,0,0,9,10,17,25,1,1,2,2,0,0,0.015417639557754822,0.01956823,0.00415058953639286
160.csv;06:51:45.082-2024/12/05;530;1,530,519,1,3,0,0,14,11,28,29,0,0,4,4,0,0,0.015417639557754822,0.01956513,0.00414749009486454
160.csv;07:30:46.563-2024/12/05;182;15,182,297,15,11,0,0,1,4,29,29,1,1,4,4,1,1,0.015417639557754822,0.01956195,0.004144310559594803
160.csv;07:05:25.263-2024/12/05;628;10,628,594,10,8,0,0,11,10,30,31,0,0,4,4,0,0,0.015417639557754822,0.019556047,0.00413840783711689
157.csv;04:04:21.629-2024/10/29;174;0,174,267,0,3,1,0,10,9,28,29,1,1,4,4,1,1,0.015417639557754822,0.019554654,0.004137014578545265
158.csv;08:04:59.911-2024/12/06;201;10,201,121,10,11,0,0,5,5,29,31,1,1,2,2,1,1,0.015417639557754822,0.019547548,0.004129908587300949
160.csv;07:14:06.173-2024/12/05;495;5,495,521,5,5,0,0,6,8,28,30,0,0,4,4,0,0,0.015417639557754822,0.019540988,0.004123348351085358
160.csv;06:43:00.256-2024/12/05;271;10,271,400,10,8,0,0,7,8,28,31,0,0,4,4,0,0,0.015417639557754822,0.019537063,0.004119423757755928
160.csv;07:38:36.988-2024/12/05;121;0,121,244,0,3,0,0,0,4,29,28,1,1,4,4,1,1,0.015417639557754822,0.019536028,0.0041183881270529556
160.csv;09:25:33.677-2024/12/05;766;15,766,646,15,10,0,0,13,11,30,30,0,0,4,4,0,0,0.015417639557754822,0.019534532,0.004116892422998123
158.csv;08:03:19.248-2024/12/06;375;5,375,319,5,5,0,0,12,14,28,30,1,1,2,2,1,1,0.015417639557754822,0.019520225,0.00410258544560688
158.csv;08:03:23.048-2024/12/06;755;2,755,630,2,4,0,0,12,11,28,31,0,0,4,4,1,1,0.015417639557754822,0.019517327,0.004099687169754677
160.csv;09:10:59.660-2024/12/05;405;0,405,453,0,3,0,0,11,9,31,31,0,0,4,4,0,0,0.015417639557754822,0.019510621,0.004092981647217445
160.csv;08:38:41.736-2024/12/05;148;10,148,287,10,7,0,0,11,10,28,29,0,0,4,4,0,0,0.015417639557754822,0.019504728,0.0040870882379652786
160.csv;08:40:45.224-2024/12/05;209;5,209,218,5,6,0,0,0,3,30,30,1,1,4,4,1,1,0.015417639557754822,0.019504707,0.004087067748868637
158.csv;08:17:36.061-2024/12/06;40;5,40,469,5,5,0,0,7,4,0,-3,1,1,0,0,1,1,0.015417639557754822,0.019504206,0.004086566697323494
160.csv;07:14:00.231-2024/12/05;925;6,925,734,6,6,0,0,11,10,29,31,0,0,4,4,0,0,0.015417639557754822,0.019504022,0.00408638229545372
160.csv;07:04:49.765-2024/12/05;150;15,150,314,15,11,0,0,1,4,28,29,1,1,4,4,1,1,0.015417639557754822,0.019503651,0.004086011629069023
136.csv;18:53:39.824-2024/01/16;445;10,445,457,10,11,1,1,9,9,18,28,1,1,1,1,1,1,0.015417639557754822,0.019503176,0.004085536654555969
160.csv;09:10:15.986-2024/12/05;133;10,133,87,10,10,0,0,10,10,30,33,1,1,2,2,1,1,0.015417639557754822,0.019499013,0.004081373642647438
160.csv;07:51:59.952-2024/12/05;545;11,545,544,11,8,0,0,12,11,29,31,0,0,4,4,0,0,0.015417639557754822,0.019498076,0.004080436732137375
158.csv;08:19:32.217-2024/12/06;392;0,392,436,0,3,0,0,5,7,30,31,0,0,4,4,0,0,0.015417639557754822,0.01949475,0.004077110047900848
160.csv;08:23:07.328-2024/12/05;915;5,915,688,5,5,0,0,13,11,28,28,0,0,4,4,1,1,0.015417639557754822,0.019487463,0.004069823380077057
160.csv;07:52:07.364-2024/12/05;262;15,262,381,15,9,0,0,2,5,28,31,1,1,4,4,0,0,0.015417639557754822,0.019486783,0.0040691435145975875
160.csv;09:34:13.830-2024/12/05;558;5,558,514,5,5,0,0,6,8,29,30,0,0,4,4,0,0,0.015417639557754822,0.019485768,0.004068128372991257
101.csv;10:08:09.838-2024/09/06;448;1,448,424,1,-1,0,0,13,14,31,31,1,1,2,2,0,0,0.015417639557754822,0.019480713,0.004063073154056244
160.csv;09:34:08.671-2024/12/05;42;10,42,146,10,8,0,0,12,11,28,30,1,1,3,4,0,0,0.015417639557754822,0.019479986,0.004062346722448044
160.csv;08:16:31.211-2024/12/05;215;15,215,331,15,9,0,0,2,5,30,32,1,1,4,4,1,1,0.015417639557754822,0.019479642,0.004062002133095436
121.csv;21:48:46.691-2024/01/04;522;5,522,518,5,6,0,0,15,11,30,30,0,0,4,4,1,1,0.015417639557754822,0.019469008,0.0040513682919384765
157.csv;04:04:21.542-2024/10/29;165;3,165,299,3,4,1,1,15,11,28,29,1,1,4,4,0,0,0.015417639557754822,0.019468851,0.004051211829745941
157.csv;04:04:22.459-2024/10/29;256;8,256,288,8,8,1,1,11,11,29,32,1,1,3,3,1,1,0.015417639557754822,0.019466227,0.004048587362730675
160.csv;07:45:36.425-2024/12/05;80;15,80,269,15,9,0,0,6,7,29,32,1,1,4,4,0,0,0.015417639557754822,0.019465495,0.004047855343187027
160.csv;09:33:03.423-2024/12/05;685;10,685,661,10,7,0,0,2,6,31,30,0,0,4,4,0,0,0.015417639557754822,0.019462569,0.004044929127657585
160.csv;06:50:32.008-2024/12/05;390;10,390,522,10,7,0,0,12,11,30,32,0,0,4,4,0,0,0.015417639557754822,0.01945832,0.004040680434072189
160.csv;09:10:16.473-2024/12/05;182;10,182,90,10,10,0,0,4,3,30,32,1,1,2,2,1,1,0.015417639557754822,0.019457327,0.004039687644207649
105.csv;11:28:02.951-2024/11/20;929;2,929,879,2,4,1,1,13,11,31,28,1,1,4,4,1,1,0.015417639557754822,0.019456897,0.004039257373178177
160.csv;09:11:38.552-2024/12/05;198;3,198,311,3,5,1,1,13,11,31,30,1,1,4,4,0,0,0.015417639557754822,0.019453665,0.004036025683844261
157.csv;04:06:13.075-2024/10/29;54;5,54,-7,5,6,1,1,12,12,15,22,1,1,2,2,0,0,0.015417639557754822,0.019453477,0.004035837556684189
160.csv;06:58:33.051-2024/12/05;367;0,367,404,0,3,0,0,4,6,28,31,0,0,4,4,0,0,0.015417639557754822,0.01944906,0.004031421225035362
160.csv;07:23:57.335-2024/12/05;219;15,219,251,15,14,0,0,6,7,30,32,1,1,3,3,0,0,0.015417639557754822,0.019444978,0.004027338306868248
160.csv;09:03:52.220-2024/12/05;669;0,669,601,0,3,0,0,7,8,30,31,0,0,4,4,0,0,0.015417639557754822,0.01943876,0.004021120797360115
160.csv;07:22:55.405-2024/12/05;170;10,170,315,10,7,0,0,12,10,30,30,0,0,4,4,0,0,0.015417639557754822,0.019434942,0.0040173023748041915
160.csv;09:10:56.343-2024/12/05;73;5,73,38,5,4,0,0,8,9,30,30,1,1,2,2,0,0,0.015417639557754822,0.019430315,0.004012675564253502
160.csv;08:46:07.201-2024/12/05;663;0,663,580,0,4,0,0,11,10,28,30,0,0,4,4,0,0,0.015417639557754822,0.01943004,0.004012399892771416
160.csv;09:18:34.576-2024/12/05;840;15,840,713,15,10,0,0,9,8,28,30,0,0,4,4,0,0,0.015417639557754822,0.019429116,0.004011476020777397
160.csv;07:22:53.531-2024/12/05;1007;1,1007,835,1,3,0,0,15,12,28,31,0,0,3,3,1,1,0.015417639557754822,0.019427381,0.004009741898143463
160.csv;09:10:00.339-2024/12/05;617;2,617,623,2,4,0,0,12,11,31,32,0,0,3,3,0,0,0.015417639557754822,0.019424807,0.004007167722547226
160.csv;07:54:10.061-2024/12/05;244;10,244,200,10,11,0,0,4,4,31,32,1,1,2,2,1,1,0.015417639557754822,0.019423367,0.00400572789784687
160.csv;06:58:30.072-2024/12/05;69;5,69,333,5,5,0,0,1,5,28,31,1,1,4,4,0,0,0.015417639557754822,0.019419182,0.004001542534196548
157.csv;04:06:11.430-2024/10/29;914;0,914,743,0,4,1,1,14,11,30,27,1,1,4,4,0,0,0.015417639557754822,0.019417597,0.003999957423174553
160.csv;09:34:16.022-2024/12/05;777;10,777,701,10,9,0,0,7,8,29,29,0,0,4,4,1,1,0.015417639557754822,0.01941498,0.003997340406739883
160.csv;09:40:21.248-2024/12/05;436;5,436,404,5,5,0,0,2,5,30,30,0,0,4,4,0,0,0.015417639557754822,0.019410105,0.003992465864384346
160.csv;07:29:09.013-2024/12/05;667;10,667,614,10,8,0,0,1,5,28,30,0,0,4,4,0,0,0.015417639557754822,0.019407442,0.003989802281820946
157.csv;04:04:22.300-2024/10/29;241;0,241,287,0,3,1,0,13,11,29,28,1,1,4,4,1,1,0.015417639557754822,0.019404158,0.0039865184384228515
160.csv;09:34:13.827-2024/12/05;558;1,558,529,1,3,0,0,3,6,29,29,0,0,4,4,0,0,0.015417639557754822,0.019402256,0.003984616677725487
160.csv;07:22:53.513-2024/12/05;1005;12,1005,763,12,9,0,0,0,5,28,29,1,1,4,4,0,0,0.015417639557754822,0.019402217,0.003984577562177353
160.csv;07:23:56.690-2024/12/05;155;5,155,66,5,5,0,0,7,8,30,31,1,1,2,2,0,0,0.015417639557754822,0.019402014,0.003984374533856087
160.csv;09:34:13.755-2024/12/05;550;17,550,475,17,11,0,0,11,10,29,32,0,0,4,4,1,1,0.015417639557754822,0.019391522,0.003973882253730469
158.csv;08:03:29.896-2024/12/06;416;0,416,413,0,4,0,0,4,6,29,30,0,0,4,4,1,1,0.015417639557754822,0.01939035,0.003972710649931602
160.csv;08:40:02.350-2024/12/05;17;15,17,113,15,12,0,0,0,4,30,30,1,1,3,3,0,0,0.015417639557754822,0.019387137,0.003969497587049179
157.csv;04:04:22.228-2024/10/29;234;0,234,322,0,4,1,0,8,8,29,29,1,1,4,4,0,0,0.015417639557754822,0.01938377,0.0039661299246193694
160.csv;07:29:11.879-2024/12/05;954;5,954,724,5,6,0,0,11,9,28,28,0,0,4,4,0,0,0.015417639557754822,0.019383583,0.003965943660104446
160.csv;09:41:39.429-2024/12/05;62;5,62,282,5,6,0,0,7,7,30,29,0,0,4,4,1,1,0.015417639557754822,0.019373072,0.003955432753527336
160.csv;06:50:32.991-2024/12/05;489;0,489,512,0,1,0,0,14,13,28,31,1,1,3,3,0,0,0.015417639557754822,0.019372834,0.0039551943349482345
160.csv;08:55:04.175-2024/12/05;88;11,88,79,11,10,0,0,7,7,30,31,1,1,2,2,1,1,0.015417639557754822,0.019372279,0.003954639266693764
160.csv;07:12:40.400-2024/12/05;110;0,110,247,0,4,0,0,8,8,29,29,0,0,4,4,1,1,0.015417639557754822,0.019371845,0.003954205270373993
160.csv;09:34:16.018-2024/12/05;777;6,777,732,6,5,0,0,13,12,29,32,1,1,3,3,0,0,0.015417639557754822,0.019363705,0.003946065511071854
101.csv;10:08:27.672-2024/09/06;183;0,183,168,0,1,1,1,10,9,23,30,1,1,2,2,0,0,0.015417639557754822,0.019359382,0.0039417423116804885
160.csv;06:43:39.095-2024/12/05;59;5,59,58,5,4,0,0,9,10,30,31,1,1,2,2,0,0,0.015417639557754822,0.019358438,0.003940797950589828
157.csv;04:04:21.671-2024/10/29;178;1,178,285,1,4,1,0,10,9,28,28,1,1,4,4,0,0,0.015417639557754822,0.019340763,0.003923123310768776
160.csv;06:58:33.797-2024/12/05;441;17,441,473,17,11,0,0,14,12,28,32,1,1,4,4,1,1,0.015417639557754822,0.01933778,0.003920141215884857
160.csv;06:58:26.252-2024/12/05;711;5,711,661,5,6,0,0,4,6,30,31,0,0,4,4,0,0,0.015417639557754822,0.019325336,0.003907696883642845
160.csv;07:36:49.338-2024/12/05;620;5,620,644,5,4,0,0,9,10,28,31,1,1,3,3,1,1,0.015417639557754822,0.019324038,0.003906398619973831
160.csv;07:52:54.869-2024/12/05;917;6,917,668,6,6,0,0,8,9,28,31,0,0,4,4,0,0,0.015417639557754822,0.019307509,0.0038898695069195556
160.csv;07:22:53.613-2024/12/05;1015;15,1015,817,15,9,0,0,3,7,30,30,1,1,4,4,1,1,0.015417639557754822,0.019302772,0.0038851328003050613
157.csv;04:22:14.958-2024/10/29;1011;0,1011,840,0,4,1,1,9,9,31,29,1,1,4,4,1,1,0.015417639557754822,0.019302567,0.003884927909338646
160.csv;09:24:45.934-2024/12/05;88;16,88,3,16,15,0,0,8,8,29,30,1,1,2,2,0,0,0.015417639557754822,0.019301146,0.0038835067110897827
160.csv;09:41:08.671-2024/12/05;58;11,58,195,11,8,0,0,2,6,30,31,1,1,4,4,0,0,0.015417639557754822,0.019296821,0.0038791816490532684
160.csv;08:45:56.446-2024/12/05;611;10,611,603,10,7,0,0,4,5,30,32,0,0,4,4,1,1,0.015417639557754822,0.019296426,0.0038787867682816314
130.csv;21:34:26.499-2024/01/13;1015;0,1015,924,0,-1,0,0,9,10,31,32,1,1,2,2,0,0,0.015417639557754822,0.019293994,0.0038763541537167358
160.csv;07:29:38.409-2024/12/05;535;0,535,522,0,1,0,0,12,12,29,31,1,1,3,3,1,1,0.015417639557754822,0.01929254,0.0038749012905003356
160.csv;08:15:37.960-2024/12/05;10;15,10,154,15,12,0,0,1,4,28,31,1,1,3,3,0,0,0.015417639557754822,0.019291652,0.0038740128087641525
157.csv;04:04:21.788-2024/10/29;190;0,190,309,0,4,1,0,11,10,28,28,1,1,4,4,1,1,0.015417639557754822,0.019290864,0.0038732249098660278
160.csv;06:43:00.347-2024/12/05;280;15,280,340,15,12,0,0,1,4,28,30,1,1,3,3,0,0,0.015417639557754822,0.01928491,0.0038672700333239364
160.csv;07:30:55.515-2024/12/05;53;15,53,220,15,12,0,0,11,10,31,31,0,0,3,3,1,1,0.015417639557754822,0.019282129,0.0038644891041161346
160.csv;08:10:52.353-2024/12/05;121;15,121,186,15,13,0,0,4,5,31,32,1,1,3,3,1,1,0.015417639557754822,0.019276286,0.003858645986282997
101.csv;09:54:33.883-2024/09/06;771;8,771,825,8,8,1,1,10,11,21,27,1,1,2,2,1,1,0.015417639557754822,0.019276021,0.0038583814906718063
160.csv;08:00:53.809-2024/12/05;683;10,683,701,10,9,0,0,1,3,29,31,1,1,3,3,0,0,0.015417639557754822,0.019275913,0.003858273457253151
157.csv;04:04:21.782-2024/10/29;189;3,189,130,3,5,1,1,10,10,0,7,1,1,2,2,1,1,0.015417639557754822,0.019275226,0.0038575861411930847
160.csv;09:17:37.579-2024/12/05;261;5,261,361,5,6,0,0,10,9,30,31,0,0,4,4,0,0,0.015417639557754822,0.019272689,0.003855049218499832
158.csv;08:09:32.989-2024/12/06;885;5,885,767,5,4,0,0,4,6,29,29,0,0,4,4,1,1,0.015417639557754822,0.019269908,0.0038522682892920303
157.csv;04:04:21.236-2024/10/29;134;5,134,210,5,6,1,1,13,11,30,27,1,1,4,4,1,1,0.015417639557754822,0.019267444,0.0038498040097595977
158.csv;08:11:33.881-2024/12/06;686;12,686,592,12,9,0,0,12,10,29,31,0,0,4,4,1,1,0.015417639557754822,0.01926725,0.0038496102946640777
157.csv;04:04:22.390-2024/10/29;250;0,250,339,0,4,1,0,8,9,29,29,1,1,4,4,0,0,0.015417639557754822,0.019263286,0.0038456465857865142
136.csv;18:51:40.848-2024/01/16;835;19,835,850,19,18,1,1,14,14,16,27,1,1,1,1,0,0,0.015417639557754822,0.019258562,0.0038409229176880645
160.csv;09:41:12.878-2024/12/05;479;0,479,498,0,3,0,0,8,9,29,30,0,0,4,4,1,1,0.015417639557754822,0.019257508,0.0038398686605336
160.csv;08:07:58.687-2024/12/05;163;6,163,305,6,5,0,0,10,10,28,29,0,0,4,4,0,0,0.015417639557754822,0.01925162,0.0038339808392168807
157.csv;04:20:00.016-2024/10/29;829;0,829,912,0,-1,1,1,9,10,22,28,1,1,2,2,1,1,0.015417639557754822,0.019250777,0.003833137060964279
160.csv;09:41:12.901-2024/12/05;481;10,481,495,10,8,0,0,15,11,29,31,0,0,4,4,0,0,0.015417639557754822,0.01924801,0.003830371032917671
158.csv;08:03:30.005-2024/12/06;426;17,426,385,17,18,0,0,8,8,30,33,1,1,2,2,0,0,0.015417639557754822,0.019247975,0.0038303356426598358
160.csv;06:58:32.531-2024/12/05;315;0,315,432,0,3,0,0,6,7,30,31,0,0,4,4,1,1,0.015417639557754822,0.019247921,0.003830281625950508
160.csv;07:51:59.940-2024/12/05;544;10,544,539,10,8,0,0,3,6,29,31,0,0,4,4,0,0,0.015417639557754822,0.019247077,0.0038294378476979064
160.csv;09:40:27.082-2024/12/05;1019;10,1019,1106,10,9,0,0,6,6,30,30,1,1,2,2,0,0,0.015417639557754822,0.019246582,0.003828942384088211
160.csv;09:34:13.751-2024/12/05;550;12,550,502,12,8,0,0,7,8,29,32,0,0,4,4,1,1,0.015417639557754822,0.019245774,0.0038281339960934448
136.csv;18:51:59.100-2024/01/16;613;0,613,539,0,3,1,1,12,11,18,25,1,1,4,4,0,0,0.015417639557754822,0.019244127,0.0038264874177815246
160.csv;08:15:35.456-2024/12/05;784;5,784,634,5,4,0,0,2,5,28,28,0,0,4,4,1,1,0.015417639557754822,0.019241584,0.0038239449071528243
160.csv;07:13:59.845-2024/12/05;886;10,886,765,10,8,0,0,13,11,29,29,0,0,4,4,0,0,0.015417639557754822,0.019240884,0.0038232445525767135
160.csv;06:59:22.538-2024/12/05;195;15,195,360,15,11,0,0,10,10,29,32,0,0,3,3,0,0,0.015417639557754822,0.019235993,0.003818353246414833
136.csv;18:52:04.356-2024/01/16;114;10,114,185,10,9,1,1,7,7,21,26,1,1,2,2,1,1,0.015417639557754822,0.019232139,0.003814499433601074
160.csv;08:15:35.405-2024/12/05;779;0,779,631,0,4,0,0,10,9,28,31,0,0,4,4,1,1,0.015417639557754822,0.0192321,0.0038144603180529403
158.csv;08:10:49.032-2024/12/06;297;10,297,384,10,8,0,0,11,9,28,31,0,0,4,4,1,1,0.015417639557754822,0.019230364,0.003812724332773857
160.csv;09:18:42.033-2024/12/05;562;10,562,543,10,8,0,0,12,10,30,32,0,0,4,4,1,1,0.015417639557754822,0.019229723,0.0038120835828425216
160.csv;09:18:37.302-2024/12/05;89;5,89,277,5,6,0,0,11,10,29,28,0,0,4,4,0,0,0.015417639557754822,0.019228667,0.0038110274630429077
160.csv;06:58:30.518-2024/12/05;114;0,114,281,0,3,0,0,8,9,28,29,0,0,4,4,0,0,0.015417639557754822,0.019227823,0.003810183684790306
160.csv;07:16:45.048-2024/12/05;1022;8,1022,816,8,6,1,1,5,6,31,31,1,1,4,4,1,1,0.015417639557754822,0.01922691,0.003809270988667183
160.csv;08:35:17.230-2024/12/05;177;8,177,143,8,9,1,1,2,2,28,30,1,1,2,2,0,0,0.015417639557754822,0.019223899,0.0038062590914608764
160.csv;06:42:28.595-2024/12/05;177;6,177,352,6,6,0,0,5,7,28,31,0,0,4,4,1,1,0.015417639557754822,0.019220846,0.003803206216061287
160.csv;09:01:01.727-2024/12/05;3;16,3,291,16,12,0,0,6,7,28,30,0,0,3,3,0,0,0.015417639557754822,0.01921354,0.003795900921786003
160.csv;06:59:22.523-2024/12/05;194;10,194,287,10,8,0,0,1,5,29,30,0,0,4,3,1,1,0.015417639557754822,0.01920728,0.003789640571439438
160.csv;09:17:47.103-2024/12/05;189;10,189,321,10,7,0,0,8,8,29,30,0,0,4,4,0,0,0.015417639557754822,0.019205874,0.0037882342743517684
160.csv;09:41:08.674-2024/12/05;58;15,58,310,15,10,0,0,3,6,30,30,1,1,4,4,1,1,0.015417639557754822,0.01920457,0.0037869304227473068
160.csv;07:53:23.752-2024/12/05;733;11,733,637,11,9,0,0,7,8,28,32,0,0,4,4,1,1,0.015417639557754822,0.01920162,0.003783979992830925
158.csv;08:03:23.951-2024/12/06;845;10,845,653,10,8,0,0,7,8,28,30,0,0,4,4,1,1,0.015417639557754822,0.019199802,0.0037821620511652755
157.csv;04:18:03.137-2024/10/29;405;0,405,396,0,-1,1,1,13,14,23,28,1,1,2,2,0,0,0.015417639557754822,0.0191949,0.0037772595691324996
160.csv;09:34:15.918-2024/12/05;767;0,767,638,0,3,0,0,6,7,30,30,0,0,4,4,0,0,0.015417639557754822,0.019188877,0.003771237637365036
157.csv;04:04:21.748-2024/10/29;185;7,185,235,7,6,1,1,13,12,28,30,1,1,3,3,0,0,0.015417639557754822,0.019188812,0.003771172444784813
158.csv;08:11:33.766-2024/12/06;675;0,675,591,0,4,0,0,12,10,30,32,0,0,4,4,1,1,0.015417639557754822,0.019187065,0.0037694252836348342
160.csv;09:11:23.053-2024/12/05;696;10,696,624,10,7,0,0,11,10,29,30,0,0,4,4,1,1,0.015417639557754822,0.019185446,0.0037678066450001525
157.csv;04:19:59.747-2024/10/29;801;8,801,804,8,8,1,1,8,9,31,33,1,1,3,3,1,1,0.015417639557754822,0.019179692,0.003762052934134178
158.csv;08:19:50.048-2024/12/06;127;5,127,36,5,5,0,0,11,11,29,31,1,1,2,2,0,0,0.015417639557754822,0.019179543,0.0037619039225222396
158.csv;08:11:33.878-2024/12/06;686;0,686,619,0,3,0,0,7,8,29,31,0,0,4,4,1,1,0.015417639557754822,0.019172864,0.0037552244770170974
136.csv;18:51:14.820-2024/01/16;280;19,280,241,19,18,1,1,2,1,14,21,1,1,1,1,1,1,0.015417639557754822,0.019169545,0.003751905243361168
160.csv;08:00:16.752-2024/12/05;49;10,49,-1,10,10,0,0,5,6,29,31,1,1,2,2,0,0,0.015417639557754822,0.019157812,0.003740172441566162
160.csv;09:01:00.282-2024/12/05;883;5,883,707,5,6,0,0,11,10,28,31,0,0,4,4,1,1,0.015417639557754822,0.019152135,0.003734495099151306
160.csv;07:15:17.396-2024/12/05;449;16,449,491,16,11,0,0,15,13,28,31,1,1,4,4,1,1,0.015417639557754822,0.019142203,0.0037245634752156066
158.csv;08:19:13.011-2024/12/06;519;10,519,577,10,8,0,0,1,3,30,33,0,0,3,3,0,0,0.015417639557754822,0.019140368,0.003722728769743614
158.csv;08:03:25.198-2024/12/06;970;5,970,718,5,5,0,0,6,7,28,30,0,0,4,4,0,0,0.015417639557754822,0.019139795,0.003722155075037651
160.csv;07:23:57.322-2024/12/05;218;10,218,216,10,10,0,0,14,13,30,30,1,1,3,3,1,1,0.015417639557754822,0.019128658,0.003711018319690399
160.csv;08:47:43.263-2024/12/05;29;5,29,37,5,4,0,0,6,6,30,30,1,1,2,2,1,1,0.015417639557754822,0.01912796,0.0037103198277594375
158.csv;08:19:32.298-2024/12/06;400;0,400,439,0,3,0,0,7,7,29,30,0,0,4,4,1,1,0.015417639557754822,0.019127496,0.003709856029117279
160.csv;08:22:21.899-2024/12/05;468;11,468,440,11,10,0,0,12,12,28,32,1,1,3,3,1,1,0.015417639557754822,0.019123748,0.0037061083870770263
160.csv;09:20:48.616-2024/12/05;932;10,932,845,10,10,0,0,14,13,29,31,0,0,3,3,1,1,0.015417639557754822,0.019120045,0.003702405448520355
160.csv;07:14:09.722-2024/12/05;850;6,850,858,6,7,0,0,9,9,28,33,1,1,3,3,1,1,0.015417639557754822,0.019116161,0.0036985218333842086
160.csv;06:59:22.670-2024/12/05;209;5,209,345,5,5,0,0,6,7,28,30,0,0,4,4,1,1,0.015417639557754822,0.019115536,0.003697895984614067
105.csv;11:28:05.612-2024/11/20;171;2,171,116,2,2,1,1,13,13,22,26,1,1,2,2,1,1,0.015417639557754822,0.0191125,0.0036948598730208206
101.csv;09:58:13.466-2024/09/06;202;3,202,128,3,4,1,1,11,11,21,27,1,1,2,2,1,1,0.015417639557754822,0.019111656,0.003694016094768219
160.csv;09:32:50.851-2024/12/05;452;5,452,462,5,5,0,0,7,8,29,33,1,1,3,3,0,0,0.015417639557754822,0.019104956,0.003687316160166435
136.csv;18:52:52.528-2024/01/16;836;0,836,863,0,0,1,1,3,3,19,26,1,1,2,2,1,1,0.015417639557754822,0.019102415,0.003684775512182884
160.csv;09:01:00.567-2024/12/05;911;15,911,717,15,10,0,0,2,5,28,31,1,1,4,4,1,1,0.015417639557754822,0.019096585,0.0036789454328657913
160.csv;07:13:06.458-2024/12/05;667;18,667,652,18,15,0,0,3,5,29,32,0,0,3,3,1,1,0.015417639557754822,0.019093728,0.003676088135206871
160.csv;07:22:22.839-2024/12/05;1010;1,1010,828,1,5,0,0,9,9,28,31,0,0,4,4,1,1,0.015417639557754822,0.019090382,0.003672742824518852
160.csv;06:59:22.538-2024/12/05;196;1,196,316,1,3,0,0,12,11,29,30,0,0,3,3,1,1,0.015417639557754822,0.019088691,0.0036710515427233505
160.csv;09:41:10.721-2024/12/05;263;6,263,286,6,5,0,0,11,10,29,30,0,0,4,4,1,1,0.015417639557754822,0.019087901,0.0036702617811800765
160.csv;09:18:42.040-2024/12/05;563;5,563,559,5,6,0,0,5,6,30,31,0,0,4,4,0,0,0.015417639557754822,0.01908784,0.003670200313890152
160.csv;09:40:15.928-2024/12/05;928;5,928,899,5,4,0,0,12,11,30,32,1,1,3,3,1,1,0.015417639557754822,0.01908772,0.003670081104600601
160.csv;08:07:58.567-2024/12/05;151;6,151,343,6,6,0,0,12,11,29,30,0,0,4,4,0,0,0.015417639557754822,0.019087426,0.0036697868066670226
158.csv;08:03:40.723-2024/12/06;474;11,474,469,11,10,0,0,11,12,28,32,1,1,3,3,0,0,0.015417639557754822,0.019085458,0.0036678179907442855
160.csv;07:47:43.265-2024/12/05;477;0,477,509,0,3,0,0,10,9,29,31,0,0,4,4,1,1,0.015417639557754822,0.019082695,0.003665055687987976
160.csv;09:34:13.777-2024/12/05;553;0,553,518,0,3,0,0,5,7,29,31,0,0,4,4,0,0,0.015417639557754822,0.019079953,0.003662313874328308
160.csv;08:38:41.910-2024/12/05;165;15,165,185,15,11,0,0,14,13,28,27,1,1,4,4,0,0,0.015417639557754822,0.019078799,0.003661159034335785
136.csv;18:51:16.240-2024/01/16;422;19,422,416,19,18,1,1,14,14,13,17,1,1,1,1,1,1,0.015417639557754822,0.019070474,0.0036528348731638717
160.csv;09:03:52.230-2024/12/05;670;0,670,569,0,3,0,0,14,11,30,29,0,0,4,4,1,1,0.015417639557754822,0.01906335,0.0036457102554680633
160.csv;09:40:26.380-2024/12/05;949;5,949,1027,5,4,0,0,8,8,29,30,1,1,2,2,1,1,0.015417639557754822,0.019062437,0.00364479755934494
160.csv;09:26:13.894-2024/12/05;692;10,692,619,10,7,0,0,4,7,31,32,0,0,4,4,0,0,0.015417639557754822,0.01906178,0.0036441400456072616
160.csv;09:32:50.698-2024/12/05;437;0,437,472,0,4,0,0,10,10,30,31,0,0,4,4,0,0,0.015417639557754822,0.019056637,0.003638997282350235
160.csv;08:15:35.367-2024/12/05;775;7,775,646,7,6,0,0,3,5,28,31,0,0,4,4,0,0,0.015417639557754822,0.0190536,0.0036359611707569885
160.csv;08:32:15.399-2024/12/05;426;15,426,487,15,11,0,0,1,6,29,30,1,1,4,4,0,0,0.015417639557754822,0.01905227,0.0036346312421204376
160.csv;08:15:38.116-2024/12/05;26;5,26,298,5,5,0,0,6,8,28,29,0,0,4,4,0,0,0.015417639557754822,0.019051122,0.003633481990063362
160.csv;09:32:53.908-2024/12/05;758;0,758,673,0,3,0,0,8,8,30,30,0,0,4,4,1,1,0.015417639557754822,0.019048834,0.0036311946618201064
160.csv;07:23:57.772-2024/12/05;263;10,263,193,10,9,0,0,7,7,31,32,1,1,2,2,0,0,0.015417639557754822,0.01903828,0.003620640914404564
160.csv;06:58:30.643-2024/12/05;126;5,126,312,5,5,0,0,5,7,28,28,0,0,4,4,1,1,0.015417639557754822,0.019036932,0.0036192923593165206
160.csv;09:41:39.526-2024/12/05;71;16,71,165,16,10,0,0,5,8,29,28,1,1,4,4,0,0,0.015417639557754822,0.01903502,0.0036173812853934097
160.csv;06:58:42.521-2024/12/05;290;5,290,682,5,8,0,0,0,2,28,27,1,1,3,3,1,1,0.015417639557754822,0.019033903,0.003616263698303871
160.csv;06:50:32.830-2024/12/05;472;16,472,458,16,17,0,0,11,12,29,32,1,1,2,2,0,0,0.015417639557754822,0.01902958,0.003611940498912506
160.csv;09:26:13.974-2024/12/05;700;10,700,674,10,9,0,0,5,7,30,31,0,0,4,3,1,1,0.015417639557754822,0.019027542,0.0036099027651192474
158.csv;08:04:48.506-2024/12/06;84;16,84,12,16,16,0,0,13,13,28,28,1,1,2,2,0,0,0.015417639557754822,0.019025628,0.003607987965905838
136.csv;18:54:07.356-2024/01/16;126;10,126,157,10,10,1,1,2,1,30,32,1,1,2,2,1,1,0.015417639557754822,0.019024642,0.0036070026266218948
160.csv;08:13:43.657-2024/12/05;868;5,868,718,5,4,0,0,5,7,30,30,0,0,4,4,1,1,0.015417639557754822,0.019021502,0.0036038622069002914
160.csv;07:52:07.349-2024/12/05;261;5,261,327,5,4,0,0,10,9,28,28,0,0,4,4,1,1,0.015417639557754822,0.01901969,0.0036020498531700897
158.csv;08:18:44.507-2024/12/06;741;0,741,760,0,2,0,0,7,8,29,31,1,1,3,3,0,0,0.015417639557754822,0.019019313,0.003601673598849945
160.csv;06:43:16.902-2024/12/05;912;1,912,743,1,3,0,0,7,7,28,30,0,0,4,4,1,1,0.015417639557754822,0.019018628,0.003600988145435028
158.csv;08:12:04.429-2024/12/06;669;5,669,581,5,5,0,0,1,4,29,31,0,0,4,4,0,0,0.015417639557754822,0.019012507,0.003594867493474655
158.csv;08:19:32.376-2024/12/06;408;0,408,454,0,3,0,0,12,11,28,30,0,0,4,4,1,1,0.015417639557754822,0.019007212,0.0035895719933153915
160.csv;07:22:25.942-2024/12/05;296;5,296,402,5,5,0,0,3,6,28,30,0,0,4,4,1,1,0.015417639557754822,0.019003985,0.0035863458919169235
160.csv;07:22:53.591-2024/12/05;1013;6,1013,756,6,7,0,0,11,9,28,30,0,0,4,4,0,0,0.015417639557754822,0.019003881,0.0035862415837885665
101.csv;09:53:14.911-2024/09/06;42;15,42,65,15,14,0,0,12,12,31,31,1,1,2,2,1,1,0.015417639557754822,0.018994026,0.0035763863283039855
160.csv;07:53:23.684-2024/12/05;726;16,726,647,16,11,0,0,3,5,29,32,0,0,4,3,1,1,0.015417639557754822,0.018992525,0.0035748850363137054
157.csv;04:04:22.310-2024/10/29;242;0,242,351,0,4,1,1,8,9,29,29,1,1,4,4,0,0,0.015417639557754822,0.018988343,0.003570703397953682
155.csv;03:42:50.191-2024/10/29;53;8,53,211,8,7,1,1,13,11,29,28,1,1,4,4,1,1,0.015417639557754822,0.018986115,0.0035684756743552017
160.csv;08:22:17.688-2024/12/05;47;6,47,330,6,5,0,0,15,11,29,30,0,0,4,4,0,0,0.015417639557754822,0.0189846,0.003566961343848877
160.csv;06:43:16.720-2024/12/05;894;2,894,680,2,3,0,0,10,8,28,30,0,0,4,4,1,1,0.015417639557754822,0.018982535,0.0035648956703783798
160.csv;07:38:33.778-2024/12/05;824;5,824,758,5,5,0,0,7,7,29,29,0,0,4,4,0,0,0.015417639557754822,0.018981727,0.0035640872823836135
160.csv;06:51:43.354-2024/12/05;357;7,357,348,7,6,0,0,14,13,28,32,0,0,3,3,0,0,0.015417639557754822,0.018976457,0.003558817859256439
158.csv;08:17:45.704-2024/12/06;1004;15,1004,966,15,14,0,0,4,6,28,31,0,0,3,3,1,1,0.015417639557754822,0.018976286,0.00355864649590271
101.csv;10:09:32.403-2024/09/06;512;2,512,542,2,2,1,1,14,14,23,29,1,1,2,2,1,1,0.015417639557754822,0.018976137,0.0035584974842907714
160.csv;09:17:31.188-2024/12/05;646;0,646,558,0,4,0,0,7,9,30,30,0,0,4,4,1,1,0.015417639557754822,0.018974833,0.0035571936326863098
160.csv;08:40:47.171-2024/12/05;404;0,404,376,0,-1,0,0,6,6,29,31,1,1,2,2,1,1,0.015417639557754822,0.01897274,0.003555100019538574
158.csv;08:03:23.158-2024/12/06;766;0,766,638,0,4,0,0,4,7,28,30,0,0,4,4,0,0,0.015417639557754822,0.018972624,0.003554984535539322
160.csv;08:47:45.210-2024/12/05;223;15,223,190,15,12,0,0,4,5,30,32,1,1,3,3,0,0,0.015417639557754822,0.01895971,0.0035420708167197036
158.csv;08:11:33.766-2024/12/06;675;1,675,585,1,3,0,0,14,11,30,31,0,0,4,4,1,1,0.015417639557754822,0.01895743,0.003539790939057045
160.csv;07:22:07.409-2024/12/05;491;0,491,531,0,0,0,0,6,7,29,31,1,1,3,3,1,1,0.015417639557754822,0.018957276,0.0035396363395096588
160.csv;08:33:16.866-2024/12/05;429;5,429,439,5,4,0,0,0,-1,29,30,1,1,2,2,0,0,0.015417639557754822,0.018956603,0.0035389639246107864
160.csv;08:07:59.472-2024/12/05;241;15,241,244,15,13,0,0,3,5,28,31,1,1,3,3,0,0,0.015417639557754822,0.018956529,0.003538889418804817
158.csv;08:12:04.429-2024/12/06;669;6,669,602,6,5,0,0,2,5,29,32,0,0,4,4,1,1,0.015417639557754822,0.018956011,0.003538371603453331
157.csv;04:10:39.969-2024/10/29;120;2,120,359,2,5,0,0,15,11,28,30,0,0,4,4,1,1,0.015417639557754822,0.018955277,0.003537637721264534
158.csv;08:17:46.795-2024/12/06;89;17,89,326,17,10,0,0,9,10,29,30,1,1,4,4,0,0,0.015417639557754822,0.018953,0.0035353597062470245
160.csv;09:32:51.738-2024/12/05;541;6,541,542,6,5,0,0,2,4,30,32,0,0,4,4,1,1,0.015417639557754822,0.018948104,0.0035304646747948455
158.csv;08:11:33.962-2024/12/06;694;12,694,626,12,9,0,0,6,7,29,31,0,0,4,4,0,0,0.015417639557754822,0.018945286,0.003527646492684059
158.csv;08:03:22.821-2024/12/06;732;5,732,614,5,6,0,0,4,6,29,30,0,0,4,4,0,0,0.015417639557754822,0.018943936,0.0035262960749508666
101.csv;09:56:29.323-2024/09/06;27;8,27,20,8,8,1,1,13,13,18,22,1,1,2,2,1,1,0.015417639557754822,0.018936934,0.0035192943918349075
160.csv;09:32:23.428-2024/12/05;782;0,782,784,0,1,0,0,13,12,29,32,1,1,3,3,1,1,0.015417639557754822,0.018932004,0.003514363970124893
155.csv;03:34:46.280-2024/10/29;814;12,814,666,12,9,0,0,9,9,31,31,0,0,4,4,0,0,0.015417639557754822,0.018926142,0.0035085022258402633
160.csv;07:55:10.092-2024/12/05;103;15,103,-21,15,15,0,0,11,12,30,31,1,1,2,2,0,0,0.015417639557754822,0.018923156,0.003505516405666046
157.csv;04:04:21.270-2024/10/29;138;1,138,201,1,4,1,0,9,9,29,28,1,1,4,4,1,1,0.015417639557754822,0.01891591,0.0034982707160355377
160.csv;08:46:08.083-2024/12/05;751;0,751,652,0,3,0,0,0,5,30,31,0,0,4,4,0,0,0.015417639557754822,0.018911945,0.003494305144512825
157.csv;04:04:21.189-2024/10/29;129;8,129,160,8,7,1,1,12,12,30,32,1,1,3,3,0,0,0.015417639557754822,0.018908877,0.0034912373679520416
160.csv;07:13:06.467-2024/12/05;669;0,669,613,0,3,0,0,5,7,29,32,0,0,4,4,0,0,0.015417639557754822,0.018905176,0.0034875362920405197
101.csv;09:55:42.327-2024/09/06;448;2,448,451,2,5,1,1,13,12,31,31,1,1,3,3,1,1,0.015417639557754822,0.018902782,0.003485142793023758
160.csv;08:15:35.435-2024/12/05;782;0,782,671,0,3,0,0,5,7,28,30,0,0,4,4,1,1,0.015417639557754822,0.018902093,0.0034844536143185424
160.csv;07:13:06.509-2024/12/05;673;5,673,619,5,4,0,0,2,4,29,30,0,0,4,4,1,1,0.015417639557754822,0.018901663,0.00348402334328907
160.csv;07:15:17.362-2024/12/05;446;5,446,481,5,6,0,0,15,12,29,29,0,0,4,4,0,0,0.015417639557754822,0.018900855,0.003483214955294304
158.csv;08:19:32.279-2024/12/06;398;5,398,439,5,5,0,0,3,5,29,32,0,0,4,4,1,1,0.015417639557754822,0.018899769,0.003482129033172302
160.csv;08:18:01.790-2024/12/05;57;15,57,216,15,10,0,0,10,10,31,29,1,1,4,4,1,1,0.015417639557754822,0.018898254,0.0034806147026659774
160.csv;07:30:54.125-2024/12/05;938;10,938,894,10,9,0,0,9,9,30,31,1,1,3,3,1,1,0.015417639557754822,0.018894507,0.0034768670606257247
160.csv;08:02:51.061-2024/12/05;120;10,120,69,10,9,0,0,9,10,30,32,1,1,2,2,0,0,0.015417639557754822,0.018893959,0.003476319442951851
157.csv;04:06:15.343-2024/10/29;281;10,281,184,10,11,0,0,8,9,14,19,1,1,1,1,0,0,0.015417639557754822,0.018893924,0.0034762840526940154
160.csv;08:38:46.502-2024/12/05;625;0,625,557,0,3,0,0,5,7,28,31,0,0,4,4,0,0,0.015417639557754822,0.018893393,0.0034757531988264846
160.csv;07:13:59.950-2024/12/05;897;6,897,896,6,5,0,0,5,5,28,31,1,1,3,3,1,1,0.015417639557754822,0.018893193,0.003475553895795517
157.csv;04:04:21.229-2024/10/29;134;1,134,257,1,4,1,1,8,8,30,30,1,1,4,4,0,0,0.015417639557754822,0.018893063,0.0034754235106350707
160.csv;08:10:50.927-2024/12/05;1003;5,1003,1018,5,4,0,0,15,15,30,30,1,1,2,2,1,1,0.015417639557754822,0.018887559,0.0034699193942190933
101.csv;09:58:22.217-2024/09/06;53;5,53,-1,5,6,1,1,15,15,22,26,1,1,2,2,0,0,0.015417639557754822,0.018886905,0.003469265605771713
160.csv;07:53:23.688-2024/12/05;727;7,727,603,7,7,0,0,12,11,29,30,0,0,4,4,0,0,0.015417639557754822,0.018885314,0.00346767490681427
158.csv;08:17:46.278-2024/12/06;38;5,38,79,5,5,0,0,8,7,28,32,1,1,2,2,1,1,0.015417639557754822,0.018885173,0.0034675333457829284
160.csv;07:45:51.797-2024/12/05;594;1,594,616,1,1,0,0,1,3,28,28,1,1,3,3,1,1,0.015417639557754822,0.018882863,0.003465223665797882
158.csv;08:03:23.011-2024/12/06;751;5,751,633,5,6,0,0,9,8,28,31,0,0,4,4,0,0,0.015417639557754822,0.018877663,0.003460023160541229
158.csv;08:17:46.930-2024/12/06;103;5,103,384,5,6,0,0,8,9,28,30,0,0,4,4,0,0,0.015417639557754822,0.018875662,0.003458022679650955
158.csv;08:12:04.392-2024/12/06;665;15,665,588,15,11,0,0,8,9,30,31,0,0,4,4,1,1,0.015417639557754822,0.018873448,0.0034558079945685195
136.csv;18:54:36.860-2024/01/16;5;0,5,-4,0,1,1,1,5,5,10,10,1,1,2,2,0,0,0.015417639557754822,0.018869825,0.0034521851497532653
108.csv;11:06:44.235-2024/10/21;21;0,21,221,0,3,0,0,15,12,31,30,1,1,4,4,0,0,0.015417639557754822,0.018862236,0.0034445967334152984
160.csv;09:10:00.347-2024/12/05;617;16,617,560,16,11,0,0,15,12,31,30,1,1,4,4,1,1,0.015417639557754822,0.018861461,0.0034438218730332183
160.csv;09:34:10.631-2024/12/05;238;5,238,306,5,5,0,0,5,6,29,29,0,0,4,4,1,1,0.015417639557754822,0.01885845,0.003440809975826912
160.csv;07:23:18.480-2024/12/05;430;5,430,496,5,5,0,0,4,5,30,34,1,1,3,3,0,0,0.015417639557754822,0.018855574,0.0034379340517164993
160.csv;08:46:07.160-2024/12/05;658;15,658,603,15,11,0,0,7,8,28,31,0,0,4,3,0,0,0.015417639557754822,0.018851072,0.003433432038390808
160.csv;07:39:29.469-2024/12/05;249;5,249,143,5,5,0,0,6,7,30,31,1,1,2,2,0,0,0.015417639557754822,0.018849544,0.0034319046693684387
158.csv;08:12:04.473-2024/12/06;673;15,673,615,15,10,0,0,11,10,29,31,0,0,4,4,1,1,0.015417639557754822,0.0188494,0.003431761245691948
158.csv;08:03:23.038-2024/12/06;754;5,754,612,5,5,0,0,6,8,28,28,0,0,4,4,1,1,0.015417639557754822,0.01884513,0.0034274902003647613
160.csv;07:22:53.591-2024/12/05;1013;5,1013,765,5,5,0,0,10,9,28,30,0,0,4,4,1,1,0.015417639557754822,0.018844685,0.003427045028174095
160.csv;07:36:46.676-2024/12/05;354;0,354,326,0,0,0,0,1,2,30,34,1,1,2,2,0,0,0.015417639557754822,0.018841403,0.00342376304742115
136.csv;19:03:22.128-2024/01/16;307;13,307,257,13,13,1,1,3,1,30,32,1,1,2,2,1,1,0.015417639557754822,0.018840257,0.003422617520654373
136.csv;18:52:40.868-2024/01/16;693;19,693,725,19,18,1,1,12,11,19,32,1,1,1,1,1,1,0.015417639557754822,0.018837158,0.003419518079126053
160.csv;07:14:00.231-2024/12/05;925;5,925,747,5,5,0,0,10,9,29,31,0,0,4,4,0,0,0.015417639557754822,0.018836759,0.0034191194730641174
160.csv;07:47:41.566-2024/12/05;307;0,307,277,0,0,0,0,2,3,29,31,1,1,2,2,0,0,0.015417639557754822,0.018834043,0.0034164037364365386
136.csv;18:52:07.412-2024/01/16;420;3,420,479,3,3,1,1,5,6,30,33,1,1,3,3,0,0,0.015417639557754822,0.018831594,0.0034139543580653
160.csv;07:30:25.416-2024/12/05;116;0,116,240,0,3,0,0,2,3,28,31,0,0,3,3,1,1,0.015417639557754822,0.018831136,0.003413496147358589
136.csv;18:53:02.228-2024/01/16;781;19,781,810,19,16,1,1,9,9,20,29,1,1,2,2,0,0,0.015417639557754822,0.018829942,0.003412302191817932
158.csv;08:03:23.161-2024/12/06;766;10,766,744,10,10,0,0,3,5,28,30,0,0,3,3,0,0,0.015417639557754822,0.018829063,0.003411423023307495
160.csv;08:59:53.090-2024/12/05;307;16,307,334,16,12,0,0,15,14,28,31,1,1,3,3,1,1,0.015417639557754822,0.018826552,0.0034089121776463317
160.csv;06:58:34.859-2024/12/05;548;0,548,526,0,4,0,0,13,11,28,29,0,0,4,4,1,1,0.015417639557754822,0.01882647,0.0034088302212597656
103.csv;03:44:27.558-2024/09/04;20;10,20,220,10,8,0,0,13,11,31,30,0,0,3,3,1,1,0.015417639557754822,0.018824073,0.0034064329969527053
160.csv;09:03:55.346-2024/12/05;981;10,981,1052,10,10,0,0,9,9,30,32,1,1,2,2,1,1,0.015417639557754822,0.018822096,0.0034044567304493713
160.csv;07:51:30.241-2024/12/05;646;10,646,662,10,10,0,0,4,5,29,31,1,1,3,3,0,0,0.015417639557754822,0.018819932,0.003402292336785965
160.csv;08:15:35.235-2024/12/05;762;5,762,681,5,5,0,0,0,5,28,31,0,0,4,4,0,0,0.015417639557754822,0.018814659,0.003397019188368492
160.csv;07:22:22.779-2024/12/05;1004;0,1004,805,0,4,0,0,6,7,28,30,0,0,4,3,0,0,0.015417639557754822,0.018811619,0.003393979351484947
158.csv;08:11:33.793-2024/12/06;677;15,677,605,15,10,0,0,9,9,30,31,0,0,4,4,0,0,0.015417639557754822,0.01880621,0.0033885702299715804
160.csv;07:38:39.049-2024/12/05;327;5,327,290,5,5,0,0,6,7,29,31,1,1,2,2,1,1,0.015417639557754822,0.018804178,0.0033865380841137695
157.csv;04:04:21.748-2024/10/29;185;9,185,276,9,7,1,1,14,12,28,30,1,1,4,4,0,0,0.015417639557754822,0.01880415,0.003386510144436531
157.csv;04:04:22.290-2024/10/29;240;1,240,330,1,4,1,1,15,11,29,30,1,1,4,4,0,0,0.015417639557754822,0.018802227,0.0033845878946425247
160.csv;07:30:47.668-2024/12/05;293;0,293,357,0,3,0,0,0,4,29,31,1,1,4,4,1,1,0.015417639557754822,0.018792441,0.003374801557028465
157.csv;04:04:22.500-2024/10/29;261;0,261,313,0,4,1,1,13,10,29,28,1,1,4,4,0,0,0.015417639557754822,0.018792115,0.00337447559412735
160.csv;09:25:42.361-2024/12/05;611;5,611,635,5,3,0,0,2,1,30,33,1,1,2,2,1,1,0.015417639557754822,0.018789604,0.0033719647484661865
160.csv;09:10:03.969-2024/12/05;979;16,979,930,16,14,0,0,4,6,30,31,0,0,3,3,0,0,0.015417639557754822,0.018788205,0.003370565901959114
160.csv;08:38:46.485-2024/12/05;623;5,623,587,5,4,0,0,1,4,28,30,0,0,4,4,0,0,0.015417639557754822,0.018784791,0.0033671516734005737
101.csv;09:58:22.249-2024/09/06;56;7,56,42,7,7,1,1,12,13,21,26,1,1,2,3,0,0,0.015417639557754822,0.018778395,0.0033607553499581146
160.csv;07:53:23.772-2024/12/05;735;12,735,625,12,9,0,0,11,10,28,29,0,0,4,4,1,1,0.015417639557754822,0.018773623,0.003355983253085785
160.csv;07:24:30.409-2024/12/05;455;5,455,444,5,4,0,0,14,14,30,31,1,1,2,2,1,1,0.015417639557754822,0.018768951,0.0033513117390515136
160.csv;07:22:53.142-2024/12/05;968;6,968,868,6,7,0,0,6,8,30,31,1,1,3,3,0,0,0.015417639557754822,0.0187674,0.0033497601556422042
160.csv;06:58:32.547-2024/12/05;316;15,316,397,15,10,0,0,1,5,28,30,1,1,4,4,0,0,0.015417639557754822,0.018763416,0.003345775957667999
160.csv;09:32:57.122-2024/12/05;55;12,55,102,12,10,0,0,2,5,30,31,1,1,3,3,0,0,0.015417639557754822,0.018763106,0.003345466758573227
160.csv;09:11:23.031-2024/12/05;694;6,694,735,6,6,0,0,5,7,30,32,1,1,3,3,1,1,0.015417639557754822,0.018759385,0.0033417451935650634
157.csv;04:04:21.570-2024/10/29;168;0,168,99,0,3,1,1,14,12,0,5,1,1,2,2,0,0,0.015417639557754822,0.018751776,0.003334136288130455
155.csv;03:45:05.517-2024/10/29;274;2,274,182,2,2,1,1,11,11,15,21,1,1,2,2,1,1,0.015417639557754822,0.018749442,0.0033318023937584686
160.csv;09:03:52.214-2024/12/05;668;7,668,571,7,7,0,0,15,12,30,30,0,0,4,4,0,0,0.015417639557754822,0.018744448,0.0033268086421133804
160.csv;09:41:12.881-2024/12/05;479;10,479,500,10,8,0,0,12,10,29,29,0,0,4,4,1,1,0.015417639557754822,0.018738622,0.003320982288086586
157.csv;04:04:21.341-2024/10/29;145;3,145,245,3,5,1,1,10,10,28,31,1,1,3,4,0,0,0.015417639557754822,0.01872571,0.003308070431912117
136.csv;18:51:19.956-2024/01/16;794;10,794,805,10,8,1,1,14,13,30,32,1,1,2,2,0,0,0.015417639557754822,0.018719438,0.0033017989056946563
160.csv;06:50:32.116-2024/12/05;401;11,401,497,11,8,0,0,3,6,28,31,0,0,4,4,0,0,0.015417639557754822,0.018717913,0.003300273399317436
157.csv;04:22:17.108-2024/10/29;201;9,201,182,9,12,1,1,11,12,17,20,1,1,2,2,1,1,0.015417639557754822,0.018717201,0.00329956186887043
160.csv;07:22:22.839-2024/12/05;1010;2,1010,736,2,4,0,0,10,8,28,30,0,0,4,4,1,1,0.015417639557754822,0.018716404,0.003298764656746559
157.csv;04:04:21.273-2024/10/29;138;5,138,232,5,7,1,1,13,10,29,30,1,1,4,4,0,0,0.015417639557754822,0.018716052,0.0032984126168133544
160.csv;08:15:35.193-2024/12/05;758;0,758,641,0,4,0,0,11,10,29,28,0,0,4,4,0,0,0.015417639557754822,0.018709803,0.0032921634423376846
160.csv;09:25:43.213-2024/12/05;696;11,696,632,11,8,0,0,9,9,30,31,0,0,4,4,0,0,0.015417639557754822,0.018702941,0.0032853014576079177
160.csv;07:15:17.340-2024/12/05;444;5,444,438,5,5,0,0,13,11,29,29,0,0,4,4,1,1,0.015417639557754822,0.018701572,0.003283932413423233
160.csv;08:32:41.699-2024/12/05;1008;10,1008,1043,10,9,0,0,9,10,30,31,1,1,2,2,1,1,0.015417639557754822,0.01870086,0.0032832208829762267
160.csv;09:10:09.262-2024/12/05;485;5,485,517,5,5,0,0,10,10,30,31,0,0,4,3,1,1,0.015417639557754822,0.018697578,0.003279938902223282
160.csv;07:14:05.958-2024/12/05;473;15,473,481,15,10,0,0,7,8,28,30,0,0,4,4,0,0,0.015417639557754822,0.018686958,0.003269318099582367
158.csv;08:03:29.936-2024/12/06;420;0,420,465,0,3,0,0,10,9,30,32,0,0,4,4,1,1,0.015417639557754822,0.018685985,0.0032683457988144683
157.csv;04:04:21.440-2024/10/29;155;0,155,230,0,3,1,1,8,9,28,28,1,1,4,4,1,1,0.015417639557754822,0.018680586,0.0032629459905268478
158.csv;08:11:33.783-2024/12/06;676;10,676,643,10,8,0,0,7,8,30,29,0,0,4,4,1,1,0.015417639557754822,0.018680394,0.003262754138076477
160.csv;08:17:22.306-2024/12/05;205;5,205,110,5,5,0,0,8,9,30,31,1,1,2,2,1,1,0.015417639557754822,0.018678319,0.0032606791513802337
158.csv;08:03:26.170-2024/12/06;43;7,43,186,7,6,0,0,12,11,29,29,0,0,3,3,0,0,0.015417639557754822,0.018674184,0.003256544079148941
160.csv;09:17:31.287-2024/12/05;656;0,656,614,0,3,0,0,4,6,29,31,0,0,4,4,0,0,0.015417639557754822,0.018671729,0.0032540891128422546
160.csv;07:37:07.775-2024/12/05;415;15,415,482,15,10,0,0,0,4,29,31,1,1,4,4,0,0,0.015417639557754822,0.018667586,0.003249946590030365
101.csv;09:54:38.368-2024/09/06;196;6,196,97,6,7,0,0,14,15,17,22,1,1,2,2,0,0,0.015417639557754822,0.018667154,0.0032495144563557433
105.csv;11:28:03.738-2024/11/20;1007;7,1007,976,7,6,1,1,15,15,23,28,1,1,2,2,0,0,0.015417639557754822,0.018665835,0.003248195703590088
160.csv;07:29:11.885-2024/12/05;954;17,954,832,17,14,0,0,10,10,28,31,1,1,3,3,0,0,0.015417639557754822,0.018661086,0.003243445958459549
160.csv;09:34:13.748-2024/12/05;550;5,550,480,5,5,0,0,3,5,29,30,0,0,4,4,0,0,0.015417639557754822,0.018656319,0.003238679449522667
157.csv;04:19:57.838-2024/10/29;611;0,611,582,0,4,1,1,9,9,31,30,1,1,4,4,0,0,0.015417639557754822,0.018655984,0.0032383441733958053
160.csv;07:14:00.303-2024/12/05;932;5,932,721,5,6,0,0,10,8,28,30,0,0,4,4,0,0,0.015417639557754822,0.01865405,0.0032364107477309036
160.csv;07:22:55.428-2024/12/05;172;17,172,173,17,14,0,0,5,6,29,32,1,1,3,3,0,0,0.015417639557754822,0.018651905,0.0032342649805189895
158.csv;08:03:25.213-2024/12/06;971;10,971,764,10,7,0,0,13,11,29,28,0,0,4,4,0,0,0.015417639557754822,0.018650508,0.0032328679966570663
160.csv;09:41:12.868-2024/12/05;478;5,478,452,5,4,0,0,3,5,29,31,0,0,4,4,1,1,0.015417639557754822,0.018646128,0.0032284889179112243
130.csv;21:34:30.067-2024/01/13;347;10,347,276,10,11,0,0,9,9,31,31,1,1,2,2,0,0,0.015417639557754822,0.01864604,0.0032283995109440612
160.csv;06:43:51.455-2024/12/05;271;10,271,361,10,7,0,0,3,6,28,30,0,0,4,4,0,0,0.015417639557754822,0.018645989,0.003228349219525032
160.csv;08:36:40.781-2024/12/05;340;8,340,432,8,7,1,1,0,5,28,31,1,1,4,4,0,0,0.015417639557754822,0.018643292,0.0032256521093489456
160.csv;06:51:40.476-2024/12/05;69;10,69,228,10,8,0,0,0,4,30,30,1,1,4,4,0,0,0.015417639557754822,0.018639406,0.0032217666315676498
157.csv;04:22:17.108-2024/10/29;202;0,202,197,0,0,1,1,13,14,27,30,1,1,2,2,1,1,0.015417639557754822,0.018637877,0.003220237399900131
160.csv;06:58:29.783-2024/12/05;40;10,40,64,10,11,0,0,11,12,28,30,1,1,2,2,1,1,0.015417639557754822,0.0186368,0.0032191607910038757
158.csv;08:11:33.921-2024/12/06;690;8,690,633,8,6,0,0,12,10,29,31,0,0,4,4,0,0,0.015417639557754822,0.01863203,0.003214390556776695
157.csv;04:04:21.641-2024/10/29;175;0,175,284,0,4,1,0,8,9,28,29,1,1,4,4,0,0,0.015417639557754822,0.01863052,0.003212879951560669
158.csv;08:12:04.389-2024/12/06;665;7,665,589,7,6,0,0,2,5,30,31,0,0,4,4,0,0,0.015417639557754822,0.018630493,0.0032128538745285797
160.csv;08:16:31.341-2024/12/05;228;11,228,180,11,11,0,0,5,5,30,32,1,1,2,2,0,0,0.015417639557754822,0.018630315,0.0032126750605942535
160.csv;09:10:17.543-2024/12/05;289;10,289,238,10,10,0,0,9,9,30,33,1,1,2,2,1,1,0.015417639557754822,0.018621983,0.0032043434488417434
160.csv;06:59:24.917-2024/12/05;433;11,433,448,11,11,0,0,5,8,29,31,1,1,3,3,0,0,0.015417639557754822,0.018619834,0.003202193956339531
157.csv;04:04:21.495-2024/10/29;160;7,160,175,7,7,1,1,14,12,28,29,1,1,3,3,0,0,0.015417639557754822,0.018617783,0.0032001431840302276
160.csv;07:14:41.316-2024/12/05;937;16,937,872,16,13,0,0,5,7,29,31,0,0,3,3,0,0,0.015417639557754822,0.018616524,0.0031988840359093475
160.csv;09:26:49.258-2024/12/05;133;0,133,233,0,2,0,0,8,9,30,32,1,1,3,3,1,1,0.015417639557754822,0.01861411,0.003196470047795944
158.csv;08:10:42.377-2024/12/06;656;0,656,602,0,3,0,0,11,10,30,31,0,0,4,4,1,1,0.015417639557754822,0.018610697,0.003193057681882553
160.csv;08:46:07.210-2024/12/05;664;0,664,575,0,3,0,0,6,7,28,31,0,0,4,4,1,1,0.015417639557754822,0.018603308,0.003185668568575554
160.csv;08:38:46.888-2024/12/05;663;10,663,661,10,7,0,0,4,6,28,29,0,0,4,4,0,0,0.015417639557754822,0.018597806,0.0031801663148047256
160.csv;06:51:45.044-2024/12/05;526;10,526,498,10,8,0,0,14,11,28,30,0,0,4,4,1,1,0.015417639557754822,0.018594503,0.003176863844955139
158.csv;08:11:33.931-2024/12/06;691;10,691,662,10,8,0,0,13,11,29,31,0,0,4,4,0,0,0.015417639557754822,0.018592082,0.003174442406261139
160.csv;09:03:56.823-2024/12/05;105;10,105,63,10,10,0,0,4,3,30,32,1,1,2,2,1,1,0.015417639557754822,0.018590026,0.003172386046016388
136.csv;18:54:29.332-2024/01/16;276;3,276,305,3,5,1,1,7,8,30,31,1,1,3,3,0,0,0.015417639557754822,0.018587003,0.003169362972939186
160.csv;07:38:26.187-2024/12/05;65;5,65,186,5,6,0,0,4,6,30,31,1,1,3,3,1,1,0.015417639557754822,0.018583316,0.003165676798188858
157.csv;04:18:10.916-2024/10/29;158;7,158,145,7,7,1,1,14,14,25,29,1,1,2,2,0,0,0.015417639557754822,0.018570045,0.0031524054515005874
157.csv;04:04:22.721-2024/10/29;283;7,283,242,7,8,0,0,6,7,22,29,1,1,2,2,0,0,0.015417639557754822,0.01856871,0.003151069934928589
160.csv;07:00:44.932-2024/12/05;243;5,243,175,5,6,0,0,8,9,29,31,1,1,2,2,1,1,0.015417639557754822,0.018567113,0.003149473648035698
158.csv;08:03:26.182-2024/12/06;44;11,44,247,11,8,0,0,8,9,28,31,0,0,3,3,0,0,0.015417639557754822,0.018566048,0.0031484082150103378
160.csv;06:57:28.774-2024/12/05;83;10,83,303,10,9,0,0,9,8,30,30,0,0,4,4,0,0,0.015417639557754822,0.018563319,0.0031456794398667144
160.csv;07:51:59.949-2024/12/05;545;10,545,537,10,8,0,0,11,9,29,31,0,0,4,4,1,1,0.015417639557754822,0.018558359,0.0031407192158343124
160.csv;06:51:25.016-2024/12/05;571;10,571,542,10,7,0,0,10,9,31,32,0,0,4,4,1,1,0.015417639557754822,0.01855511,0.0031374707626940536
160.csv;06:51:25.125-2024/12/05;582;10,582,577,10,8,0,0,12,10,30,32,0,0,4,4,0,0,0.015417639557754822,0.018541414,0.0031237747329117584
160.csv;07:14:05.954-2024/12/05;473;10,473,483,10,8,0,0,3,6,28,29,0,0,4,4,0,0,0.015417639557754822,0.018539503,0.0031218636589886474
160.csv;06:50:32.718-2024/12/05;461;15,461,472,15,13,0,0,2,4,30,32,1,1,3,3,1,1,0.015417639557754822,0.018537417,0.0031197774964215087
160.csv;08:23:07.428-2024/12/05;925;12,925,732,12,9,0,0,2,6,28,31,1,1,4,4,0,0,0.015417639557754822,0.018534515,0.003116875495279007
160.csv;08:07:59.254-2024/12/05;220;2,220,379,2,4,0,0,11,10,28,31,0,0,4,4,1,1,0.015417639557754822,0.018533794,0.0031161546516062545
160.csv;08:48:25.764-2024/12/05;183;5,183,144,5,4,0,0,4,4,30,33,1,1,2,2,1,1,0.015417639557754822,0.018533144,0.003115504588449173
136.csv;18:53:09.004-2024/01/16;435;10,435,461,10,10,1,1,4,5,30,33,1,1,2,2,0,0,0.015417639557754822,0.0185326,0.0031149606960655975
158.csv;08:17:46.930-2024/12/06;103;7,103,422,7,6,0,0,10,10,28,31,0,0,4,4,0,0,0.015417639557754822,0.018532505,0.0031148657011629867
157.csv;04:18:02.431-2024/10/29;334;5,334,283,5,7,1,1,9,10,23,29,1,1,2,2,0,0,0.015417639557754822,0.018532252,0.0031146123814226913
101.csv;09:56:52.274-2024/09/06;274;9,274,238,9,9,1,1,12,12,22,29,1,1,2,2,1,1,0.015417639557754822,0.0185311,0.0031134612667204666
160.csv;07:39:58.746-2024/12/05;104;16,104,65,16,15,0,0,8,8,30,31,1,1,2,2,0,0,0.015417639557754822,0.018528571,0.003110931794607811
124.csv;19:34:06.396-2024/02/13;495;10,495,472,10,9,0,0,4,5,31,32,1,1,2,3,0,0,0.015417639557754822,0.01852779,0.003110151346290283
158.csv;08:11:34.133-2024/12/06;711;10,711,640,10,7,0,0,8,8,28,30,0,0,4,4,0,0,0.015417639557754822,0.018522076,0.0031044367509724426
160.csv;09:10:59.610-2024/12/05;400;2,400,416,2,5,0,0,10,9,29,31,0,0,3,3,0,0,0.015417639557754822,0.01852199,0.003104351069295578
160.csv;09:18:39.903-2024/12/05;349;10,349,422,10,8,0,0,14,11,30,31,0,0,4,4,0,0,0.015417639557754822,0.018517153,0.003099513779843025
160.csv;09:32:53.843-2024/12/05;751;10,751,657,10,8,0,0,3,6,29,30,0,0,4,4,0,0,0.015417639557754822,0.018510208,0.003092567976081543
157.csv;04:04:22.331-2024/10/29;244;3,244,323,3,4,1,1,15,12,29,30,1,1,4,4,1,1,0.015417639557754822,0.018509995,0.0030923556345345306
160.csv;07:44:26.120-2024/12/05;218;5,218,150,5,5,0,0,14,14,28,31,1,1,2,2,1,1,0.015417639557754822,0.01850953,0.003091889973247223
105.csv;11:30:07.046-2024/11/20;26;5,26,24,5,6,1,1,13,13,27,30,1,1,2,2,0,0,0.015417639557754822,0.018508738,0.0030910983490587997
160.csv;09:10:13.462-2024/12/05;905;5,905,997,5,4,0,0,14,15,30,30,1,1,2,2,1,1,0.015417639557754822,0.018506749,0.003089109044039421
160.csv;07:44:26.120-2024/12/05;218;6,218,127,6,5,0,0,15,15,28,30,1,1,2,2,0,0,0.015417639557754822,0.018506212,0.0030885726022364425
158.csv;08:17:45.724-2024/12/06;1006;11,1006,873,11,11,0,0,12,11,28,30,1,1,3,3,0,0,0.015417639557754822,0.018505352,0.003087712060177498
136.csv;18:53:36.964-2024/01/16;159;10,159,79,10,9,1,1,6,6,30,31,1,1,2,2,1,1,0.015417639557754822,0.018503003,0.0030853632646443176
160.csv;08:17:58.040-2024/12/05;706;15,706,708,15,10,0,0,12,11,30,32,0,0,3,3,0,0,0.015417639557754822,0.01850145,0.003083809818589859
160.csv;09:16:06.165-2024/12/05;335;15,335,376,15,13,0,0,11,10,30,32,1,1,3,3,0,0,0.015417639557754822,0.018495187,0.0030775476055981445
136.csv;18:53:25.556-2024/01/16;42;10,42,149,10,9,1,1,11,12,18,23,1,1,3,3,0,0,0.015417639557754822,0.01849191,0.003074271212780647
160.csv;09:18:41.985-2024/12/05;557;10,557,570,10,8,0,0,8,8,30,31,0,0,4,4,0,0,0.015417639557754822,0.018490849,0.0030732095050455856
160.csv;09:18:37.312-2024/12/05;90;10,90,264,10,8,0,0,6,7,29,30,0,0,4,3,0,0,0.015417639557754822,0.018483246,0.003065606187546425
160.csv;09:03:52.204-2024/12/05;667;10,667,601,10,8,0,0,11,10,30,31,0,0,4,4,0,0,0.015417639557754822,0.018482562,0.003064922596776657
160.csv;06:59:20.609-2024/12/05;2;15,2,223,15,9,0,0,12,10,28,29,1,1,4,4,0,0,0.015417639557754822,0.018475968,0.0030583288329483795
160.csv;07:54:16.861-2024/12/05;924;10,924,1001,10,10,0,0,2,2,30,29,1,1,2,2,0,0,0.015417639557754822,0.018475061,0.003057421724760704
158.csv;08:10:49.094-2024/12/06;303;11,303,262,11,10,0,0,15,14,28,29,0,0,3,3,0,0,0.015417639557754822,0.018471975,0.0030543353217484283
160.csv;06:58:26.649-2024/12/05;751;0,751,624,0,3,0,0,5,7,28,30,0,0,4,4,0,0,0.015417639557754822,0.018455826,0.003038186188304596
101.csv;10:08:49.614-2024/09/06;329;5,329,353,5,6,1,1,11,12,31,32,1,1,3,3,1,1,0.015417639557754822,0.018443137,0.0030254978495480346
101.csv;09:55:42.341-2024/09/06;449;7,449,446,7,9,1,1,15,15,22,30,1,1,2,2,0,0,0.015417639557754822,0.018441712,0.003024072926008873
160.csv;09:40:14.957-2024/12/05;831;0,831,728,0,3,0,0,3,6,30,30,0,0,4,4,1,1,0.015417639557754822,0.018435929,0.003018289412820511
160.csv;07:52:54.738-2024/12/05;904;6,904,732,6,7,0,0,11,10,28,28,0,0,4,3,1,1,0.015417639557754822,0.018435534,0.003017894532048874
157.csv;04:04:21.425-2024/10/29;153;4,153,224,4,5,1,1,14,12,28,29,1,1,4,4,0,0,0.015417639557754822,0.018433671,0.003016031886899643
160.csv;07:22:53.138-2024/12/05;968;2,968,846,2,3,0,0,3,5,30,30,1,1,3,3,0,0,0.015417639557754822,0.018432908,0.003015268202388458
157.csv;04:04:21.186-2024/10/29;129;6,129,265,6,6,1,1,14,11,31,29,1,1,4,4,0,0,0.015417639557754822,0.01843099,0.0030133496778847503
160.csv;07:22:22.427-2024/12/05;968;17,968,822,17,14,0,0,12,12,28,31,1,1,3,3,1,1,0.015417639557754822,0.018428592,0.00301095245357769
160.csv;06:59:20.303-2024/12/05;996;5,996,821,5,6,0,0,5,6,28,28,0,0,4,4,0,0,0.015417639557754822,0.018421741,0.0030041016447188186
136.csv;18:53:57.120-2024/01/16;127;0,127,296,0,4,1,1,11,11,30,29,1,1,4,4,1,1,0.015417639557754822,0.018416304,0.0029986645835282134
160.csv;07:15:17.378-2024/12/05;448;0,448,468,0,3,0,0,5,7,28,30,0,0,4,4,1,1,0.015417639557754822,0.018414507,0.0029968671309592056
160.csv;07:04:30.817-2024/12/05;303;11,303,278,11,11,0,0,5,7,29,31,1,1,2,2,0,0,0.015417639557754822,0.018413926,0.0029962859856726455
101.csv;10:05:42.213-2024/09/06;21;4,21,-6,4,4,1,1,14,14,21,25,1,1,2,2,1,1,0.015417639557754822,0.018413804,0.0029961649137379455
160.csv;09:25:33.681-2024/12/05;767;5,767,652,5,5,0,0,4,7,30,31,0,0,4,4,0,0,0.015417639557754822,0.018411512,0.002993871997559242
155.csv;03:50:36.427-2024/10/29;597;15,597,551,15,10,0,0,15,12,29,30,1,1,4,4,0,0,0.015417639557754822,0.018408269,0.002990629132354431
101.csv;10:03:29.681-2024/09/06;80;0,80,140,0,3,1,1,9,10,24,29,0,0,2,2,0,0,0.015417639557754822,0.018406035,0.002988395820820503
160.csv;07:14:05.136-2024/12/05;391;15,391,410,15,10,0,0,0,4,30,31,1,1,4,4,1,1,0.015417639557754822,0.018405654,0.002988013978564911
160.csv;07:52:54.770-2024/12/05;907;7,907,753,7,7,0,0,4,6,28,31,0,0,3,3,1,1,0.015417639557754822,0.018399198,0.0029815580504776763
136.csv;18:51:44.844-2024/01/16;211;6,211,183,6,7,1,1,6,7,18,26,1,1,1,1,0,0,0.015417639557754822,0.018396966,0.0029793266015888976
160.csv;09:32:53.966-2024/12/05;764;0,764,646,0,2,0,0,7,8,30,31,0,0,4,4,0,0,0.015417639557754822,0.01839638,0.00297873986836689
160.csv;08:39:22.810-2024/12/05;159;15,159,180,15,14,0,0,14,14,31,32,1,1,2,2,0,0,0.015417639557754822,0.018393867,0.0029762271600605773
100.csv;04:27:30.379-2024/09/05;786;5,786,775,5,6,0,0,13,12,29,30,1,1,3,3,1,1,0.015417639557754822,0.01839376,0.002976120989287071
101.csv;10:07:14.028-2024/09/06;1010;8,1010,1022,8,8,1,1,14,14,20,25,1,1,2,2,0,0,0.015417639557754822,0.018390084,0.0029724441277624893
160.csv;08:38:46.203-2024/12/05;595;0,595,553,0,3,0,0,7,8,28,30,0,0,4,4,1,1,0.015417639557754822,0.018385593,0.0029679532903076934
157.csv;04:06:11.433-2024/10/29;914;3,914,769,3,4,1,1,13,11,31,30,1,1,4,4,0,0,0.015417639557754822,0.018385034,0.002967394496762924
160.csv;06:43:16.723-2024/12/05;894;5,894,711,5,5,0,0,12,10,28,29,0,0,4,4,0,0,0.015417639557754822,0.018383767,0.002966127898061447
155.csv;03:50:39.867-2024/10/29;941;15,941,794,15,11,0,0,15,12,29,29,1,1,4,4,1,1,0.015417639557754822,0.018380601,0.0029629614013077545
160.csv;09:25:24.101-2024/12/05;833;5,833,730,5,6,0,0,8,8,30,31,0,0,4,4,1,1,0.015417639557754822,0.018378869,0.0029612291413189697
160.csv;06:57:31.996-2024/12/05;405;10,405,463,10,8,0,0,2,5,28,31,0,0,4,4,0,0,0.015417639557754822,0.018378636,0.002960996310675316
160.csv;08:08:56.236-2024/12/05;798;5,798,702,5,4,0,0,3,5,30,30,0,0,4,4,1,1,0.015417639557754822,0.018374126,0.0029564868467690276
160.csv;08:38:46.227-2024/12/05;597;10,597,525,10,7,0,0,8,8,28,31,0,0,4,4,1,1,0.015417639557754822,0.018372212,0.0029545720475556182
160.csv;09:25:30.465-2024/12/05;445;15,445,528,15,11,0,0,7,7,30,32,0,0,4,4,1,1,0.015417639557754822,0.018371286,0.0029536463129164504
160.csv;07:53:23.780-2024/12/05;736;11,736,630,11,9,0,0,5,8,28,30,0,0,4,4,1,1,0.015417639557754822,0.018368697,0.0029510572361590194
160.csv;09:03:22.453-2024/12/05;764;10,764,687,10,8,0,0,14,11,30,30,0,0,4,4,0,0,0.015417639557754822,0.018365351,0.0029477119254710006
160.csv;08:07:58.567-2024/12/05;151;5,151,333,5,5,0,0,11,10,29,32,0,0,4,3,1,1,0.015417639557754822,0.018361384,0.0029437444913031387
136.csv;18:50:49.172-2024/01/16;788;0,788,691,0,3,1,0,5,7,30,29,1,1,4,4,0,0,0.015417639557754822,0.018358545,0.0029409058200957107
160.csv;09:41:39.445-2024/12/05;63;16,63,119,16,12,0,0,12,12,30,30,0,0,3,3,1,1,0.015417639557754822,0.018358484,0.002940844352805786
158.csv;08:11:33.878-2024/12/06;686;1,686,660,1,2,0,0,8,8,29,30,0,0,4,4,1,1,0.015417639557754822,0.018357633,0.0029399931239725875
160.csv;09:17:34.392-2024/12/05;966;5,966,743,5,5,0,0,7,7,29,30,0,0,4,4,0,0,0.015417639557754822,0.018349744,0.0029321048217655944
158.csv;08:10:50.084-2024/12/06;402;15,402,476,15,12,0,0,0,2,28,32,1,1,3,3,1,1,0.015417639557754822,0.01834525,0.0029276102590205
160.csv;09:41:39.471-2024/12/05;66;6,66,294,6,5,0,0,15,12,30,31,0,0,3,3,1,1,0.015417639557754822,0.018343028,0.0029253881233574676
160.csv;09:11:01.753-2024/12/05;614;10,614,528,10,10,0,0,0,2,30,31,1,1,3,3,0,0,0.015417639557754822,0.018335229,0.0029175892281176376
158.csv;08:11:33.773-2024/12/06;675;12,675,597,12,9,0,0,5,7,30,32,0,0,4,4,1,1,0.015417639557754822,0.01833014,0.0029125004815699386
160.csv;08:17:22.515-2024/12/05;226;0,226,121,0,0,0,0,4,5,31,32,1,1,2,2,1,1,0.015417639557754822,0.018325754,0.0029081139522434997
160.csv;07:29:06.507-2024/12/05;416;15,416,453,15,10,0,0,0,4,30,30,1,1,4,4,1,1,0.015417639557754822,0.018324776,0.0029071360635401534
155.csv;03:51:22.286-2024/10/29;63;12,63,134,12,13,0,0,3,3,30,32,1,1,2,2,1,1,0.015417639557754822,0.018322105,0.0029044650303961562
160.csv;09:02:25.866-2024/12/05;225;15,225,256,15,13,0,0,7,7,30,33,1,1,3,3,1,1,0.015417639557754822,0.018316679,0.0028990391450764465
160.csv;08:47:28.497-2024/12/05;600;10,600,641,10,9,0,0,6,6,30,32,1,1,3,3,1,1,0.015417639557754822,0.01831401,0.0028963699745775985
160.csv;09:34:10.558-2024/12/05;231;1,231,369,1,3,0,0,7,8,29,31,0,0,4,4,1,1,0.015417639557754822,0.01831033,0.0028926912504078674
103.csv;04:08:27.560-2024/09/04;661;0,661,628,0,2,0,0,9,8,31,30,0,0,4,4,0,0,0.015417639557754822,0.018302012,0.002884372677171402
160.csv;06:42:29.310-2024/12/05;249;2,249,210,2,3,0,0,8,9,30,30,1,1,3,3,1,1,0.015417639557754822,0.018301921,0.0028842814075590896
160.csv;09:41:12.843-2024/12/05;475;10,475,460,10,8,0,0,11,10,30,31,0,0,4,4,1,1,0.015417639557754822,0.018301487,0.002883847411239319
160.csv;07:55:01.309-2024/12/05;249;5,249,202,5,4,0,0,1,1,29,31,1,1,2,2,0,0,0.015417639557754822,0.018300273,0.00288263296660202
157.csv;04:04:21.310-2024/10/29;142;0,142,254,0,3,1,0,10,10,28,28,1,1,4,4,1,1,0.015417639557754822,0.018296912,0.0028792727547528076
160.csv;09:26:42.554-2024/12/05;486;10,486,514,10,8,0,0,14,11,29,30,0,0,4,4,1,1,0.015417639557754822,0.018296398,0.00287875866469162
160.csv;08:56:25.315-2024/12/05;10;10,10,-18,10,10,0,0,2,3,29,30,1,1,2,2,0,0,0.015417639557754822,0.01829635,0.00287871023591774
160.csv;09:25:17.825-2024/12/05;205;15,205,235,15,11,0,0,2,6,29,29,1,1,4,4,0,0,0.015417639557754822,0.018292932,0.002875292282068901
160.csv;08:02:46.139-2024/12/05;652;10,652,721,10,11,0,0,6,7,30,31,1,1,2,2,1,1,0.015417639557754822,0.018290285,0.002872645463311844
160.csv;06:42:28.602-2024/12/05;178;5,178,371,5,5,0,0,12,11,28,28,0,0,4,4,1,1,0.015417639557754822,0.018281572,0.0028639320093037414
160.csv;06:51:12.531-2024/12/05;346;16,346,376,16,13,0,0,6,7,29,31,0,0,3,3,0,1,0.015417639557754822,0.018277965,0.0028603259282948303
160.csv;08:15:35.496-2024/12/05;788;7,788,719,7,7,0,0,0,3,28,30,0,0,3,3,1,1,0.015417639557754822,0.01827783,0.0028601899551989364
157.csv;04:04:21.310-2024/10/29;142;2,142,236,2,4,1,0,13,11,28,29,1,1,4,4,1,1,0.015417639557754822,0.01827705,0.002859411369526558
160.csv;07:15:17.372-2024/12/05;447;5,447,459,5,5,0,0,3,5,28,30,0,0,4,4,1,1,0.015417639557754822,0.018276442,0.0028588022845627593
160.csv;09:17:37.608-2024/12/05;264;1,264,283,1,1,0,0,4,5,29,31,1,1,3,3,0,0,0.015417639557754822,0.01827479,0.0028571501183153915
160.csv;09:10:03.873-2024/12/05;970;5,970,1016,5,5,0,0,6,7,30,30,1,1,2,2,1,1,0.015417639557754822,0.018273605,0.0028559654760004806
160.csv;06:51:30.912-2024/12/05;137;5,137,66,5,5,0,0,5,5,30,33,1,1,2,2,1,1,0.015417639557754822,0.018267486,0.002849846686685257
160.csv;09:34:15.924-2024/12/05;767;15,767,715,15,10,0,0,9,9,30,31,0,0,4,4,1,1,0.015417639557754822,0.018264374,0.002846734206640892
160.csv;09:40:30.811-2024/12/05;368;6,368,429,6,6,0,0,4,7,29,32,0,0,4,4,0,0,0.015417639557754822,0.018264046,0.0028464063810946273
158.csv;08:11:33.776-2024/12/06;675;16,675,612,16,11,0,0,6,8,30,31,0,0,4,4,0,0,0.015417639557754822,0.018262101,0.00284446177955883
160.csv;09:10:56.223-2024/12/05;61;5,61,13,5,4,0,0,15,15,30,30,1,1,2,2,1,1,0.015417639557754822,0.018258039,0.0028403993504883575
160.csv;08:23:07.077-2024/12/05;890;5,890,705,5,6,0,0,12,9,28,29,0,0,4,4,0,0,0.015417639557754822,0.018257562,0.0028399225133301544
160.csv;09:09:57.763-2024/12/05;359;5,359,393,5,6,0,0,4,6,29,31,0,0,4,4,1,1,0.015417639557754822,0.018256795,0.002839155103528671
160.csv;07:54:21.717-2024/12/05;386;5,386,364,5,6,0,0,4,6,30,32,1,1,3,3,0,0,0.015417639557754822,0.018255498,0.0028378587025048065
101.csv;10:08:24.672-2024/09/06;907;2,907,942,2,2,1,1,12,13,23,28,1,1,2,2,0,0,0.015417639557754822,0.018255055,0.0028374153929592895
136.csv;18:53:02.224-2024/01/16;781;10,781,782,10,11,1,1,8,9,20,29,1,1,2,2,0,0,0.015417639557754822,0.018254736,0.002837096880638771
160.csv;06:58:26.512-2024/12/05;737;5,737,658,5,5,0,0,12,11,29,29,0,0,4,4,0,0,0.015417639557754822,0.01825428,0.0028366405325772094
160.csv;07:22:07.279-2024/12/05;478;0,478,501,0,3,0,0,6,7,30,31,0,0,4,4,1,1,0.015417639557754822,0.018249623,0.002831983919704132
160.csv;08:24:05.607-2024/12/05;599;10,599,538,10,8,0,0,11,10,29,30,0,0,4,4,1,1,0.015417639557754822,0.01824713,0.0028294898378493118
160.csv;06:59:20.431-2024/12/05;1009;6,1009,829,6,6,0,0,5,7,28,32,0,0,4,4,0,0,0.015417639557754822,0.01824484,0.002827200646960907
101.csv;10:04:27.923-2024/09/06;784;5,784,842,5,5,0,0,14,14,19,24,1,1,2,2,1,1,0.015417639557754822,0.018243495,0.002825855817163162
160.csv;09:41:10.718-2024/12/05;263;5,263,292,5,5,0,0,9,9,29,30,0,0,4,4,1,1,0.015417639557754822,0.018242233,0.0028245929437519836
160.csv;06:50:32.370-2024/12/05;426;9,426,420,9,9,1,1,12,12,29,33,1,1,2,2,1,1,0.015417639557754822,0.018241644,0.0028240043478848266
160.csv;09:10:10.445-2024/12/05;603;10,603,612,10,9,0,0,9,10,29,32,1,1,3,3,0,0,0.015417639557754822,0.018239785,0.002822145428025894
160.csv;09:41:08.713-2024/12/05;62;15,62,162,15,10,0,0,14,12,30,28,1,1,4,4,1,1,0.015417639557754822,0.018237773,0.0028201337712647247
158.csv;08:10:47.840-2024/12/06;178;5,178,293,5,5,0,0,8,8,30,31,0,0,4,4,0,0,0.015417639557754822,0.018234974,0.0028173342156054305
160.csv;07:53:23.808-2024/12/05;739;1,739,646,1,4,0,0,0,4,28,30,0,0,4,3,0,0,0.015417639557754822,0.018231655,0.002814014981949501
160.csv;07:32:09.909-2024/12/05;325;5,325,323,5,4,0,0,5,6,29,31,1,1,3,3,1,1,0.015417639557754822,0.018229658,0.0028120182263495254
157.csv;04:04:21.267-2024/10/29;137;6,137,256,6,6,1,1,14,11,28,29,1,1,4,4,0,0,0.015417639557754822,0.018228589,0.002810949068033867
160.csv;09:24:45.178-2024/12/05;13;5,13,56,5,4,0,0,3,2,29,31,1,1,2,2,0,0,0.015417639557754822,0.018227547,0.0028099078493954467
160.csv;06:58:52.316-2024/12/05;245;15,245,342,15,9,0,0,3,6,28,29,1,1,4,4,0,0,0.015417639557754822,0.018227458,0.0028098184424282836
160.csv;09:32:53.166-2024/12/05;684;0,684,682,0,0,0,0,8,9,31,31,1,1,3,3,1,1,0.015417639557754822,0.018226644,0.0028090044664980697
160.csv;09:32:50.701-2024/12/05;437;6,437,450,6,6,0,0,13,11,30,31,0,0,4,4,1,1,0.015417639557754822,0.018226622,0.002808982114756279
160.csv;09:17:43.919-2024/12/05;895;5,895,730,5,4,0,0,6,7,29,29,0,0,4,4,1,1,0.015417639557754822,0.01822628,0.0028086412506939697
101.csv;09:55:39.883-2024/09/06;204;0,204,342,0,4,1,1,13,11,31,29,1,1,4,4,1,1,0.015417639557754822,0.01822277,0.0028051301645876693
101.csv;10:08:48.956-2024/09/06;263;11,263,153,11,12,0,0,12,13,17,24,1,1,2,2,1,1,0.015417639557754822,0.018219095,0.0028014551657082366
101.csv;09:57:39.363-2024/09/06;888;2,888,953,2,2,1,1,15,14,21,27,1,1,2,2,1,1,0.015417639557754822,0.018217755,0.0028001159238459396
158.csv;08:12:04.382-2024/12/06;664;10,664,594,10,8,0,0,13,11,30,31,0,0,4,4,1,1,0.015417639557754822,0.018214867,0.0027972269612194824
157.csv;04:04:22.340-2024/10/29;245;0,245,315,0,4,1,1,12,10,29,29,1,1,4,4,0,0,0.015417639557754822,0.018208371,0.002790731917584114
160.csv;09:10:59.653-2024/12/05;404;6,404,405,6,5,0,0,7,8,31,31,0,0,4,4,0,0,0.015417639557754822,0.018204618,0.0027869786876084136
160.csv;06:59:22.542-2024/12/05;196;5,196,275,5,6,0,0,10,9,29,29,0,0,4,4,0,0,0.015417639557754822,0.018200884,0.0027832440840842056
160.csv;07:14:06.626-2024/12/05;540;16,540,553,16,12,0,0,6,7,28,32,0,0,3,3,0,0,0.015417639557754822,0.018197823,0.002780183758104019
158.csv;08:19:32.401-2024/12/06;410;10,410,454,10,9,0,0,10,9,28,30,0,0,4,4,0,0,0.015417639557754822,0.018195562,0.0027779225068928527
160.csv;06:42:28.645-2024/12/05;182;5,182,333,5,5,0,0,8,9,28,29,0,0,4,4,0,0,0.015417639557754822,0.018191442,0.002773802335822754
160.csv;06:59:20.489-2024/12/05;1015;0,1015,877,0,3,0,0,1,5,30,26,1,1,4,4,1,1,0.015417639557754822,0.01818974,0.0027720998781563568
158.csv;08:12:04.463-2024/12/06;672;10,672,592,10,8,0,0,13,11,29,30,0,0,4,4,1,1,0.015417639557754822,0.018187763,0.0027701236116530227
160.csv;07:23:25.433-2024/12/05;101;10,101,44,10,9,0,0,12,12,30,31,1,1,2,2,1,1,0.015417639557754822,0.018183053,0.0027654129820706176
160.csv;08:16:58.292-2024/12/05;875;15,875,795,15,12,0,0,12,11,28,30,0,0,3,3,1,1,0.015417639557754822,0.018181827,0.0027641873615624236
160.csv;07:53:23.985-2024/12/05;757;0,757,626,0,4,0,0,9,10,30,29,0,0,4,4,0,0,0.015417639557754822,0.01817861,0.0027609705733897018
160.csv;08:37:03.381-2024/12/05;553;0,553,540,0,-1,0,0,10,12,28,28,1,1,2,2,1,1,0.015417639557754822,0.018177038,0.002759398500883751
160.csv;07:30:49.559-2024/12/05;482;0,482,479,0,-1,0,0,4,4,29,31,1,1,2,2,0,0,0.015417639557754822,0.01817658,0.00275894029017704
160.csv;08:55:56.183-2024/12/05;169;5,169,121,5,5,0,0,6,6,30,32,1,1,2,2,1,1,0.015417639557754822,0.01817336,0.0027557197767140197
160.csv;09:17:34.410-2024/12/05;968;7,968,739,7,5,0,0,11,9,30,30,0,0,4,4,0,0,0.015417639557754822,0.018173046,0.002755406852328949
160.csv;08:32:33.842-2024/12/05;223;0,223,150,0,-1,0,0,6,6,29,31,1,1,2,2,1,1,0.015417639557754822,0.018171456,0.0027538161533715057
160.csv;08:22:17.707-2024/12/05;49;6,49,115,6,6,0,0,11,12,29,29,0,0,3,3,1,1,0.015417639557754822,0.01817106,0.0027534212725998687
160.csv;07:14:41.383-2024/12/05;944;11,944,796,11,10,0,0,1,4,29,30,1,1,3,4,0,0,0.015417639557754822,0.018169219,0.0027515791165472793
160.csv;07:54:09.397-2024/12/05;178;0,178,103,0,0,0,0,6,7,30,31,1,1,2,2,1,1,0.015417639557754822,0.01816821,0.002750569562876396
160.csv;08:15:35.255-2024/12/05;764;0,764,660,0,3,0,0,7,8,28,30,0,0,4,4,0,0,0.015417639557754822,0.018166298,0.002748658488953285
160.csv;09:41:08.594-2024/12/05;50;17,50,130,17,13,0,0,8,9,31,33,0,0,3,3,0,0,0.015417639557754822,0.018161507,0.002743867765629463
160.csv;08:15:38.822-2024/12/05;96;16,96,232,16,11,0,0,7,8,28,31,1,1,4,4,1,1,0.015417639557754822,0.018155659,0.002738019059860878
160.csv;09:26:11.810-2024/12/05;484;5,484,523,5,5,0,0,2,6,31,32,0,0,4,4,0,0,0.015417639557754822,0.018154336,0.002736696581804924
160.csv;09:17:54.283-2024/12/05;907;10,907,939,10,10,0,0,11,12,30,31,1,1,2,2,0,0,0.015417639557754822,0.018153513,0.002735873292648964
160.csv;09:17:34.410-2024/12/05;968;6,968,801,6,6,0,0,9,9,29,29,0,0,4,4,0,0,0.015417639557754822,0.018153371,0.0027357317316176223
157.csv;04:04:22.024-2024/10/29;213;3,213,339,3,4,1,0,9,10,29,30,1,1,4,4,1,1,0.015417639557754822,0.018145848,0.0027282085078598785
157.csv;04:04:21.681-2024/10/29;179;0,179,280,0,4,1,0,9,9,28,29,1,1,4,4,1,1,0.015417639557754822,0.018142192,0.002724552135431938
160.csv;06:51:45.082-2024/12/05;530;0,530,511,0,3,0,0,9,10,28,30,0,0,4,4,1,1,0.015417639557754822,0.018137168,0.0027195285814644622
160.csv;07:23:58.311-2024/12/05;317;5,317,256,5,5,0,0,15,15,30,32,1,1,2,2,1,1,0.015417639557754822,0.018133983,0.0027163434582592773
160.csv;07:39:59.153-2024/12/05;145;15,145,38,15,15,0,0,11,12,30,30,1,1,2,2,0,0,0.015417639557754822,0.018131303,0.002713663111889534
160.csv;07:43:46.973-2024/12/05;399;15,399,361,15,15,0,0,7,7,28,31,1,1,2,2,0,0,0.015417639557754822,0.018131007,0.002713366951310806
160.csv;07:24:00.138-2024/12/05;500;0,500,527,0,1,0,0,3,5,30,32,1,1,3,3,0,0,0.015417639557754822,0.018129546,0.002711906637513809
160.csv;06:57:52.431-2024/12/05;401;5,401,398,5,4,0,0,11,12,30,33,1,1,3,3,0,0,0.015417639557754822,0.01812668,0.0027090400266291427
158.csv;08:03:31.148-2024/12/06;541;5,541,520,5,5,0,0,6,7,29,32,0,0,4,4,0,0,0.015417639557754822,0.018124998,0.002707358058059387
101.csv;09:52:18.120-2024/09/06;507;5,507,499,5,5,1,1,14,14,17,26,1,1,2,2,0,0,0.015417639557754822,0.018124528,0.002706888671481781
157.csv;04:04:21.223-2024/10/29;133;4,133,212,4,5,1,1,14,12,29,29,1,1,4,4,1,1,0.015417639557754822,0.018123686,0.0027060467558743286
158.csv;08:10:44.741-2024/12/06;892;8,892,749,8,6,0,0,4,6,28,31,0,0,4,4,0,0,0.015417639557754822,0.018122673,0.002705033476913147
130.csv;21:35:11.707-2024/01/13;415;10,415,384,10,9,0,0,11,11,31,32,1,1,2,2,0,0,0.015417639557754822,0.01812189,0.00270425116595047
160.csv;09:10:10.385-2024/12/05;597;10,597,562,10,7,0,0,10,9,30,31,0,0,4,4,0,0,0.015417639557754822,0.018121015,0.0027033757227303314
157.csv;04:14:07.903-2024/10/29;433;6,433,368,6,5,1,1,12,13,12,23,1,1,1,1,1,1,0.015417639557754822,0.018115064,0.0026974245714785385
160.csv;07:29:06.980-2024/12/05;464;0,464,496,0,4,0,0,11,10,28,30,0,0,4,4,0,0,0.015417639557754822,0.018112814,0.0026951744961382675
160.csv;08:23:07.328-2024/12/05;915;10,915,713,10,8,0,0,9,9,28,28,0,0,4,4,0,0,0.015417639557754822,0.018111797,0.0026941574918867874
160.csv;06:59:20.599-2024/12/05;2;1,2,114,1,3,0,0,11,11,28,30,1,1,3,3,0,0,0.015417639557754822,0.018098429,0.0026807892876507568
157.csv;04:04:21.990-2024/10/29;210;2,210,267,2,5,1,1,14,11,28,29,1,1,4,4,0,0,0.015417639557754822,0.018090582,0.0026729419636370468
160.csv;09:32:53.858-2024/12/05;753;0,753,679,0,3,0,0,11,9,29,30,0,0,4,4,1,1,0.015417639557754822,0.018088885,0.0026712450939060974
160.csv;09:10:10.382-2024/12/05;597;5,597,536,5,5,0,0,7,8,30,29,0,0,4,4,0,0,0.015417639557754822,0.018088233,0.0026705931681038665
160.csv;07:30:57.590-2024/12/05;261;5,261,197,5,5,0,0,8,9,29,31,1,1,2,2,1,1,0.015417639557754822,0.018087417,0.0026697773295285034
158.csv;08:10:47.844-2024/12/06;178;12,178,186,12,11,0,0,13,13,30,30,1,1,2,3,0,0,0.015417639557754822,0.018087294,0.002669654394948654
160.csv;07:46:22.318-2024/12/05;574;0,574,603,0,1,0,0,7,9,30,33,1,1,3,3,1,1,0.015417639557754822,0.018082926,0.0026652864920737075
157.csv;04:04:21.748-2024/10/29;186;0,186,281,0,4,1,1,11,9,28,28,1,1,4,4,0,0,0.015417639557754822,0.018082872,0.00266523247536438
158.csv;08:19:32.376-2024/12/06;407;15,407,430,15,9,0,0,9,9,28,29,0,0,4,4,0,0,0.015417639557754822,0.018082382,0.002664742599690132
157.csv;04:04:22.725-2024/10/29;283;12,283,283,12,13,0,0,4,5,21,26,1,1,2,2,0,0,0.015417639557754822,0.018081343,0.002663703243696861
160.csv;09:25:43.221-2024/12/05;697;10,697,648,10,8,0,0,13,11,30,30,0,0,4,4,0,0,0.015417639557754822,0.018076755,0.0026591155486943054
160.csv;06:43:42.990-2024/12/05;448;17,448,437,17,15,0,0,8,8,28,31,1,1,3,3,1,1,0.015417639557754822,0.018068397,0.002650757859909706
160.csv;09:33:45.087-2024/12/05;756;0,756,741,0,2,0,0,0,4,30,31,1,1,4,4,0,0,0.015417639557754822,0.018062472,0.0026448327856900024
160.csv;07:32:08.523-2024/12/05;186;10,186,154,10,10,0,0,3,3,30,31,1,1,2,2,1,1,0.015417639557754822,0.018060625,0.0026429850417019653
157.csv;04:04:22.051-2024/10/29;216;2,216,213,2,4,1,1,12,11,29,30,1,1,3,3,1,1,0.015417639557754822,0.018052869,0.0026352289873005676
160.csv;09:09:57.642-2024/12/05;347;5,347,374,5,5,0,0,4,6,29,30,0,0,4,4,1,1,0.015417639557754822,0.018052591,0.002634951453173332
158.csv;08:11:34.130-2024/12/06;711;5,711,661,5,5,0,0,5,6,28,32,0,0,4,4,0,0,0.015417639557754822,0.018052258,0.00263461803969162
160.csv;08:22:17.723-2024/12/05;50;16,50,266,16,10,0,0,6,8,29,29,1,1,4,4,1,1,0.015417639557754822,0.018050555,0.0026329155820252227
160.csv;07:13:06.464-2024/12/05;668;10,668,637,10,7,0,0,0,4,29,29,0,0,4,4,0,0,0.015417639557754822,0.018049095,0.0026314552682282256
158.csv;08:03:25.198-2024/12/06;970;6,970,750,6,6,0,0,7,9,28,31,0,0,4,4,1,1,0.015417639557754822,0.018045975,0.002628335337603264
160.csv;07:30:56.250-2024/12/05;127;5,127,93,5,5,0,0,6,6,29,31,1,1,2,2,0,0,0.015417639557754822,0.01804587,0.002628231029474907
158.csv;08:11:33.921-2024/12/06;690;6,690,620,6,7,0,0,8,9,29,31,0,0,4,4,0,0,0.015417639557754822,0.018043175,0.0026255357819439697
160.csv;08:23:08.447-2024/12/05;3;5,3,360,5,6,0,0,3,5,28,32,0,0,3,3,1,1,0.015417639557754822,0.018033596,0.002615956197941475
160.csv;09:33:45.068-2024/12/05;754;2,754,687,2,5,0,0,5,7,29,31,0,0,4,4,0,0,0.015417639557754822,0.018032163,0.0026145238238217162
160.csv;08:33:46.633-2024/12/05;334;0,334,277,0,-1,0,0,11,13,30,31,1,1,2,2,0,0,0.015417639557754822,0.01803074,0.002613100762927704
160.csv;09:17:34.448-2024/12/05;971;18,971,826,18,13,0,0,14,11,29,32,0,0,3,3,1,1,0.015417639557754822,0.018023822,0.00260618289884346
157.csv;04:08:22.013-2024/10/29;660;8,660,674,8,7,1,1,13,12,29,30,1,1,3,3,1,1,0.015417639557754822,0.018023359,0.0026057191002013015
160.csv;06:58:33.138-2024/12/05;376;0,376,457,0,3,0,0,4,7,29,31,0,0,4,4,0,0,0.015417639557754822,0.018022466,0.00260482689317482
160.csv;08:15:35.363-2024/12/05;775;1,775,659,1,4,0,0,10,10,28,30,0,0,4,4,0,0,0.015417639557754822,0.018017303,0.0025996636408211517
136.csv;18:53:34.960-2024/01/16;983;0,983,844,0,3,1,1,13,11,30,29,1,1,4,4,1,1,0.015417639557754822,0.01801498,0.0025973409223200607
160.csv;07:30:22.821-2024/12/05;880;5,880,735,5,5,0,0,10,9,28,29,0,0,4,4,1,1,0.015417639557754822,0.018014548,0.002596908788645439
157.csv;04:04:21.189-2024/10/29;130;0,130,243,0,4,1,0,9,9,31,29,1,1,4,4,1,1,0.015417639557754822,0.018007368,0.0025897282915951537
160.csv;06:43:16.720-2024/12/05;894;1,894,664,1,4,0,0,9,8,28,31,0,0,4,4,0,0,0.015417639557754822,0.01800566,0.002588020245993309
160.csv;09:41:12.868-2024/12/05;478;6,478,472,6,6,0,0,4,6,29,32,0,0,4,4,1,1,0.015417639557754822,0.01800397,0.0025863308268429565
158.csv;08:11:34.281-2024/12/06;726;11,726,713,11,9,0,0,7,9,28,32,1,1,3,3,0,0,0.015417639557754822,0.018002542,0.0025849021780134963
160.csv;08:55:00.365-2024/12/05;731;10,731,828,10,9,0,0,6,6,30,31,1,1,2,2,0,0,0.015417639557754822,0.018000606,0.0025829668897034454
160.csv;08:38:46.725-2024/12/05;647;1,647,566,1,4,0,0,9,9,28,29,0,0,4,4,1,1,0.015417639557754822,0.017999878,0.002582238595450096
160.csv;07:44:39.720-2024/12/05;554;5,554,526,5,5,0,0,8,9,29,31,0,0,4,4,1,1,0.015417639557754822,0.017992727,0.0025750879007221984
160.csv;07:16:06.091-2024/12/05;199;5,199,91,5,6,0,0,7,8,30,32,1,1,2,2,1,1,0.015417639557754822,0.017990109,0.0025724690216423797
157.csv;04:04:21.868-2024/10/29;197;9,197,296,9,7,1,0,14,12,28,29,1,1,4,4,1,1,0.015417639557754822,0.017989771,0.002572131882870369
160.csv;07:59:32.401-2024/12/05;734;10,734,773,10,9,0,0,6,8,28,32,1,1,3,3,0,0,0.015417639557754822,0.017988537,0.0025708969491364288
158.csv;08:11:33.917-2024/12/06;690;5,690,625,5,4,0,0,7,8,29,31,0,0,4,4,0,0,0.015417639557754822,0.017987728,0.0025700885611416625
160.csv;09:39:53.431-2024/12/05;726;10,726,667,10,8,0,0,12,10,29,30,0,0,4,4,1,1,0.015417639557754822,0.017985007,0.002567367236578636
160.csv;06:44:56.018-2024/12/05;583;15,583,582,15,12,0,0,6,6,30,33,1,1,3,3,0,0,0.015417639557754822,0.017981708,0.002564068492019348
160.csv;06:51:25.120-2024/12/05;581;15,581,558,15,11,0,0,11,10,30,31,0,0,4,4,1,1,0.015417639557754822,0.017977342,0.0025597024517895507
160.csv;08:31:06.335-2024/12/05;688;5,688,641,5,6,0,0,9,9,29,31,0,0,4,4,0,0,0.015417639557754822,0.017971832,0.0025541927474381255
105.csv;11:28:02.342-2024/11/20;868;0,868,948,0,0,1,1,14,14,24,28,1,1,2,2,1,1,0.015417639557754822,0.017971767,0.0025541275548579025
158.csv;08:10:50.120-2024/12/06;406;7,406,407,7,6,0,0,10,9,28,32,0,0,4,4,0,0,0.015417639557754822,0.017970497,0.002552857230866127
160.csv;09:18:39.899-2024/12/05;349;5,349,401,5,5,0,0,8,8,30,30,0,0,4,4,0,0,0.015417639557754822,0.017970372,0.0025527324336411285
160.csv;09:10:13.581-2024/12/05;917;5,917,760,5,5,0,0,7,7,30,29,0,0,4,4,1,1,0.015417639557754822,0.017967014,0.002549374084437065
160.csv;07:46:18.924-2024/12/05;234;15,234,184,15,16,0,0,6,5,30,32,1,1,2,2,0,0,0.015417639557754822,0.017963763,0.002546123768651657
157.csv;04:04:22.142-2024/10/29;225;1,225,262,1,5,1,1,11,10,29,28,1,1,4,4,1,1,0.015417639557754822,0.017953366,0.00253572648342865
160.csv;07:51:59.979-2024/12/05;548;10,548,529,10,7,0,0,9,9,29,31,0,0,4,4,0,0,0.015417639557754822,0.017944887,0.0025272477227093505
160.csv;08:16:32.625-2024/12/05;357;5,357,318,5,5,0,0,0,0,28,31,1,1,2,2,0,0,0.015417639557754822,0.017944828,0.002527188118064575
160.csv;09:33:44.593-2024/12/05;706;10,706,751,10,10,0,0,6,7,30,31,1,1,2,2,1,1,0.015417639557754822,0.017942367,0.002524727563822441
136.csv;18:52:36.480-2024/01/16;255;0,255,335,0,1,1,1,7,8,19,27,1,1,2,2,1,1,0.015417639557754822,0.01794071,0.0025230698096396255
160.csv;06:43:16.631-2024/12/05;885;2,885,768,2,3,0,0,12,10,28,30,0,0,4,4,1,1,0.015417639557754822,0.01793105,0.0025134101318957137
160.csv;07:30:09.790-2024/12/05;601;5,601,561,5,5,0,0,12,13,28,30,1,1,3,3,0,0,0.015417639557754822,0.017928282,0.0025106422412039565
136.csv;18:53:27.768-2024/01/16;264;0,264,243,0,2,1,1,7,7,18,26,1,1,2,2,0,0,0.015417639557754822,0.017924692,0.0025070529240013885
158.csv;08:19:32.269-2024/12/06;397;5,397,413,5,4,0,0,13,10,30,31,0,0,4,4,0,0,0.015417639557754822,0.017921863,0.0025042235660197067
158.csv;08:03:23.856-2024/12/06;835;15,835,666,15,9,0,0,4,6,28,31,0,0,4,4,0,0,0.015417639557754822,0.017919518,0.002501878495776825
158.csv;08:03:23.011-2024/12/06;751;7,751,640,7,6,0,0,12,11,28,30,0,0,4,4,0,0,0.015417639557754822,0.01791708,0.0024994402932764816
160.csv;09:34:13.758-2024/12/05;551;2,551,497,2,4,0,0,14,11,29,31,0,0,4,4,0,0,0.015417639557754822,0.017915208,0.0024975683349015045
160.csv;06:51:43.354-2024/12/05;357;6,357,400,6,6,0,0,12,11,28,30,0,0,4,4,0,0,0.015417639557754822,0.017915072,0.0024974323618056106
160.csv;09:25:33.681-2024/12/05;767;10,767,641,10,8,0,0,5,8,30,30,0,0,4,4,1,1,0.015417639557754822,0.0179127,0.0024950612145306396
155.csv;03:34:41.320-2024/10/29;318;10,318,219,10,11,0,0,7,8,27,30,1,1,2,2,0,0,0.015417639557754822,0.017912082,0.002494442816341095
157.csv;04:04:21.664-2024/10/29;177;4,177,285,4,4,1,1,15,13,28,29,1,1,4,4,1,1,0.015417639557754822,0.017910313,0.0024926733034493255
160.csv;07:14:41.372-2024/12/05;943;5,943,746,5,5,0,0,7,7,29,31,0,0,4,4,1,1,0.015417639557754822,0.017905783,0.002488143350446396
160.csv;07:14:04.363-2024/12/05;314;10,314,248,10,10,0,0,8,8,29,31,1,1,2,2,1,1,0.015417639557754822,0.017899482,0.0024818420219065475
160.csv;08:07:59.478-2024/12/05;242;5,242,323,5,6,0,0,8,8,28,32,1,1,3,3,1,1,0.015417639557754822,0.01789565,0.0024780105608345794
157.csv;04:04:21.708-2024/10/29;181;9,181,293,9,6,1,1,14,12,28,29,1,1,4,4,1,1,0.015417639557754822,0.017893126,0.0024754866766573715
160.csv;09:03:57.285-2024/12/05;151;10,151,73,10,9,0,0,13,13,31,31,1,1,2,2,0,0,0.015417639557754822,0.01789179,0.002474151160085373
160.csv;09:33:03.486-2024/12/05;692;0,692,599,0,3,0,0,7,8,31,30,0,0,4,4,1,1,0.015417639557754822,0.017891161,0.002473521586024933
155.csv;03:55:08.081-2024/10/29;115;0,115,197,0,2,0,0,15,14,28,30,0,0,3,3,0,0,0.015417639557754822,0.017883299,0.002465659360850029
160.csv;09:26:11.738-2024/12/05;477;1,477,529,1,3,0,0,1,5,30,32,0,0,4,3,0,0,0.015417639557754822,0.017882438,0.0024647988187910842
160.csv;07:24:26.885-2024/12/05;102;15,102,24,15,14,0,0,6,6,30,32,1,1,2,2,1,1,0.015417639557754822,0.017881552,0.0024639121997000503
158.csv;08:19:32.347-2024/12/06;405;2,405,341,2,4,0,0,11,11,28,31,0,0,3,3,0,1,0.015417639557754822,0.017879521,0.0024618819164873885
160.csv;06:44:31.356-2024/12/05;165;11,165,70,11,12,0,0,10,11,29,30,1,1,2,2,1,1,0.015417639557754822,0.017876737,0.0024590972619892883
101.csv;10:08:13.268-2024/09/06;791;0,791,880,0,1,1,1,10,10,24,28,1,1,2,2,1,1,0.015417639557754822,0.017876612,0.00245897246476429
160.csv;07:13:59.460-2024/12/05;848;5,848,737,5,6,0,0,7,8,28,29,0,0,4,4,1,1,0.015417639557754822,0.0178752,0.0024575605797411727
160.csv;09:10:10.333-2024/12/05;592;10,592,575,10,8,0,0,1,5,30,31,0,0,4,4,0,0,0.015417639557754822,0.017870748,0.0024531088578345107
157.csv;04:04:22.380-2024/10/29;249;0,249,296,0,4,1,1,12,10,29,29,1,1,4,4,1,1,0.015417639557754822,0.0178701,0.0024524606573225784
160.csv;08:09:27.847-2024/12/05;887;5,887,860,5,4,0,0,10,10,29,31,1,1,3,3,0,0,0.015417639557754822,0.01786767,0.002450029905402832
160.csv;07:21:09.247-2024/12/05;818;15,818,778,15,11,0,0,1,4,30,31,1,1,4,4,1,1,0.015417639557754822,0.017863983,0.002446343730652504
160.csv;08:48:53.731-2024/12/05;932;0,932,875,0,0,0,0,12,12,30,31,1,1,3,3,0,0,0.015417639557754822,0.017862076,0.0024444363820196914
101.csv;10:03:26.107-2024/09/06;746;5,746,794,5,5,1,1,9,10,20,27,1,1,2,2,1,1,0.015417639557754822,0.017860759,0.002443119491899185
160.csv;06:49:35.902-2024/12/05;924;5,924,909,5,3,0,1,15,13,30,33,1,1,3,3,1,1,0.015417639557754822,0.017855875,0.0024382356363179016
160.csv;08:17:04.308-2024/12/05;453;10,453,481,10,10,0,0,4,3,30,32,1,1,2,2,1,1,0.015417639557754822,0.017855078,0.0024374384241940307
160.csv;08:23:07.073-2024/12/05;890;0,890,697,0,3,0,0,10,9,28,29,0,0,4,4,1,1,0.015417639557754822,0.017852161,0.002434521521890335
160.csv;07:15:07.277-2024/12/05;461;15,461,450,15,15,0,0,10,11,30,32,1,1,2,2,0,0,0.015417639557754822,0.01784996,0.002432319875323944
160.csv;08:37:33.994-2024/12/05;542;5,542,597,5,4,0,0,8,9,28,33,1,1,3,3,0,0,0.015417639557754822,0.017843047,0.002425407599175148
160.csv;09:17:55.502-2024/12/05;5;5,5,15,5,4,0,0,13,13,30,31,1,1,2,2,1,1,0.015417639557754822,0.0178418,0.002424159626925163
160.csv;09:40:21.248-2024/12/05;436;3,436,450,3,4,0,0,1,5,30,31,0,0,4,4,1,1,0.015417639557754822,0.017839465,0.002421825732553177
160.csv;08:23:07.127-2024/12/05;895;5,895,725,5,7,0,0,13,10,28,30,0,0,4,4,0,0,0.015417639557754822,0.01783887,0.002421229686105423
160.csv;08:18:41.036-2024/12/05;910;3,910,819,3,4,1,1,14,11,31,29,1,1,4,4,1,1,0.015417639557754822,0.017837603,0.002419963087403946
160.csv;06:58:31.862-2024/12/05;248;6,248,367,6,5,0,0,12,11,29,30,0,0,4,4,0,0,0.015417639557754822,0.017832687,0.0024150475668551254
136.csv;18:38:13.024-2024/01/16;949;10,949,985,10,9,1,1,13,13,30,31,1,1,2,2,1,1,0.015417639557754822,0.017830485,0.0024128459202887344
160.csv;07:13:26.853-2024/12/05;659;10,659,658,10,8,0,0,12,12,28,31,1,1,3,4,1,1,0.015417639557754822,0.017826816,0.0024091765093447494
160.csv;06:57:31.498-2024/12/05;355;16,355,400,16,14,0,0,6,7,29,34,1,1,3,3,0,0,0.015417639557754822,0.01782272,0.0024050805526615905
157.csv;04:04:21.267-2024/10/29;137;8,137,188,8,8,1,1,13,12,29,31,1,1,3,3,0,0,0.015417639557754822,0.017820785,0.0024031452643515396
157.csv;04:04:21.745-2024/10/29;185;6,185,253,6,6,1,1,15,11,28,29,1,1,4,4,1,1,0.015417639557754822,0.01781973,0.002402091007197075
157.csv;04:04:21.827-2024/10/29;193;8,193,338,8,7,1,1,15,11,28,29,1,1,4,4,1,1,0.015417639557754822,0.017817216,0.002399576436245613
160.csv;08:55:17.692-2024/12/05;416;0,416,403,0,1,0,0,8,9,31,33,1,1,3,3,0,0,0.015417639557754822,0.017815072,0.002397432531678848
160.csv;08:38:46.685-2024/12/05;643;5,643,595,5,5,0,0,6,8,28,32,0,0,4,4,0,0,0.015417639557754822,0.017814362,0.002396722863876991
160.csv;09:11:38.597-2024/12/05;202;8,202,330,8,7,1,1,4,7,31,31,1,1,4,4,0,0,0.015417639557754822,0.017814143,0.002396503071749382
157.csv;04:06:11.426-2024/10/29;913;8,913,801,8,6,1,1,15,11,30,30,1,1,4,4,1,1,0.015417639557754822,0.017811682,0.002394042517507248
160.csv;08:30:56.638-2024/12/05;742;15,742,729,15,13,0,0,4,6,31,32,1,1,3,3,1,1,0.015417639557754822,0.017810453,0.0023928131717087554
160.csv;09:40:18.162-2024/12/05;127;12,127,61,12,11,0,0,13,13,29,30,1,1,2,2,1,1,0.015417639557754822,0.01780958,0.002391939591133766
160.csv;08:07:59.247-2024/12/05;219;5,219,387,5,6,0,0,5,5,28,31,0,0,4,4,1,1,0.015417639557754822,0.017803218,0.0023855786579491424
160.csv;09:18:39.884-2024/12/05;347;10,347,444,10,8,0,0,12,10,30,30,0,0,4,4,1,1,0.015417639557754822,0.017802358,0.0023847181158901977
157.csv;04:04:21.345-2024/10/29;145;6,145,264,6,7,1,1,14,11,28,28,1,1,4,4,0,0,0.015417639557754822,0.017799806,0.0023821662920357513
160.csv;09:40:27.624-2024/12/05;49;15,49,245,15,8,0,0,7,8,29,30,0,0,4,4,1,1,0.015417639557754822,0.01779839,0.0023807506817223358
160.csv;08:38:41.972-2024/12/05;172;5,172,226,5,5,0,0,13,12,28,30,1,1,3,3,0,0,0.015417639557754822,0.017797928,0.0023802887457253265
160.csv;09:40:18.939-2024/12/05;205;5,205,162,5,5,0,0,9,10,30,32,1,1,2,2,1,1,0.015417639557754822,0.017795036,0.002377396057808571
160.csv;06:42:28.595-2024/12/05;177;5,177,360,5,5,0,0,3,6,28,30,0,0,4,4,0,0,0.015417639557754822,0.017792528,0.002374888937437706
160.csv;07:53:59.994-2024/12/05;261;15,261,156,15,15,0,0,11,12,29,31,1,1,2,2,0,0,0.015417639557754822,0.017789217,0.0023715771543623733
158.csv;08:03:23.078-2024/12/06;758;5,758,625,5,5,0,0,6,7,28,31,0,0,4,4,0,0,0.015417639557754822,0.01777879,0.0023611500668169784
155.csv;03:45:05.114-2024/10/29;234;2,234,139,2,2,1,1,11,11,16,27,1,1,1,1,1,1,0.015417639557754822,0.017776081,0.0023584417807699966
158.csv;08:03:23.048-2024/12/06;755;0,755,625,0,4,0,0,10,10,28,29,0,0,4,4,0,0,0.015417639557754822,0.017774647,0.0023570075440050887
158.csv;08:19:32.398-2024/12/06;410;5,410,467,5,5,0,0,4,6,28,31,0,0,4,4,1,1,0.015417639557754822,0.017769197,0.002351557444298439
108.csv;10:55:24.109-2024/10/21;616;5,616,577,5,6,0,0,13,12,31,30,0,0,4,4,1,1,0.015417639557754822,0.01776356,0.002345921080076866
101.csv;09:52:17.591-2024/09/06;454;5,454,440,5,6,1,1,12,12,19,27,1,1,2,2,1,1,0.015417639557754822,0.017762812,0.0023451722967268752
158.csv;08:17:16.205-2024/12/06;102;15,102,549,15,16,0,0,11,12,0,-4,1,1,0,0,0,0,0.015417639557754822,0.017762026,0.0023443862604738998
160.csv;09:10:04.077-2024/12/05;990;16,990,940,16,14,0,0,11,10,30,29,0,0,3,3,0,0,0.015417639557754822,0.017761184,0.0023435443448664474
155.csv;03:59:38.961-2024/10/29;579;0,579,601,0,-1,0,0,12,13,16,19,1,1,2,2,0,0,0.015417639557754822,0.017756807,0.0023391671287657546
160.csv;06:51:40.566-2024/12/05;78;10,78,196,10,10,0,0,12,12,29,30,1,1,3,3,0,0,0.015417639557754822,0.01775399,0.0023363508093001174
101.csv;09:56:11.175-2024/09/06;261;2,261,245,2,2,1,1,14,14,21,27,1,1,2,2,1,1,0.015417639557754822,0.017753322,0.0023356821196915435
157.csv;04:18:51.363-2024/10/29;107;16,107,716,16,18,0,0,15,15,0,-3,1,1,0,0,1,1,0.015417639557754822,0.017752793,0.002335153128469162
160.csv;07:45:16.483-2024/12/05;134;15,134,294,15,12,0,0,2,4,28,31,0,0,3,3,1,1,0.015417639557754822,0.017752426,0.0023347861873747634
158.csv;08:18:43.070-2024/12/06;597;5,597,510,5,4,0,0,12,12,30,32,1,1,3,4,0,0,0.015417639557754822,0.017742192,0.0023245528149248885
158.csv;08:03:22.860-2024/12/06;736;5,736,631,5,5,0,0,4,6,28,31,0,0,4,4,1,1,0.015417639557754822,0.017740447,0.002322807516420059
160.csv;09:03:52.253-2024/12/05;672;6,672,604,6,7,0,0,13,11,30,32,0,0,4,4,0,0,0.015417639557754822,0.017740214,0.0023225746857764053
160.csv;06:43:00.347-2024/12/05;280;17,280,304,17,15,0,0,3,6,28,29,1,1,3,3,0,0,0.015417639557754822,0.017739106,0.002321466411912613
160.csv;08:17:54.713-2024/12/05;374;0,374,396,0,1,0,0,13,13,30,32,1,1,3,3,1,1,0.015417639557754822,0.017738132,0.002320492248499565
160.csv;06:58:27.832-2024/12/05;869;5,869,691,5,5,0,0,12,10,28,32,0,0,4,4,1,1,0.015417639557754822,0.017734258,0.0023166179465891647
158.csv;08:03:22.721-2024/12/06;722;10,722,824,10,9,0,0,2,1,29,31,1,1,2,2,0,0,0.015417639557754822,0.017733244,0.002315604667627983
158.csv;08:11:33.921-2024/12/06;690;7,690,599,7,6,0,0,10,10,29,29,0,0,4,4,0,0,0.015417639557754822,0.01772786,0.0023102197605015563
160.csv;08:55:11.829-2024/12/05;853;15,853,812,15,12,0,0,6,7,30,32,1,1,3,3,1,1,0.015417639557754822,0.017727707,0.0023100670235993194
136.csv;18:50:45.140-2024/01/16;385;0,385,449,0,3,0,0,9,9,30,31,0,0,4,4,0,0,0.015417639557754822,0.017725458,0.0023078188109041976
160.csv;07:46:03.558-2024/12/05;746;0,746,720,0,2,1,1,2,5,29,30,1,1,4,4,0,0,0.015417639557754822,0.017722882,0.0023052427726628112
157.csv;04:04:21.167-2024/10/29;127;8,127,61,8,8,1,1,10,10,24,29,1,1,2,2,0,0,0.015417639557754822,0.017721623,0.002303983624541931
160.csv;09:25:20.941-2024/12/05;517;10,517,529,10,8,0,0,3,6,30,31,0,0,4,4,0,0,0.015417639557754822,0.017717587,0.0022999472725035476
160.csv;09:10:10.378-2024/12/05;597;0,597,575,0,3,0,0,6,8,30,32,0,0,4,4,0,0,0.015417639557754822,0.017716506,0.0022988669383169937
160.csv;08:23:07.535-2024/12/05;936;5,936,676,5,5,0,0,10,9,28,28,0,0,4,4,1,1,0.015417639557754822,0.0177159,0.0022982597159983444
160.csv;08:38:46.568-2024/12/05;631;10,631,573,10,9,0,0,6,7,28,31,0,0,4,4,1,1,0.015417639557754822,0.017713932,0.0022962927627207565
160.csv;07:22:27.399-2024/12/05;442;0,442,515,0,2,0,0,6,7,28,30,0,0,4,4,0,0,0.015417639557754822,0.017709317,0.002291677128040962
160.csv;06:51:40.771-2024/12/05;99;0,99,179,0,2,0,0,11,10,28,31,1,1,3,3,1,1,0.015417639557754822,0.01770799,0.0022903509246947097
157.csv;04:20:00.013-2024/10/29;828;7,828,884,7,6,1,1,15,14,24,28,1,1,2,2,1,1,0.015417639557754822,0.01770748,0.0022898405599238204
158.csv;08:03:31.186-2024/12/06;545;0,545,481,0,3,0,0,7,8,30,30,0,0,4,4,0,0,0.015417639557754822,0.017705474,0.0022878344910980987
160.csv;09:39:51.200-2024/12/05;503;5,503,484,5,6,0,0,6,7,28,31,1,1,3,4,1,1,0.015417639557754822,0.01770138,0.002283740397060089
157.csv;04:04:21.431-2024/10/29;154;1,154,229,1,4,1,1,10,9,28,29,1,1,4,4,0,0,0.015417639557754822,0.017701305,0.00228366589125412
160.csv;06:51:25.040-2024/12/05;574;0,574,536,0,4,0,0,7,8,31,32,0,0,4,4,0,0,0.015417639557754822,0.017701203,0.002283563445770912
160.csv;09:26:49.666-2024/12/05;173;15,173,227,15,13,0,0,6,7,30,32,1,1,3,3,1,1,0.015417639557754822,0.017700465,0.0022828258382918167
101.csv;10:07:05.396-2024/09/06;147;12,147,180,12,10,0,0,11,10,31,32,0,0,2,2,1,1,0.015417639557754822,0.017700057,0.002282417919004135
160.csv;06:58:33.103-2024/12/05;372;5,372,468,5,5,0,0,4,5,28,29,0,0,4,4,1,1,0.015417639557754822,0.017699465,0.0022818255978466796
136.csv;18:52:53.584-2024/01/16;941;10,941,933,10,10,1,1,14,13,30,31,1,1,2,2,1,1,0.015417639557754822,0.017694207,0.0022765673505904006
160.csv;08:38:46.492-2024/12/05;624;0,624,569,0,3,0,0,10,9,28,30,0,0,4,4,1,1,0.015417639557754822,0.017692773,0.002275133113825493
160.csv;06:58:33.095-2024/12/05;371;15,371,391,15,12,0,0,8,9,28,31,1,1,3,3,0,0,0.015417639557754822,0.01768874,0.0022711004870774078
160.csv;09:32:50.748-2024/12/05;442;1,442,396,1,3,0,0,13,12,29,31,1,1,3,3,0,0,0.015417639557754822,0.017686402,0.002268762867415123
160.csv;08:46:08.127-2024/12/05;755;10,755,632,10,8,0,0,13,11,30,30,0,0,4,4,0,0,0.015417639557754822,0.017685547,0.002267907913291626
160.csv;08:46:07.160-2024/12/05;659;0,659,573,0,2,0,0,9,9,28,29,0,0,4,4,1,1,0.015417639557754822,0.017680973,0.0022633332568051147
100.csv;04:29:05.734-2024/09/05;81;15,81,56,15,15,0,0,14,15,16,25,1,1,2,2,0,0,0.015417639557754822,0.017678652,0.002261012400949173
160.csv;08:15:35.216-2024/12/05;760;5,760,664,5,6,0,0,5,7,29,30,0,0,4,4,0,0,0.015417639557754822,0.0176782,0.00226055977817791
136.csv;18:53:19.384-2024/01/16;449;10,449,489,10,7,1,1,9,10,19,26,1,1,4,4,0,0,0.015417639557754822,0.017677095,0.002259455229604416
160.csv;08:38:41.966-2024/12/05;171;10,171,233,10,9,0,0,7,6,28,31,1,1,3,3,0,0,0.015417639557754822,0.017676067,0.0022584270494820403
160.csv;07:30:39.862-2024/12/05;536;10,536,553,10,10,0,0,6,7,29,31,1,1,3,3,1,1,0.015417639557754822,0.017673872,0.0022562328534962463
160.csv;09:25:43.241-2024/12/05;699;11,699,673,11,10,0,0,8,9,30,32,1,1,3,3,1,1,0.015417639557754822,0.017671918,0.002254278938734703
160.csv;07:15:16.939-2024/12/05;404;0,404,408,0,3,0,0,5,7,30,29,0,0,4,4,0,0,0.015417639557754822,0.01766806,0.0022504195379854965
160.csv;07:13:03.691-2024/12/05;391;5,391,344,5,4,0,0,3,3,28,32,1,1,2,2,0,0,0.015417639557754822,0.017667042,0.0022494025337340164
160.csv;09:34:08.431-2024/12/05;18;10,18,151,10,9,0,0,8,9,30,32,1,1,3,3,1,1,0.015417639557754822,0.01766177,0.0022441312479616927
160.csv;09:33:03.438-2024/12/05;687;5,687,621,5,6,0,0,15,11,31,31,0,0,4,4,0,0,0.015417639557754822,0.017661236,0.0022435966688038635
160.csv;08:38:38.686-2024/12/05;867;5,867,724,5,6,0,0,10,10,28,30,0,0,4,4,1,1,0.015417639557754822,0.017660715,0.002243075128162079
158.csv;08:12:04.435-2024/12/06;669;15,669,619,15,11,0,0,6,8,29,31,0,0,4,4,0,0,0.015417639557754822,0.017656047,0.002238407339418106
160.csv;06:58:32.459-2024/12/05;308;0,308,445,0,3,0,0,6,7,28,31,0,0,4,4,0,0,0.015417639557754822,0.017652264,0.002234624307120018
160.csv;09:32:53.932-2024/12/05;760;13,760,796,13,11,0,0,1,3,30,32,0,0,3,3,1,1,0.015417639557754822,0.017649623,0.0022319830762984084
160.csv;07:39:28.236-2024/12/05;125;15,125,202,15,11,0,0,12,11,30,29,1,1,4,4,1,1,0.015417639557754822,0.017648207,0.002230567465984993
160.csv;06:43:48.770-2024/12/05;2;17,2,313,17,12,0,0,14,12,28,30,0,0,3,3,1,1,0.015417639557754822,0.01764607,0.002228431011998825
160.csv;09:26:42.554-2024/12/05;486;17,486,535,17,14,0,0,2,5,29,30,0,0,3,3,1,1,0.015417639557754822,0.017645307,0.0022276673274876403
157.csv;04:04:22.135-2024/10/29;224;4,224,317,4,4,1,0,14,12,29,29,1,1,4,4,1,1,0.015417639557754822,0.017644709,0.002227069418394737
160.csv;08:09:23.553-2024/12/05;458;0,458,466,0,1,0,0,11,11,29,32,1,1,3,3,0,0,0.015417639557754822,0.017640205,0.0022225655424238967
160.csv;08:23:07.400-2024/12/05;922;16,922,728,16,11,0,0,1,5,28,30,0,0,4,4,0,0,0.015417639557754822,0.017640194,0.0022225543665530013
160.csv;08:15:35.460-2024/12/05;784;10,784,689,10,8,0,0,3,6,28,30,0,0,4,4,0,0,0.015417639557754822,0.01763703,0.002219389732444458
160.csv;07:44:40.278-2024/12/05;610;0,610,539,0,4,0,0,12,10,29,31,0,0,4,4,1,1,0.015417639557754822,0.017635996,0.0022183559643866348
160.csv;06:42:29.353-2024/12/05;253;5,253,400,5,5,0,0,6,7,29,33,0,0,4,4,0,0,0.015417639557754822,0.017635358,0.0022177189397455978
158.csv;08:03:03.926-2024/12/06;890;16,890,757,16,10,0,0,14,12,28,29,1,1,4,4,1,1,0.015417639557754822,0.017634988,0.002217348273360901
136.csv;18:53:19.380-2024/01/16;449;0,449,474,0,1,1,1,9,10,19,27,1,1,3,3,0,0,0.015417639557754822,0.0176327,0.002215060945117645
160.csv;06:58:33.142-2024/12/05;376;5,376,420,5,5,0,0,5,7,29,31,0,0,4,4,1,1,0.015417639557754822,0.0176317,0.002214060704672508
160.csv;07:16:06.030-2024/12/05;193;5,193,145,5,4,0,0,6,6,30,31,1,1,2,2,1,1,0.015417639557754822,0.017626116,0.0022084764945151138
155.csv;03:54:57.099-2024/10/29;41;0,41,206,0,5,0,0,15,13,3,11,0,0,2,2,0,0,0.015417639557754822,0.017625585,0.002207945640647583
160.csv;09:34:09.978-2024/12/05;173;5,173,114,5,5,0,0,6,7,30,32,1,1,2,2,1,1,0.015417639557754822,0.01762228,0.0022046413081528472
160.csv;07:54:02.662-2024/12/05;528;10,528,536,10,8,0,0,7,8,30,31,0,0,4,4,0,0,0.015417639557754822,0.017617842,0.00220020262476223
160.csv;08:38:46.517-2024/12/05;626;15,626,615,15,11,0,0,11,9,28,31,0,0,4,4,0,0,0.015417639557754822,0.017614014,0.0021963748889805602
160.csv;08:38:42.028-2024/12/05;177;15,177,188,15,11,0,0,1,5,28,29,1,1,4,4,1,1,0.015417639557754822,0.017612422,0.0021947823273779678
101.csv;10:04:15.030-2024/09/06;518;8,518,521,8,8,1,1,14,14,20,28,1,1,2,2,1,1,0.015417639557754822,0.017605912,0.0021882723825814056
157.csv;04:04:22.250-2024/10/29;236;1,236,308,1,4,1,1,15,12,29,29,1,1,4,4,1,1,0.015417639557754822,0.017604701,0.0021870616632344055
160.csv;09:41:10.751-2024/12/05;266;6,266,359,6,5,0,0,7,8,29,31,0,0,4,4,1,1,0.015417639557754822,0.017601589,0.0021839491831900405
160.csv;09:41:12.881-2024/12/05;479;6,479,456,6,6,0,0,10,9,29,31,0,0,4,4,0,0,0.015417639557754822,0.017590875,0.002173235248291664
160.csv;09:39:21.591-2024/12/05;614;10,614,590,10,7,0,0,7,7,28,30,0,0,4,4,1,1,0.015417639557754822,0.01758273,0.002165089901054077
124.csv;19:33:51.776-2024/02/13;57;10,57,34,10,9,0,0,10,11,31,31,1,1,2,2,0,0,0.015417639557754822,0.017580952,0.0021633129375817108
158.csv;08:11:33.828-2024/12/06;681;6,681,598,6,5,0,0,1,5,30,32,0,0,4,4,0,0,0.015417639557754822,0.017578777,0.002161137368047409
160.csv;06:58:27.548-2024/12/05;841;0,841,845,0,3,0,0,0,3,29,31,1,1,4,4,1,1,0.015417639557754822,0.017578505,0.0021608654218556213
101.csv;09:52:08.746-2024/09/06;594;5,594,600,5,5,0,0,11,12,30,31,1,1,3,3,1,1,0.015417639557754822,0.017573237,0.002155597861373596
160.csv;07:53:23.784-2024/12/05;736;15,736,641,15,10,0,0,9,9,28,30,0,0,4,4,1,1,0.015417639557754822,0.017573215,0.0021555755096318054
157.csv;04:04:22.420-2024/10/29;253;2,253,240,2,3,1,1,8,8,29,31,1,1,3,3,1,1,0.015417639557754822,0.017572103,0.0021544635104777145
160.csv;09:17:47.133-2024/12/05;192;10,192,395,10,9,0,0,9,9,29,29,0,0,4,4,1,1,0.015417639557754822,0.017569765,0.0021521258908154296
160.csv;09:26:19.202-2024/12/05;199;10,199,342,10,8,0,0,6,7,29,31,0,0,4,4,1,1,0.015417639557754822,0.01756679,0.002149151246512108
160.csv;09:41:12.837-2024/12/05;475;2,475,455,2,4,0,0,8,8,30,32,0,0,4,4,0,0,0.015417639557754822,0.017566737,0.00214909722980278
160.csv;06:43:51.466-2024/12/05;272;6,272,387,6,6,0,0,7,8,28,31,0,0,4,4,0,0,0.015417639557754822,0.017566264,0.0021486241179348754
160.csv;07:55:36.781-2024/12/05;724;11,724,768,11,10,0,0,9,10,29,33,1,1,2,2,1,1,0.015417639557754822,0.017559765,0.0021421253490092086
160.csv;09:34:13.748-2024/12/05;550;6,550,499,6,6,0,0,12,11,29,33,0,0,3,3,0,0,0.015417639557754822,0.017557934,0.0021402943688275146
160.csv;06:50:32.754-2024/12/05;465;10,465,529,10,8,0,0,12,10,29,30,0,0,4,4,0,0,0.015417639557754822,0.017556572,0.0021389327752234268
160.csv;08:38:37.998-2024/12/05;798;10,798,647,10,8,0,0,5,7,28,31,0,0,4,4,0,0,0.015417639557754822,0.017555038,0.0021373979556204604
160.csv;08:15:35.357-2024/12/05;774;7,774,643,7,7,0,0,2,5,28,29,0,0,4,4,1,1,0.015417639557754822,0.017551394,0.0021337546217085647
160.csv;09:25:30.449-2024/12/05;444;6,444,502,6,6,0,0,15,12,30,31,0,0,4,3,0,0,0.015417639557754822,0.017545773,0.0021281331586481857
158.csv;08:11:34.171-2024/12/06;715;7,715,647,7,6,0,0,8,9,28,30,0,0,4,4,1,1,0.015417639557754822,0.017543497,0.0021258570062758254
160.csv;07:21:11.250-2024/12/05;1019;5,1019,872,5,4,0,0,15,14,30,28,1,1,3,3,1,1,0.015417639557754822,0.017542945,0.002125305663311653
160.csv;07:54:17.708-2024/12/05;1009;5,1009,1037,5,4,0,0,7,7,29,31,1,1,2,2,1,1,0.015417639557754822,0.017539863,0.002122222985589676
157.csv;04:04:21.733-2024/10/29;184;3,184,145,3,3,1,1,14,13,0,10,1,1,2,2,0,0,0.015417639557754822,0.017533483,0.00211584342595356
160.csv;07:15:16.943-2024/12/05;404;6,404,474,6,5,0,0,10,9,30,32,0,0,4,4,1,1,0.015417639557754822,0.017532317,0.0021146774100901412
101.csv;10:08:36.885-2024/09/06;80;7,80,185,7,6,1,1,10,11,31,31,1,1,3,3,0,0,0.015417639557754822,0.017524844,0.0021072044777514266
160.csv;09:25:30.493-2024/12/05;448;10,448,512,10,7,0,0,4,6,30,31,0,0,4,4,1,1,0.015417639557754822,0.017524293,0.0021066531347872543
157.csv;04:04:21.192-2024/10/29;130;2,130,218,2,4,1,1,13,11,30,29,1,1,4,4,0,0,0.015417639557754822,0.017519621,0.002101981620752983
101.csv;09:53:19.003-2024/09/06;452;0,452,434,0,0,1,1,13,14,21,26,1,1,2,2,1,1,0.015417639557754822,0.017517589,0.002099949474895172
108.csv;11:06:54.822-2024/10/21;56;0,56,230,0,2,0,0,14,13,31,31,0,0,3,3,0,0,0.015417639557754822,0.017513918,0.002096278201306038
160.csv;07:38:44.344-2024/12/05;856;15,856,782,15,10,0,0,2,6,30,30,1,1,4,4,1,1,0.015417639557754822,0.017512579,0.002094938959443741
130.csv;21:05:46.720-2024/01/13;44;11,44,48,11,11,0,0,8,9,31,31,1,1,2,2,0,0,0.015417639557754822,0.017511413,0.002093772943580322
160.csv;07:30:09.604-2024/12/05;582;10,582,591,10,7,0,0,1,4,29,30,0,0,4,4,0,0,0.015417639557754822,0.017511148,0.0020935084479691314
160.csv;08:23:07.280-2024/12/05;910;8,910,736,8,8,0,0,10,10,28,30,0,0,3,3,1,1,0.015417639557754822,0.017507795,0.0020901556867005157
160.csv;09:32:50.736-2024/12/05;441;0,441,424,0,3,0,0,10,9,29,31,0,0,4,4,1,1,0.015417639557754822,0.017507719,0.002090079318249397
160.csv;08:23:06.886-2024/12/05;871;6,871,667,6,6,0,0,11,10,28,30,0,0,4,4,0,0,0.015417639557754822,0.01750577,0.0020881309914233016
160.csv;08:55:19.450-2024/12/05;592;0,592,599,0,1,0,0,9,10,31,32,1,1,3,3,1,1,0.015417639557754822,0.017505225,0.002087585236394577
160.csv;09:26:13.918-2024/12/05;695;5,695,670,5,6,0,0,12,11,30,30,0,0,4,4,1,1,0.015417639557754822,0.017504677,0.002087037618720703
157.csv;04:06:10.762-2024/10/29;847;4,847,845,4,3,1,1,10,12,18,26,1,1,2,2,0,0,0.015417639557754822,0.017504342,0.0020867023425938415
160.csv;07:13:06.588-2024/12/05;680;16,680,682,16,16,0,0,7,7,28,32,1,1,2,2,0,0,0.015417639557754822,0.017503576,0.0020859367954375076
160.csv;06:59:20.284-2024/12/05;994;10,994,826,10,8,0,0,10,9,29,29,0,0,4,4,0,0,0.015417639557754822,0.017494267,0.0020766272949816512
160.csv;09:03:22.520-2024/12/05;771;0,771,630,0,3,0,0,10,10,30,30,0,0,4,4,0,0,0.015417639557754822,0.017493704,0.0020760647761465835
160.csv;08:32:44.006-2024/12/05;215;5,215,113,5,6,0,0,6,7,29,31,1,1,2,2,1,1,0.015417639557754822,0.017486539,0.002068899180257492
160.csv;07:53:23.925-2024/12/05;751;0,751,668,0,3,0,0,6,8,29,29,0,0,4,4,0,0,0.015417639557754822,0.017484976,0.0020673364209772872
101.csv;09:58:04.690-2024/09/06;348;8,348,264,8,8,1,1,13,14,21,28,1,1,2,2,1,1,0.015417639557754822,0.017482359,0.0020647194045426177
158.csv;08:11:33.773-2024/12/06;675;10,675,610,10,8,0,0,3,5,30,32,0,0,4,4,1,1,0.015417639557754822,0.01747726,0.0020596213447691726
160.csv;08:15:35.315-2024/12/05;770;5,770,686,5,6,0,0,9,8,28,30,0,0,4,4,0,0,0.015417639557754822,0.017476918,0.002059278618061714
160.csv;07:38:36.607-2024/12/05;83;5,83,42,5,5,0,0,12,12,29,29,1,1,2,2,1,1,0.015417639557754822,0.017473483,0.0020558439004065322
101.csv;10:08:39.381-2024/09/06;330;3,330,279,3,3,1,1,14,14,17,24,1,1,2,2,1,1,0.015417639557754822,0.01747175,0.002054109777772598
160.csv;09:03:21.421-2024/12/05;661;5,661,664,5,5,0,0,7,8,29,31,1,1,3,3,0,0,0.015417639557754822,0.017469794,0.0020521540003659057
158.csv;08:11:33.760-2024/12/06;674;10,674,573,10,8,0,0,10,10,30,31,0,0,4,4,1,1,0.015417639557754822,0.017468186,0.0020505465376021194
160.csv;09:41:10.718-2024/12/05;263;1,263,378,1,3,0,0,5,7,29,30,0,0,4,4,1,1,0.015417639557754822,0.01746237,0.0020447313594462203
160.csv;06:51:25.022-2024/12/05;572;5,572,527,5,6,0,0,14,12,31,31,0,0,4,4,0,0,0.015417639557754822,0.01746233,0.0020446903812529373
160.csv;09:11:23.145-2024/12/05;705;10,705,714,10,8,0,0,9,10,30,32,1,1,3,3,0,0,0.015417639557754822,0.017461943,0.002044302951061897
160.csv;08:15:35.438-2024/12/05;782;10,782,648,10,8,0,0,8,8,28,29,0,0,4,4,0,0,0.015417639557754822,0.01746076,0.0020431201713921356
124.csv;19:30:27.398-2024/02/13;99;10,99,57,10,10,0,0,11,12,31,32,1,1,2,2,1,1,0.015417639557754822,0.01746036,0.002042719702685051
136.csv;18:51:31.464-2024/01/16;921;10,921,973,10,11,1,1,15,14,16,19,1,1,2,2,1,1,0.015417639557754822,0.017460288,0.00204264892216938
160.csv;07:39:57.681-2024/12/05;1022;10,1022,908,10,9,0,0,9,10,30,31,1,1,3,3,1,1,0.015417639557754822,0.017458567,0.0020409278380514907
160.csv;06:58:31.846-2024/12/05;246;10,246,378,10,8,0,0,8,8,29,30,0,0,4,4,0,0,0.015417639557754822,0.017457297,0.002039657514059715
160.csv;07:00:44.271-2024/12/05;177;5,177,111,5,5,0,0,8,9,29,32,1,1,2,2,1,1,0.015417639557754822,0.0174564,0.002038759719097786
160.csv;06:58:29.457-2024/12/05;7;15,7,108,15,12,0,0,4,6,28,29,0,0,3,3,1,1,0.015417639557754822,0.017454334,0.0020366940456272888
160.csv;08:33:44.766-2024/12/05;147;5,147,62,5,5,0,0,10,10,29,31,1,1,2,2,0,0,0.015417639557754822,0.017452845,0.0020352057921530532
160.csv;09:34:10.631-2024/12/05;238;10,238,390,10,7,0,0,7,7,29,31,0,0,4,4,0,0,0.015417639557754822,0.01745124,0.002033600192034416
160.csv;07:29:11.802-2024/12/05;946;10,946,961,10,11,0,0,9,10,28,29,1,1,2,3,0,0,0.015417639557754822,0.017449785,0.0020321454661728668
160.csv;09:34:10.631-2024/12/05;238;6,238,377,6,6,0,0,6,8,29,31,0,0,4,4,0,0,0.015417639557754822,0.01744864,0.0020309999394060897
160.csv;08:36:18.021-2024/12/05;112;15,112,261,15,10,0,0,12,12,28,29,1,1,4,4,1,1,0.015417639557754822,0.017447596,0.0020299568581225204
160.csv;07:36:48.850-2024/12/05;571;5,571,568,5,5,0,0,3,5,29,30,0,0,4,4,0,0,0.015417639557754822,0.017445412,0.0020277719753624725
160.csv;09:30:46.486-2024/12/05;303;15,303,398,15,13,0,0,7,8,28,32,1,1,3,3,1,1,0.015417639557754822,0.017444039,0.0020263992058874893
160.csv;08:33:14.729-2024/12/05;215;15,215,127,15,15,0,0,11,13,29,30,1,1,2,2,0,0,0.015417639557754822,0.017441029,0.002023389171326332
160.csv;09:34:07.366-2024/12/05;936;0,936,803,0,3,0,0,0,5,30,29,1,1,4,4,0,0,0.015417639557754822,0.017438855,0.0020212154644371795
160.csv;09:32:51.732-2024/12/05;540;13,540,462,13,11,0,0,3,6,30,32,0,0,3,3,1,1,0.015417639557754822,0.01743824,0.0020206007915379333
160.csv;06:51:11.692-2024/12/05;263;1,263,350,1,1,0,0,3,4,28,31,1,1,3,3,0,0,0.015417639557754822,0.017435893,0.0020182538586499023
160.csv;07:14:41.411-2024/12/05;947;5,947,753,5,4,0,0,7,8,29,30,0,0,4,4,0,0,0.015417639557754822,0.017431637,0.0020139977144839095
160.csv;06:51:43.367-2024/12/05;358;10,358,439,10,9,0,0,6,6,28,30,0,0,4,4,0,0,0.015417639557754822,0.01743048,0.002012841011846237
136.csv;18:54:08.840-2024/01/16;275;0,275,268,0,1,1,1,6,6,30,33,1,1,2,2,1,1,0.015417639557754822,0.017422844,0.00200520416673439
101.csv;09:55:38.824-2024/09/06;98;2,98,30,2,3,1,1,12,12,24,28,1,1,2,2,0,0,0.015417639557754822,0.017420394,0.0020027547883631515
158.csv;08:03:23.161-2024/12/06;766;6,766,689,6,5,0,0,12,11,28,32,1,1,4,4,0,0,0.015417639557754822,0.017412769,0.0019951291191222
160.csv;08:30:40.470-2024/12/05;149;15,149,230,15,13,0,0,13,13,31,30,1,1,3,3,0,0,0.015417639557754822,0.017404776,0.00198713650878685
158.csv;08:03:23.870-2024/12/06;837;6,837,716,6,6,0,0,3,6,28,30,0,0,4,4,0,0,0.015417639557754822,0.017402675,0.0019850354450585174
160.csv;09:25:43.229-2024/12/05;698;5,698,672,5,5,0,0,15,11,30,32,0,0,4,4,1,1,0.015417639557754822,0.017400565,0.0019829250681044387
160.csv;08:47:24.149-2024/12/05;165;15,165,55,15,13,0,0,11,12,30,31,1,1,2,2,0,0,0.015417639557754822,0.017397126,0.0019794866251589584
160.csv;08:13:51.688-2024/12/05;647;5,647,680,5,4,0,0,14,15,29,30,1,1,2,2,1,1,0.015417639557754822,0.017396819,0.0019791792887093353
160.csv;09:03:26.800-2024/12/05;175;0,175,198,0,1,0,0,9,10,30,31,1,1,3,3,1,1,0.015417639557754822,0.01738863,0.001970991100633316
160.csv;06:59:22.557-2024/12/05;197;15,197,313,15,11,0,0,7,8,29,31,0,0,4,3,0,0,0.015417639557754822,0.017386992,0.0019693519729019927
160.csv;06:58:40.994-2024/12/05;137;10,137,256,10,8,0,0,15,11,28,26,0,0,4,4,0,0,0.015417639557754822,0.017386613,0.001968973855936699
160.csv;09:41:39.445-2024/12/05;63;17,63,98,17,12,0,0,0,3,30,32,0,0,3,3,0,0,0.015417639557754822,0.017379753,0.0019621137338520812
160.csv;07:22:22.659-2024/12/05;992;1,992,779,1,5,0,0,4,6,28,30,0,0,4,4,1,1,0.015417639557754822,0.017379649,0.0019620094257237243
160.csv;07:30:57.400-2024/12/05;242;6,242,224,6,6,0,0,8,9,29,32,1,1,3,3,1,1,0.015417639557754822,0.017379086,0.0019614469068886566
158.csv;08:10:48.742-2024/12/06;268;10,268,391,10,9,0,0,8,8,28,29,0,0,4,4,1,1,0.015417639557754822,0.017376645,0.0019590049790980148
160.csv;08:15:38.843-2024/12/05;98;15,98,332,15,11,0,0,3,6,28,30,1,1,4,4,1,1,0.015417639557754822,0.017374624,0.001956984009111099
160.csv;08:46:07.238-2024/12/05;666;12,666,642,12,9,0,0,8,9,28,31,0,0,4,3,0,0,0.015417639557754822,0.017371157,0.0019535176264883804
160.csv;07:13:59.394-2024/12/05;841;10,841,844,10,10,0,0,4,5,28,29,1,1,3,3,0,0,0.015417639557754822,0.017368332,0.001950691993796997
157.csv;04:04:21.195-2024/10/29;130;5,130,296,5,6,1,1,12,10,30,29,1,1,4,4,0,0,0.015417639557754822,0.017365169,0.0019475292223336028
160.csv;07:54:15.260-2024/12/05;764;10,764,823,10,10,0,0,3,4,30,32,1,1,2,2,1,1,0.015417639557754822,0.01735873,0.0019410900580527114
160.csv;08:19:48.585-2024/12/05;497;5,497,485,5,5,0,0,11,13,29,31,1,1,2,2,1,1,0.015417639557754822,0.017357597,0.001939957569801979
160.csv;06:51:45.855-2024/12/05;607;10,607,568,10,8,0,0,4,6,28,31,0,0,4,4,1,1,0.015417639557754822,0.017356899,0.0019392590778710174
160.csv;07:46:19.477-2024/12/05;290;0,290,253,0,1,0,0,11,11,30,32,1,1,3,3,0,0,0.015417639557754822,0.017352933,0.0019352935063483047
160.csv;08:40:44.403-2024/12/05;127;5,127,39,5,5,0,0,9,9,30,32,1,1,2,2,1,1,0.015417639557754822,0.01734869,0.0019310504006983566
158.csv;08:10:50.120-2024/12/06;406;8,406,410,8,7,0,0,11,11,28,31,0,0,4,4,0,0,0.015417639557754822,0.017347114,0.0019294746029021072
160.csv;06:58:33.874-2024/12/05;449;10,449,434,10,9,0,0,11,11,28,31,1,1,3,3,1,1,0.015417639557754822,0.017345892,0.0019282527076842117
160.csv;06:58:31.958-2024/12/05;257;16,257,410,16,13,0,0,0,4,28,31,0,0,3,3,0,0,0.015417639557754822,0.017345507,0.0019278671401383209
160.csv;06:57:54.608-2024/12/05;618;15,618,576,15,11,0,0,0,5,29,30,1,1,4,4,0,0,0.015417639557754822,0.017344818,0.0019271779614331054
160.csv;07:44:42.363-2024/12/05;818;15,818,799,15,11,0,0,3,6,28,29,1,1,4,4,0,0,0.015417639557754822,0.017344374,0.0019267346518875884
160.csv;07:30:57.996-2024/12/05;301;15,301,310,15,13,0,0,12,12,29,30,1,1,3,3,0,0,0.015417639557754822,0.017332787,0.0019151471364142227
160.csv;08:46:08.095-2024/12/05;752;5,752,605,5,6,0,0,11,10,30,29,0,0,4,4,0,0,0.015417639557754822,0.017332563,0.001914923618996315
160.csv;09:41:10.714-2024/12/05;262;16,262,204,16,13,0,0,12,12,29,31,0,0,3,3,0,0,0.015417639557754822,0.017332498,0.0019148584264160919
160.csv;06:59:22.549-2024/12/05;196;16,196,206,16,13,0,0,15,14,28,30,0,0,3,3,1,1,0.015417639557754822,0.017331358,0.0019137184875847625
160.csv;09:34:13.751-2024/12/05;550;10,550,498,10,7,0,0,4,6,29,31,0,0,4,4,0,0,0.015417639557754822,0.017326681,0.0019090413856150436
160.csv;09:10:56.423-2024/12/05;81;5,81,298,5,5,0,0,9,9,30,28,0,0,4,4,1,1,0.015417639557754822,0.017325947,0.0019083075034262466
160.csv;06:43:00.010-2024/12/05;247;0,247,286,0,1,0,0,8,8,28,31,1,1,3,3,0,0,0.015417639557754822,0.017322458,0.001904818769061737
160.csv;09:25:17.781-2024/12/05;201;5,201,367,5,4,0,0,5,6,29,31,0,0,4,4,0,0,0.015417639557754822,0.017321499,0.001903859506809883
160.csv;09:33:07.438-2024/12/05;63;5,63,-42,5,5,0,0,9,9,30,30,1,1,2,2,0,0,0.015417639557754822,0.017319094,0.0019014548319222259
160.csv;07:52:54.841-2024/12/05;914;10,914,717,10,8,0,0,6,8,28,30,0,0,4,4,0,0,0.015417639557754822,0.017316608,0.0018989682006480026
157.csv;04:19:58.069-2024/10/29;634;0,634,705,0,0,1,1,8,8,21,27,1,1,2,2,1,1,0.015417639557754822,0.017308746,0.0018911059754730987
136.csv;18:53:24.868-2024/01/16;998;0,998,1152,0,2,1,1,6,6,19,26,1,1,2,2,1,1,0.015417639557754822,0.017304517,0.0018868777709843444
158.csv;08:17:46.930-2024/12/06;103;6,103,415,6,5,0,0,9,9,28,32,0,0,4,4,0,0,0.015417639557754822,0.017303614,0.0018859743880869674
160.csv;07:30:57.411-2024/12/05;243;11,243,171,11,11,0,0,11,13,29,31,1,1,2,2,0,0,0.015417639557754822,0.01730092,0.0018832810032011794
160.csv;09:13:03.829-2024/12/05;534;0,534,538,0,3,0,0,11,10,29,30,0,0,4,4,0,0,0.015417639557754822,0.017300317,0.0018826775061728286
158.csv;08:03:31.138-2024/12/06;540;5,540,522,5,5,0,0,14,11,29,31,0,0,4,4,0,0,0.015417639557754822,0.017299624,0.0018819846021773147
160.csv;09:34:08.448-2024/12/05;20;1,20,182,1,4,0,0,14,12,30,28,1,1,4,4,1,1,0.015417639557754822,0.017293481,0.001875841598475151
101.csv;10:06:42.223-2024/09/06;902;3,902,969,3,3,1,1,15,14,22,27,1,1,2,2,0,0,0.015417639557754822,0.017285876,0.001868236418330841
158.csv;08:03:23.070-2024/12/06;757;5,757,644,5,5,0,0,13,10,28,30,0,0,4,4,0,0,0.015417639557754822,0.017285226,0.0018675863551737594
160.csv;07:13:06.480-2024/12/05;670;0,670,578,0,3,0,0,10,10,29,30,0,0,4,4,0,0,0.015417639557754822,0.017283235,0.0018655951875092315
160.csv;09:10:59.613-2024/12/05;400;6,400,362,6,6,0,0,6,7,30,30,0,0,4,4,1,1,0.015417639557754822,0.0172791,0.0018614601152779388
160.csv;07:30:20.905-2024/12/05;688;10,688,599,10,7,0,0,14,11,28,30,0,0,4,4,1,1,0.015417639557754822,0.017276218,0.0018585786032320785
157.csv;04:04:21.465-2024/10/29;157;4,157,256,4,5,1,0,14,12,28,28,1,1,4,4,1,1,0.015417639557754822,0.017275007,0.0018573678838850784
160.csv;09:10:10.391-2024/12/05;598;5,598,548,5,5,0,0,12,10,29,30,0,0,4,4,0,0,0.015417639557754822,0.01727473,0.001857090349757843
160.csv;08:38:41.725-2024/12/05;147;3,147,176,3,3,0,0,12,12,28,30,0,0,2,2,0,0,0.015417639557754822,0.017270314,0.0018526740181090164
157.csv;04:04:21.264-2024/10/29;137;5,137,245,5,6,1,1,15,12,28,28,1,1,4,4,1,1,0.015417639557754822,0.01726762,0.0018499806332232284
157.csv;04:04:21.588-2024/10/29;169;8,169,191,8,6,1,1,12,11,28,30,1,1,3,3,0,0,0.015417639557754822,0.017257418,0.0018397789257408904
136.csv;18:53:25.548-2024/01/16;42;0,42,68,0,0,1,1,11,11,18,25,1,1,2,3,0,0,0.015417639557754822,0.01725558,0.0018379404949785995
157.csv;04:16:08.119-2024/10/29;167;5,167,51,5,5,0,0,7,8,27,30,1,1,2,2,0,0,0.015417639557754822,0.017252682,0.0018350422191263961
160.csv;08:00:15.476-2024/12/05;946;0,946,880,0,1,0,0,2,4,30,30,1,1,3,3,0,0,0.015417639557754822,0.017252112,0.0018344722497107314
160.csv;09:03:22.511-2024/12/05;770;5,770,649,5,6,0,0,5,6,30,31,0,0,4,4,1,1,0.015417639557754822,0.017250456,0.0018328163581730651
101.csv;10:08:51.714-2024/09/06;539;3,539,541,3,3,1,1,14,14,20,28,1,1,2,2,0,0,0.015417639557754822,0.01724389,0.001826250534022026
160.csv;07:30:58.034-2024/12/05;305;15,305,316,15,14,0,0,8,9,29,31,1,1,3,3,1,1,0.015417639557754822,0.017242173,0.001824533175194435
155.csv;03:59:39.286-2024/10/29;611;11,611,607,11,8,0,0,11,9,31,32,0,0,4,4,1,1,0.015417639557754822,0.017241623,0.001823983694875412
160.csv;07:14:05.413-2024/12/05;419;10,419,413,10,8,0,0,1,5,29,30,0,0,4,4,1,1,0.015417639557754822,0.017238447,0.0018208078848959731
160.csv;08:33:48.689-2024/12/05;539;10,539,607,10,10,0,0,4,3,29,31,1,1,2,2,1,1,0.015417639557754822,0.017237077,0.0018194369780661392
157.csv;04:04:22.500-2024/10/29;260;9,260,288,9,7,1,1,14,12,29,30,1,1,4,4,0,0,0.015417639557754822,0.01723657,0.0018189303385855483
160.csv;09:25:30.461-2024/12/05;445;8,445,508,8,7,0,0,6,8,30,31,0,0,4,4,0,0,0.015417639557754822,0.017234948,0.0018173079746605682
160.csv;07:55:38.042-2024/12/05;850;10,850,909,10,11,0,0,6,7,31,30,1,1,2,2,1,1,0.015417639557754822,0.017234843,0.0018172036665322112
160.csv;09:34:15.939-2024/12/05;769;5,769,649,5,6,0,0,8,9,30,29,0,0,4,4,0,0,0.015417639557754822,0.017232815,0.0018151752459646987
160.csv;09:34:13.758-2024/12/05;551;1,551,504,1,4,0,0,13,10,29,31,0,0,4,4,1,1,0.015417639557754822,0.017226316,0.001808676477039032
160.csv;08:15:35.605-2024/12/05;799;0,799,656,0,3,0,0,10,10,28,29,0,0,4,4,0,0,0.015417639557754822,0.017219737,0.0018020976143719482
160.csv;08:06:58.562-2024/12/05;294;10,294,693,10,10,0,0,11,10,28,28,0,0,2,2,0,0,0.015417639557754822,0.017218748,0.0018011085497977065
160.csv;09:32:50.721-2024/12/05;439;7,439,466,7,6,0,0,8,9,29,31,0,0,4,4,1,1,0.015417639557754822,0.01721505,0.001797411199176483
105.csv;11:26:55.279-2024/11/20;306;0,306,301,0,0,1,1,10,9,17,21,1,1,2,2,1,1,0.015417639557754822,0.017213391,0.0017957515823485183
158.csv;08:10:48.049-2024/12/06;199;5,199,279,5,5,0,0,8,9,29,29,0,0,4,4,0,0,0.015417639557754822,0.017213125,0.0017954852240921783
158.csv;08:03:19.530-2024/12/06;403;5,403,358,5,5,0,0,4,4,28,31,1,1,2,3,1,1,0.015417639557754822,0.017213093,0.0017954535591246414
157.csv;04:06:13.097-2024/10/29;57;0,57,129,0,2,0,0,10,11,31,30,1,1,3,3,1,1,0.015417639557754822,0.017212437,0.001794797908032112
158.csv;08:10:42.405-2024/12/06;658;15,658,629,15,10,0,0,0,4,30,32,1,1,4,4,0,0,0.015417639557754822,0.017211424,0.0017937846290709304
158.csv;08:11:33.902-2024/12/06;688;12,688,671,12,11,0,0,15,15,29,30,0,0,3,3,0,0,0.015417639557754822,0.017210333,0.001792693119013481
160.csv;08:01:12.076-2024/12/05;462;1,462,507,1,3,0,0,7,8,30,30,0,0,4,4,0,0,0.015417639557754822,0.017209982,0.0017923429417254257
160.csv;09:17:37.554-2024/12/05;258;10,258,356,10,8,0,0,9,8,30,30,0,0,4,4,1,1,0.015417639557754822,0.017209979,0.0017923392164351272
136.csv;18:37:22.420-2024/01/16;1009;0,1009,992,0,2,1,1,14,12,29,30,1,1,3,3,1,1,0.015417639557754822,0.017209323,0.001791683565342598
160.csv;08:46:07.194-2024/12/05;662;1,662,605,1,3,0,0,5,6,28,31,0,0,4,4,1,1,0.015417639557754822,0.01720698,0.0017893403577448654
158.csv;08:11:33.986-2024/12/06;697;0,697,624,0,3,0,0,8,8,29,30,0,0,4,4,1,1,0.015417639557754822,0.017206278,0.0017886381405236053
160.csv;07:14:53.763-2024/12/05;134;10,134,208,10,10,0,0,9,10,30,33,1,1,3,3,0,0,0.015417639557754822,0.01720336,0.0017857212382199096
160.csv;09:34:15.908-2024/12/05;766;1,766,679,1,3,0,0,14,11,30,31,0,0,4,4,1,1,0.015417639557754822,0.017192824,0.00177518425461071
160.csv;07:38:39.917-2024/12/05;414;0,414,389,0,-1,0,0,5,6,29,33,1,1,2,2,0,0,0.015417639557754822,0.017192818,0.0017751786666752624
136.csv;18:53:43.848-2024/01/16;847;19,847,855,19,18,1,1,13,12,19,30,1,1,1,1,1,1,0.015417639557754822,0.017190551,0.0017729118275286483
160.csv;07:14:36.790-2024/12/05;485;0,485,511,0,3,0,0,0,5,29,29,1,1,4,4,0,0,0.015417639557754822,0.017184803,0.0017671637045981216
160.csv;09:40:21.367-2024/12/05;448;0,448,488,0,1,0,0,2,4,29,33,1,1,3,3,1,1,0.015417639557754822,0.017183479,0.0017658393638970184
157.csv;04:04:21.661-2024/10/29;177;1,177,96,1,4,1,1,12,11,0,6,1,1,2,2,0,0,0.015417639557754822,0.0171828,0.0017651613610626983
160.csv;07:54:07.080-2024/12/05;970;10,970,930,10,9,0,0,4,6,29,31,1,1,3,3,1,1,0.015417639557754822,0.01718103,0.0017633899855257797
160.csv;07:14:41.536-2024/12/05;959;15,959,886,15,11,0,0,8,9,28,31,1,1,3,3,0,0,0.015417639557754822,0.017180169,0.001762529443466835
160.csv;07:44:40.071-2024/12/05;589;10,589,574,10,8,0,0,5,7,28,31,0,0,4,4,0,0,0.015417639557754822,0.017176677,0.001759036983812027
160.csv;06:51:45.065-2024/12/05;528;11,528,503,11,8,0,0,5,7,28,30,0,0,4,4,0,0,0.015417639557754822,0.017176196,0.0017585564213635253
158.csv;08:10:47.785-2024/12/06;172;15,172,305,15,10,0,0,4,6,28,33,0,0,3,3,0,0,0.015417639557754822,0.01717506,0.0017574202078224944
160.csv;09:32:47.107-2024/12/05;78;0,78,121,0,2,0,0,8,8,30,31,1,1,3,3,0,0,0.015417639557754822,0.017174184,0.001756544764602356
160.csv;09:17:34.410-2024/12/05;968;5,968,857,5,5,0,0,6,6,29,29,0,0,4,4,1,1,0.015417639557754822,0.017172154,0.0017545144813896942
160.csv;09:32:53.940-2024/12/05;761;5,761,663,5,6,0,0,13,10,30,31,0,0,4,4,0,0,0.015417639557754822,0.017171621,0.001753981764877014
160.csv;08:19:46.101-2024/12/05;248;15,248,197,15,14,0,0,6,6,29,31,1,1,2,2,0,0,0.015417639557754822,0.017170344,0.0017527039903046417
160.csv;07:52:00.007-2024/12/05;551;0,551,523,0,2,0,0,13,12,28,31,0,0,3,3,0,0,0.015417639557754822,0.017170243,0.0017526034074665832
160.csv;07:55:09.809-2024/12/05;75;5,75,18,5,5,0,0,7,8,30,31,1,1,2,2,0,0,0.015417639557754822,0.017165368,0.0017477288651110458
160.csv;08:18:14.627-2024/12/05;317;3,317,376,3,4,1,1,4,6,30,30,1,1,4,4,0,0,0.015417639557754822,0.017162735,0.0017450950848700332
160.csv;09:32:50.698-2024/12/05;437;5,437,442,5,6,0,0,12,11,30,30,0,0,4,4,0,0,0.015417639557754822,0.017162357,0.0017447169679047393
105.csv;11:28:05.616-2024/11/20;171;5,171,184,5,5,1,1,12,13,27,30,1,1,2,2,0,0,0.015417639557754822,0.017161943,0.00174430346068161
160.csv;07:32:05.929-2024/12/05;951;5,951,1047,5,4,0,0,9,9,30,32,1,1,2,2,1,1,0.015417639557754822,0.017157333,0.0017396934139372634
160.csv;07:30:07.321-2024/12/05;354;5,354,287,5,4,0,0,7,7,28,32,1,1,2,2,0,0,0.015417639557754822,0.01715231,0.0017346698599697875
160.csv;06:58:32.137-2024/12/05;275;6,275,313,6,5,1,1,4,4,29,32,1,1,2,2,1,1,0.015417639557754822,0.017145934,0.00172829402562397
158.csv;08:03:22.981-2024/12/06;748;11,748,639,11,8,0,0,4,6,28,31,0,0,4,3,0,0,0.015417639557754822,0.01714537,0.001727729644143753
160.csv;09:26:13.986-2024/12/05;701;16,701,682,16,11,0,0,15,13,30,31,1,1,4,4,0,0,0.015417639557754822,0.017137222,0.0017195824342610168
160.csv;09:41:12.878-2024/12/05;479;5,479,504,5,5,0,0,9,8,29,29,0,0,4,4,0,0,0.015417639557754822,0.017137187,0.0017195470440031814
160.csv;09:34:15.908-2024/12/05;766;0,766,641,0,4,0,0,13,11,30,31,0,0,4,4,1,1,0.015417639557754822,0.017136993,0.0017193533289076614
160.csv;09:10:10.352-2024/12/05;594;5,594,557,5,5,0,0,14,11,30,30,0,0,4,4,0,0,0.015417639557754822,0.0171357,0.001718060653174095
160.csv;06:58:06.339-2024/12/05;768;0,768,744,0,2,0,0,3,5,29,32,1,1,3,3,1,1,0.015417639557754822,0.017135674,0.0017180345761420059
160.csv;09:01:13.602-2024/12/05;167;5,167,125,5,5,0,0,9,11,29,32,1,1,2,2,1,1,0.015417639557754822,0.017133543,0.0017159037100912856
160.csv;06:59:11.192-2024/12/05;85;5,85,47,5,5,0,0,7,7,30,31,1,1,2,2,0,0,0.015417639557754822,0.017132098,0.0017144582974554824
158.csv;08:03:46.690-2024/12/06;47;5,47,-42,5,4,0,0,7,8,31,31,1,1,2,2,1,1,0.015417639557754822,0.017129768,0.0017121281283737945
160.csv;08:46:07.204-2024/12/05;663;5,663,594,5,5,0,0,4,6,28,32,0,0,4,4,0,0,0.015417639557754822,0.017127294,0.0017096545356156158
160.csv;09:40:21.251-2024/12/05;436;8,436,462,8,6,0,0,7,9,30,31,0,0,4,4,0,0,0.015417639557754822,0.0171265,0.0017088610487820434
160.csv;07:22:53.290-2024/12/05;983;5,983,810,5,5,0,0,9,8,30,30,0,0,4,4,0,0,0.015417639557754822,0.017125675,0.001708035896980934
160.csv;08:41:21.905-2024/12/05;805;5,805,882,5,4,0,0,6,6,30,31,1,1,2,2,1,1,0.015417639557754822,0.017125448,0.001707808654272728
101.csv;10:05:22.959-2024/09/06;143;8,143,172,8,7,1,1,12,12,31,31,1,1,3,3,1,1,0.015417639557754822,0.017123578,0.0017059385585429
160.csv;08:40:49.423-2024/12/05;629;5,629,617,5,5,0,0,3,3,30,31,1,1,2,2,1,1,0.015417639557754822,0.017119434,0.0017017941730858611
136.csv;18:51:45.708-2024/01/16;297;16,297,284,16,15,1,1,5,5,16,25,1,1,2,2,1,1,0.015417639557754822,0.017118538,0.001700898240769081
160.csv;08:40:00.351-2024/12/05;842;0,842,870,0,-2,0,0,9,10,31,31,1,1,2,2,0,0,0.015417639557754822,0.017116787,0.001699147354328804
160.csv;09:33:03.473-2024/12/05;690;10,690,644,10,8,0,0,9,9,31,30,0,0,4,4,1,1,0.015417639557754822,0.017113918,0.0016962788807989883
160.csv;08:23:07.092-2024/12/05;891;16,891,687,16,11,0,0,0,5,28,30,0,0,4,3,1,1,0.015417639557754822,0.017112207,0.001694567109906845
160.csv;08:30:28.264-2024/12/05;977;5,977,892,5,5,0,0,0,2,28,30,1,1,3,3,1,1,0.015417639557754822,0.017109904,0.0016922648805023956
158.csv;08:11:25.482-2024/12/06;870;10,870,919,10,10,0,0,3,3,28,31,1,1,2,2,0,0,0.015417639557754822,0.017108282,0.0016906425165774154
160.csv;06:58:33.376-2024/12/05;399;16,399,367,16,14,0,0,15,14,28,30,0,0,3,3,1,1,0.015417639557754822,0.01710752,0.00168988069471138
101.csv;10:08:28.042-2024/09/06;220;4,220,202,4,4,1,1,14,14,24,28,1,1,2,2,1,1,0.015417639557754822,0.017105585,0.001687945406401329
136.csv;18:50:45.080-2024/01/16;379;0,379,408,0,4,0,0,8,9,30,31,0,0,4,4,1,1,0.015417639557754822,0.017103571,0.0016859318869950103
160.csv;08:07:58.788-2024/12/05;173;10,173,294,10,9,0,0,0,4,28,31,0,0,3,3,1,1,0.015417639557754822,0.017102044,0.001684404517972641
101.csv;09:55:38.301-2024/09/06;45;9,45,14,9,11,1,1,15,14,25,28,1,1,2,2,0,0,0.015417639557754822,0.017097848,0.0016802079784514236
160.csv;07:30:06.611-2024/12/05;283;5,283,227,5,5,0,0,9,10,28,30,1,1,2,2,0,0,0.015417639557754822,0.017093044,0.001675404216611557
160.csv;06:58:30.609-2024/12/05;122;16,122,225,16,10,0,0,5,7,28,29,1,1,4,4,0,0,0.015417639557754822,0.017092882,0.0016752421664835739
160.csv;09:26:15.994-2024/12/05;902;12,902,659,12,9,0,0,6,8,31,32,0,0,4,4,0,0,0.015417639557754822,0.017088875,0.001671235616767578
160.csv;07:30:55.221-2024/12/05;24;10,24,157,10,9,0,0,4,5,30,30,1,1,3,3,1,1,0.015417639557754822,0.017086126,0.0016684863525273132
158.csv;08:12:04.498-2024/12/06;676;0,676,664,0,2,0,0,15,14,28,29,0,0,3,3,0,0,0.015417639557754822,0.017085286,0.00166764629956501
160.csv;06:51:40.590-2024/12/05;80;16,80,262,16,11,0,0,2,4,28,32,0,0,3,3,1,1,0.015417639557754822,0.017084688,0.0016670483904721069
160.csv;07:12:21.215-2024/12/05;239;13,239,281,13,11,0,0,9,9,29,32,1,1,3,3,1,1,0.015417639557754822,0.017078873,0.0016612332123162078
160.csv;06:58:34.845-2024/12/05;546;10,546,552,10,7,0,0,12,10,28,30,0,0,4,4,0,0,0.015417639557754822,0.017075937,0.0016582976835610198
160.csv;07:13:06.503-2024/12/05;672;7,672,594,7,6,0,0,14,12,29,29,0,0,4,4,1,1,0.015417639557754822,0.017075375,0.001657735164725952
160.csv;08:38:46.632-2024/12/05;638;0,638,559,0,3,0,0,4,6,28,30,0,0,4,4,1,1,0.015417639557754822,0.01707394,0.0016563009279610443
136.csv;18:53:19.368-2024/01/16;447;19,447,455,19,17,1,1,11,11,19,32,1,1,1,1,1,1,0.015417639557754822,0.017073292,0.0016556527274491119
160.csv;09:38:52.203-2024/12/05;747;15,747,714,15,13,0,0,12,12,30,31,1,1,3,3,1,1,0.015417639557754822,0.01707306,0.001655419896805458
160.csv;09:09:57.572-2024/12/05;340;6,340,367,6,6,0,0,11,10,30,31,0,0,4,4,0,0,0.015417639557754822,0.017072916,0.0016552764731289672
160.csv;07:32:07.675-2024/12/05;101;17,101,18,17,14,0,0,5,5,30,30,1,1,2,2,1,1,0.015417639557754822,0.017065581,0.0016479413765312957
130.csv;21:06:26.220-2024/01/13;922;10,922,963,10,9,0,0,10,10,31,31,1,1,2,2,1,1,0.015417639557754822,0.017062074,0.0016444340157152938
160.csv;09:41:10.838-2024/12/05;275;5,275,301,5,5,0,0,1,3,29,33,1,1,3,3,0,0,0.015417639557754822,0.017059555,0.0016419157194735336
136.csv;18:52:27.564-2024/01/16;387;10,387,389,10,10,1,1,9,9,21,29,1,1,2,2,0,0,0.015417639557754822,0.017058313,0.0016406733351589965
160.csv;06:51:40.774-2024/12/05;99;7,99,119,7,7,0,0,4,4,28,31,1,1,2,2,0,0,0.015417639557754822,0.017057432,0.0016397923040034103
160.csv;07:30:44.996-2024/12/05;25;16,25,51,16,14,0,0,9,10,29,32,1,1,2,2,0,0,0.015417639557754822,0.017049432,0.0016317922430874633
160.csv;09:10:22.083-2024/12/05;743;5,743,840,5,4,0,0,9,10,30,31,1,1,2,2,1,1,0.015417639557754822,0.017048113,0.0016304734903218078
160.csv;07:16:01.597-2024/12/05;773;15,773,800,15,12,0,0,4,6,31,31,1,1,3,3,0,0,0.015417639557754822,0.01704572,0.001628079991305046
157.csv;04:04:21.788-2024/10/29;189;9,189,265,9,7,1,1,14,12,28,28,1,1,4,4,1,1,0.015417639557754822,0.017038206,0.0016205660807730483
160.csv;07:22:22.842-2024/12/05;1010;5,1010,703,5,5,0,0,11,10,28,30,0,0,4,4,0,0,0.015417639557754822,0.017036652,0.0016190126347185897
160.csv;08:07:58.559-2024/12/05;150;6,150,185,6,6,0,0,10,11,29,30,0,0,3,3,0,0,0.015417639557754822,0.017029438,0.0016117986100556182
160.csv;08:24:05.600-2024/12/05;598;10,598,543,10,7,0,0,4,6,29,31,0,0,4,4,0,0,0.015417639557754822,0.01702793,0.0016102898674847411
160.csv;08:17:23.387-2024/12/05;313;5,313,228,5,4,0,0,0,0,31,31,1,1,2,2,0,0,0.015417639557754822,0.01702715,0.0016095112818123626
101.csv;09:52:14.218-2024/09/06;117;7,117,-60,7,7,0,0,14,14,14,22,1,1,1,1,1,1,0.015417639557754822,0.0170263,0.001608660052979164
157.csv;04:18:05.568-2024/10/29;647;9,647,677,9,8,1,1,9,10,18,28,1,1,2,2,0,0,0.015417639557754822,0.01702194,0.0016042996006848144
158.csv;08:03:23.086-2024/12/06;759;0,759,618,0,4,0,0,11,10,28,30,0,0,4,4,1,1,0.015417639557754822,0.017020725,0.0016030851560475158
160.csv;08:46:07.238-2024/12/05;666;11,666,651,11,8,0,0,7,8,28,31,0,0,4,4,0,0,0.015417639557754822,0.017019061,0.0016014218139292526
136.csv;18:52:49.056-2024/01/16;488;10,488,511,10,8,1,1,8,8,20,29,1,1,2,2,0,0,0.015417639557754822,0.017016679,0.0015990394907833862
160.csv;07:22:26.031-2024/12/05;305;5,305,387,5,4,0,0,7,8,28,30,0,0,4,4,0,0,0.015417639557754822,0.01701355,0.0015959102469326782
160.csv;08:55:55.544-2024/12/05;105;5,105,28,5,4,0,0,11,12,29,30,1,1,2,2,1,1,0.015417639557754822,0.017011598,0.0015939581948162841
160.csv;06:43:51.501-2024/12/05;276;0,276,450,0,3,0,0,12,10,28,31,0,0,4,4,0,0,0.015417639557754822,0.017009938,0.0015922985779883193
157.csv;04:18:05.460-2024/10/29;637;3,637,592,3,5,1,1,15,12,31,30,1,1,4,4,1,1,0.015417639557754822,0.01700916,0.0015915199923159408
157.csv;04:18:05.568-2024/10/29;648;0,648,657,0,1,1,1,10,10,30,31,1,1,3,3,1,1,0.015417639557754822,0.017007735,0.0015900950687767791
160.csv;07:37:07.806-2024/12/05;419;0,419,391,0,-1,0,0,8,9,28,31,1,1,2,2,1,1,0.015417639557754822,0.017005833,0.0015881933080794143
160.csv;09:28:22.661-2024/12/05;257;10,257,396,10,8,0,0,12,11,30,28,0,0,4,4,1,1,0.015417639557754822,0.017002186,0.00158454624887722
160.csv;09:05:47.918-2024/12/05;975;0,975,847,0,2,0,0,0,2,28,30,1,1,3,3,0,0,0.015417639557754822,0.017000273,0.00158263331230896
160.csv;09:10:05.166-2024/12/05;75;10,75,13,10,9,0,0,4,4,30,31,1,1,2,2,0,0,0.015417639557754822,0.017000007,0.0015823669540526199
160.csv;09:34:13.837-2024/12/05;559;0,559,534,0,3,0,0,8,9,29,31,0,0,4,4,0,0,0.015417639557754822,0.016998675,0.0015810351627709197
160.csv;07:22:25.151-2024/12/05;217;0,217,316,0,1,0,0,11,12,28,31,1,1,3,3,1,1,0.015417639557754822,0.016994448,0.0015768088209273147
160.csv;08:00:53.845-2024/12/05;686;16,686,677,16,12,0,0,1,5,29,32,1,1,4,4,1,1,0.015417639557754822,0.016992388,0.0015747487353922653
160.csv;06:50:38.809-2024/12/05;46;15,46,229,15,10,0,0,13,11,28,31,0,0,3,3,1,1,0.015417639557754822,0.016992245,0.0015746053117157745
158.csv;08:20:28.362-2024/12/06;886;10,886,977,10,9,0,0,3,2,30,31,1,1,2,2,1,1,0.015417639557754822,0.016991807,0.0015741675901057052
160.csv;07:38:10.700-2024/12/05;564;5,564,581,5,5,0,0,5,7,28,30,0,0,4,4,1,1,0.015417639557754822,0.016989503,0.0015718634980561065
160.csv;06:49:58.171-2024/12/05;79;0,79,355,0,3,0,0,2,6,28,29,1,1,4,4,1,1,0.015417639557754822,0.016984865,0.0015672255116345214
160.csv;09:18:39.942-2024/12/05;353;5,353,434,5,5,0,0,8,8,29,29,0,0,4,4,1,1,0.015417639557754822,0.01698016,0.001562520469987564
160.csv;07:46:13.176-2024/12/05;683;15,683,667,15,13,0,0,9,10,30,33,1,1,3,3,0,0,0.015417639557754822,0.016973829,0.001556189339125328
160.csv;09:33:37.281-2024/12/05;999;10,999,941,10,7,0,0,10,11,29,32,1,1,3,3,0,0,0.015417639557754822,0.016973266,0.0015556268202902603
160.csv;09:26:49.826-2024/12/05;189;15,189,230,15,13,0,0,8,9,30,32,1,1,3,3,1,1,0.015417639557754822,0.016966598,0.0015489585506560134
160.csv;07:44:41.303-2024/12/05;712;15,712,688,15,12,0,0,11,10,28,31,0,0,3,3,0,0,0.015417639557754822,0.016962728,0.0015450879740359115
160.csv;09:41:10.844-2024/12/05;275;16,275,319,16,12,0,0,14,12,29,30,1,1,4,4,0,0,0.015417639557754822,0.016959056,0.0015414167004467773
160.csv;06:58:30.629-2024/12/05;124;18,124,167,18,14,0,0,0,3,28,29,0,0,3,3,1,1,0.015417639557754822,0.01695881,0.0015411708312870788
160.csv;07:32:07.353-2024/12/05;69;15,69,23,15,14,0,0,11,12,30,30,1,1,2,2,1,1,0.015417639557754822,0.016954858,0.0015372182982804107
160.csv;06:57:31.998-2024/12/05;405;17,405,364,17,14,0,0,10,10,28,32,1,1,3,3,1,1,0.015417639557754822,0.016953772,0.001536132376158409
158.csv;08:10:49.887-2024/12/06;383;0,383,464,0,3,0,0,8,7,28,30,0,0,4,4,0,0,0.015417639557754822,0.016952645,0.0015350054758431243
158.csv;08:03:25.231-2024/12/06;973;10,973,801,10,8,0,0,0,5,29,29,1,1,4,4,0,0,0.015417639557754822,0.016949378,0.0015317383962513732
158.csv;08:10:48.970-2024/12/06;291;5,291,379,5,5,0,0,7,8,28,31,0,0,4,4,1,1,0.015417639557754822,0.016946703,0.0015290636378170776
160.csv;08:15:38.688-2024/12/05;83;10,83,248,10,7,0,0,13,12,28,28,0,0,4,3,1,1,0.015417639557754822,0.016945368,0.001527728121245079
158.csv;08:10:48.632-2024/12/06;257;10,257,233,10,8,0,0,4,6,29,32,1,1,3,3,0,0,0.015417639557754822,0.016941546,0.001523905973398857
160.csv;07:53:23.820-2024/12/05;740;6,740,688,6,5,0,0,10,9,28,32,0,0,4,4,1,1,0.015417639557754822,0.016940124,0.0015224847751499938
101.csv;09:58:27.303-2024/09/06;562;0,562,576,0,3,0,0,12,12,31,33,1,1,3,3,1,1,0.015417639557754822,0.016940111,0.0015224717366339492
160.csv;08:48:22.408-2024/12/05;871;15,871,850,15,12,0,0,12,12,30,33,1,1,3,3,1,1,0.015417639557754822,0.01693539,0.0015177499311806487
160.csv;07:16:32.462-2024/12/05;788;10,788,787,10,9,0,0,9,10,29,32,1,1,3,3,0,0,0.015417639557754822,0.016925035,0.0015073954867960739
160.csv;08:23:06.910-2024/12/05;873;10,873,781,10,7,0,0,4,7,28,30,0,0,4,4,0,0,0.015417639557754822,0.016921747,0.0015041079181076812
158.csv;08:19:32.298-2024/12/06;400;5,400,438,5,4,0,0,8,7,29,31,0,0,4,4,0,0,0.015417639557754822,0.016921539,0.0015038993018509673
101.csv;09:54:48.701-2024/09/06;205;7,205,99,7,8,1,1,9,10,20,26,1,1,2,2,0,0,0.015417639557754822,0.016920147,0.0015025079059244918
157.csv;04:06:09.422-2024/10/29;713;5,713,665,5,4,0,0,10,9,31,32,0,0,4,4,0,0,0.015417639557754822,0.01691778,0.0015001404839398193
160.csv;08:38:41.962-2024/12/05;171;0,171,274,0,4,0,0,15,12,28,27,1,1,4,4,0,0,0.015417639557754822,0.016917285,0.0014996450203301238
160.csv;07:13:59.090-2024/12/05;811;0,811,725,0,1,0,0,14,13,28,30,1,1,3,3,1,1,0.015417639557754822,0.016916644,0.0014990042703987884
160.csv;08:46:07.163-2024/12/05;659;5,659,596,5,5,0,0,11,10,28,27,0,0,4,4,1,1,0.015417639557754822,0.016915116,0.001497476901376419
160.csv;08:47:24.998-2024/12/05;250;10,250,283,10,9,0,0,8,9,30,32,1,1,3,3,1,1,0.015417639557754822,0.016914891,0.001497251521313362
157.csv;04:19:59.539-2024/10/29;781;2,781,763,2,4,1,1,8,9,31,32,1,1,3,3,0,0,0.015417639557754822,0.016914763,0.0014971229987980651
160.csv;09:26:50.854-2024/12/05;292;15,292,266,15,17,0,0,10,10,30,32,1,1,2,2,0,0,0.015417639557754822,0.01691339,0.001495750229323082
157.csv;04:04:21.773-2024/10/29;188;3,188,190,3,3,1,1,14,13,0,9,1,1,2,2,1,1,0.015417639557754822,0.016909024,0.0014913841890932845
160.csv;08:46:08.315-2024/12/05;774;5,774,739,5,5,0,0,5,7,29,31,0,0,4,4,1,1,0.015417639557754822,0.016906992,0.0014893520432354736
160.csv;08:33:16.044-2024/12/05;347;5,347,296,5,5,0,0,8,9,29,31,1,1,2,2,1,1,0.015417639557754822,0.016903538,0.0014858986991287994
160.csv;09:10:59.642-2024/12/05;403;7,403,401,7,8,0,0,4,5,31,31,1,1,3,3,1,1,0.015417639557754822,0.016899254,0.0014816146152855682
160.csv;09:38:52.565-2024/12/05;784;0,784,790,0,1,0,0,5,6,29,30,1,1,3,3,0,0,0.015417639557754822,0.016897863,0.0014802232193590927
157.csv;04:04:21.304-2024/10/29;141;5,141,254,5,7,1,1,14,11,28,29,1,1,4,4,1,1,0.015417639557754822,0.016896633,0.0014789938735606002
157.csv;04:04:21.912-2024/10/29;202;3,202,225,3,4,1,1,10,11,28,31,1,1,3,3,0,0,0.015417639557754822,0.016895274,0.0014776341426016616
160.csv;07:22:53.420-2024/12/05;996;0,996,1027,0,-1,0,0,8,7,29,31,1,1,2,2,1,1,0.015417639557754822,0.016891904,0.0014742646175267028
158.csv;08:19:28.931-2024/12/06;63;10,63,7,10,9,0,0,6,7,30,31,1,1,2,2,0,0,0.015417639557754822,0.016888995,0.001471355165803604
158.csv;08:10:47.943-2024/12/06;188;6,188,227,6,6,1,1,7,7,29,33,1,1,2,2,1,1,0.015417639557754822,0.016888216,0.0014705765801312255
160.csv;08:17:22.727-2024/12/05;247;5,247,207,5,4,0,0,5,5,31,33,1,1,2,2,1,1,0.015417639557754822,0.01688252,0.0014648806112648773
158.csv;08:10:49.805-2024/12/06;374;15,374,447,15,11,0,0,6,7,28,30,0,0,4,4,1,1,0.015417639557754822,0.016880406,0.0014627665090205001
158.csv;08:03:26.182-2024/12/06;44;10,44,277,10,8,0,0,4,5,28,30,0,0,3,3,0,0,0.015417639557754822,0.016877012,0.0014593727695586013
158.csv;08:03:23.110-2024/12/06;761;6,761,682,6,6,0,0,6,7,28,31,0,0,4,4,1,1,0.015417639557754822,0.016871464,0.0014538239496590423
101.csv;09:55:25.134-2024/09/06;776;9,776,837,9,8,1,1,13,13,18,25,1,1,2,2,1,1,0.015417639557754822,0.016868979,0.0014513391810299682
160.csv;09:25:17.745-2024/12/05;197;15,197,232,15,10,0,0,15,12,29,28,1,1,4,4,1,1,0.015417639557754822,0.016867448,0.0014498080867173004
160.csv;08:38:38.411-2024/12/05;840;0,840,799,0,4,0,0,0,1,28,30,0,0,3,3,1,1,0.015417639557754822,0.016866725,0.0014490853803993987
160.csv;09:10:15.033-2024/12/05;38;10,38,-2,10,10,0,0,4,5,31,30,1,1,2,2,0,0,0.015417639557754822,0.01686403,0.0014463901328684615
160.csv;09:10:59.603-2024/12/05;399;5,399,449,5,6,0,0,12,11,30,30,0,0,4,4,0,0,0.015417639557754822,0.016859664,0.0014420240926386642
101.csv;09:54:50.824-2024/09/06;418;7,418,347,7,6,0,0,12,13,31,31,1,1,2,2,0,0,0.015417639557754822,0.016859137,0.0014414969640614318
160.csv;09:34:07.375-2024/12/05;936;16,936,906,16,13,0,0,10,10,29,30,1,1,3,3,0,0,0.015417639557754822,0.016858684,0.0014410443412901687
160.csv;07:53:23.724-2024/12/05;731;0,731,647,0,3,0,0,8,9,28,30,0,0,4,4,1,1,0.015417639557754822,0.016856544,0.0014389041620137023
160.csv;09:03:52.279-2024/12/05;675;0,675,639,0,3,0,0,8,8,29,31,0,0,4,4,0,0,0.015417639557754822,0.01685598,0.0014383397805334854
160.csv;09:32:49.073-2024/12/05;274;15,274,253,15,15,0,0,11,12,30,32,1,1,2,2,1,1,0.015417639557754822,0.01685389,0.0014362498926760482
160.csv;08:09:19.229-2024/12/05;25;11,25,45,11,10,0,0,10,10,30,31,1,1,2,2,1,1,0.015417639557754822,0.016851176,0.0014335360186936187
160.csv;07:29:07.319-2024/12/05;498;6,498,517,6,5,0,0,7,8,28,31,0,0,4,4,1,1,0.015417639557754822,0.016850302,0.0014326624381186294
160.csv;09:25:17.725-2024/12/05;195;17,195,369,17,12,0,0,7,8,30,32,0,0,3,3,1,1,0.015417639557754822,0.016849313,0.0014316733735443878
160.csv;06:49:37.060-2024/12/05;16;0,16,64,0,3,0,0,0,3,28,30,0,0,3,3,0,0,0.015417639557754822,0.016849186,0.00143154671367424
160.csv;07:14:43.424-2024/12/05;124;10,124,265,10,8,0,0,13,13,28,30,1,1,3,3,0,0,0.015417639557754822,0.016847588,0.0014299485641361999
101.csv;09:53:30.543-2024/09/06;581;8,581,650,8,9,1,1,14,14,21,28,1,1,2,2,1,1,0.015417639557754822,0.016847534,0.0014298945474268722
160.csv;08:47:25.272-2024/12/05;278;5,278,312,5,5,0,0,9,10,30,32,1,1,3,3,1,1,0.015417639557754822,0.016845023,0.0014273837017657089
155.csv;03:50:39.927-2024/10/29;947;15,947,736,15,10,0,0,15,12,29,28,0,0,4,4,1,1,0.015417639557754822,0.01684369,0.0014260500478388595
105.csv;11:28:05.769-2024/11/20;186;8,186,107,8,7,1,1,12,13,27,29,1,1,2,2,1,1,0.015417639557754822,0.016841942,0.0014243028866888809
158.csv;08:03:23.041-2024/12/06;754;10,754,646,10,8,0,0,7,7,28,31,0,0,4,4,1,1,0.015417639557754822,0.016841786,0.0014241464244963455
160.csv;07:22:53.387-2024/12/05;992;16,992,892,16,14,0,0,8,9,29,30,0,0,3,3,0,0,0.015417639557754822,0.01684144,0.0014237999724985885
160.csv;07:47:43.336-2024/12/05;484;0,484,433,0,2,0,0,0,3,29,32,1,1,3,3,0,0,0.015417639557754822,0.016831161,0.001413521896565132
160.csv;07:39:59.012-2024/12/05;131;10,131,71,10,9,0,0,2,2,30,31,1,1,2,2,0,0,0.015417639557754822,0.016825434,0.0014077942627312469
157.csv;04:04:21.782-2024/10/29;189;1,189,204,1,3,1,1,14,12,28,28,1,1,3,3,1,1,0.015417639557754822,0.016824704,0.0014070641058327484
160.csv;06:58:30.815-2024/12/05;143;15,143,146,15,12,0,0,13,12,28,31,0,0,3,3,1,1,0.015417639557754822,0.016824465,0.0014068256872536468
160.csv;07:16:06.017-2024/12/05;191;15,191,49,15,16,0,0,9,10,30,31,1,1,2,2,1,1,0.015417639557754822,0.016824355,0.0014067157911898422
160.csv;08:46:07.194-2024/12/05;662;5,662,580,5,5,0,0,7,8,28,31,0,0,4,4,1,1,0.015417639557754822,0.016824028,0.0014063879656435775
160.csv;08:23:07.162-2024/12/05;898;16,898,718,16,10,0,0,13,11,28,30,0,0,4,4,1,1,0.015417639557754822,0.016823191,0.0014055516379715728
160.csv;09:41:10.760-2024/12/05;267;6,267,352,6,6,0,0,12,10,29,30,0,0,4,4,1,1,0.015417639557754822,0.016819503,0.0014018636005760955
160.csv;08:46:08.211-2024/12/05;764;0,764,775,0,2,0,0,0,2,30,32,0,0,3,3,1,1,0.015417639557754822,0.016812941,0.0013953015017153549
160.csv;09:32:47.463-2024/12/05;113;10,113,57,10,9,0,0,10,10,30,31,1,1,2,2,1,1,0.015417639557754822,0.016809776,0.0013921368676068115
160.csv;09:26:42.570-2024/12/05;488;6,488,457,6,6,0,0,13,14,29,30,0,0,3,2,0,0,0.015417639557754822,0.016807841,0.0013902015792967605
136.csv;18:50:59.628-2024/01/16;809;19,809,808,19,17,1,1,10,11,11,15,1,1,1,1,1,1,0.015417639557754822,0.016806807,0.0013891678112389373
160.csv;07:14:06.267-2024/12/05;504;17,504,515,17,14,0,0,6,7,28,31,0,0,3,3,1,1,0.015417639557754822,0.01680324,0.00138560084577816
160.csv;09:10:23.193-2024/12/05;854;6,854,716,6,7,0,0,11,10,29,30,0,0,4,4,1,1,0.015417639557754822,0.016798124,0.0013804841595532226
160.csv;07:22:53.610-2024/12/05;1015;0,1015,847,0,4,0,0,2,6,30,27,1,1,4,4,1,1,0.015417639557754822,0.01679747,0.0013798303711058425
160.csv;07:44:39.628-2024/12/05;545;2,545,491,2,3,0,0,15,14,30,31,1,1,3,3,0,0,0.015417639557754822,0.016797438,0.0013797987061383056
160.csv;09:10:17.268-2024/12/05;261;15,261,213,15,15,0,0,4,5,30,32,1,1,2,2,0,0,0.015417639557754822,0.016789181,0.0013715416001917648
160.csv;08:20:20.828-2024/12/05;649;4,649,632,4,4,1,1,3,6,28,28,1,1,4,4,0,0,0.015417639557754822,0.016788006,0.0013703662711026
160.csv;08:24:05.676-2024/12/05;606;7,606,630,7,7,0,0,10,11,29,31,1,1,3,3,1,1,0.015417639557754822,0.016782334,0.0013646945166231918
157.csv;04:04:21.594-2024/10/29;170;5,170,249,5,6,1,1,13,10,28,28,1,1,4,4,0,0,0.015417639557754822,0.016782135,0.001364495213592224
160.csv;08:40:03.265-2024/12/05;109;10,109,48,10,10,0,0,8,8,30,31,1,1,2,2,0,0,0.015417639557754822,0.016770292,0.0013526525157334136
160.csv;06:58:26.523-2024/12/05;738;5,738,645,5,5,0,0,3,5,29,30,0,0,4,4,0,0,0.015417639557754822,0.016766952,0.0013493127929808425
160.csv;08:47:34.928-2024/12/05;219;10,219,184,10,10,0,0,4,3,30,32,1,1,2,2,1,1,0.015417639557754822,0.016759088,0.0013414487051607894
160.csv;07:05:23.608-2024/12/05;462;15,462,484,15,12,0,0,5,7,30,31,1,1,4,4,0,0,0.015417639557754822,0.016757838,0.0013401988702656555
160.csv;07:52:54.722-2024/12/05;902;10,902,701,10,8,0,0,3,6,28,30,0,0,4,4,0,0,0.015417639557754822,0.01675343,0.0013357899891974258
155.csv;03:42:50.187-2024/10/29;53;4,53,255,4,5,1,1,9,10,29,29,1,1,4,4,0,0,0.015417639557754822,0.016752664,0.0013350244420410919
160.csv;08:47:25.736-2024/12/05;324;10,324,281,10,11,0,0,9,10,30,30,1,1,3,3,1,1,0.015417639557754822,0.016751986,0.0013343464392067718
160.csv;09:01:00.275-2024/12/05;882;10,882,687,10,8,0,0,7,8,28,29,0,0,4,4,0,0,0.015417639557754822,0.016751697,0.001334057729208641
160.csv;09:10:10.336-2024/12/05;592;11,592,562,11,8,0,0,2,5,30,32,0,0,4,4,1,1,0.015417639557754822,0.016750466,0.0013328265207649993
160.csv;07:29:09.125-2024/12/05;678;12,678,677,12,10,0,0,13,13,28,32,1,1,3,3,1,1,0.015417639557754822,0.016745988,0.001328348721826248
158.csv;08:04:32.431-2024/12/06;525;10,525,544,10,9,0,0,5,5,30,32,1,1,2,2,0,0,0.015417639557754822,0.016739832,0.0013221926796080398
160.csv;07:22:25.042-2024/12/05;206;5,206,340,5,6,0,0,8,8,28,29,0,0,4,4,1,1,0.015417639557754822,0.016737474,0.0013198345708491134
160.csv;09:26:42.570-2024/12/05;488;5,488,509,5,5,0,0,7,8,29,31,0,0,4,3,0,0,0.015417639557754822,0.016733417,0.0013157777297140884
160.csv;08:38:33.986-2024/12/05;397;5,397,417,5,4,0,0,0,0,28,32,1,1,2,2,0,0,0.015417639557754822,0.016731424,0.0013137846994044113
160.csv;08:44:49.150-2024/12/05;26;0,26,143,0,1,0,0,14,13,28,30,1,1,3,3,1,1,0.015417639557754822,0.01672949,0.0013118512737395095
157.csv;04:04:22.371-2024/10/29;248;3,248,329,3,4,1,1,15,11,29,31,1,1,4,4,0,0,0.015417639557754822,0.01672767,0.0013100296067835616
160.csv;06:50:38.641-2024/12/05;30;1,30,309,1,5,0,0,14,11,29,28,1,1,4,4,0,0,0.015417639557754822,0.016726227,0.0013085879194380569
101.csv;09:55:11.524-2024/09/06;440;0,440,454,0,0,1,1,14,14,23,29,1,1,2,2,1,1,0.015417639557754822,0.016725816,0.0013081762748600768
160.csv;06:42:28.735-2024/12/05;191;5,191,250,5,5,0,0,3,4,28,30,0,0,3,3,0,0,0.015417639557754822,0.01672537,0.0013077311026694106
160.csv;08:39:25.063-2024/12/05;385;0,385,336,0,-2,0,0,10,12,29,31,1,1,2,2,0,0,0.015417639557754822,0.016719561,0.0013019215124489593
160.csv;09:10:59.222-2024/12/05;361;5,361,311,5,5,0,0,3,3,31,32,1,1,2,2,1,1,0.015417639557754822,0.016719019,0.001301379482710533
160.csv;07:30:20.757-2024/12/05;673;17,673,626,17,10,0,0,11,10,28,27,1,1,4,4,0,0,0.015417639557754822,0.01671881,0.0013011708664538192
136.csv;18:37:43.676-2024/01/16;62;9,62,22,9,8,1,1,14,13,30,30,1,1,2,2,0,0,0.015417639557754822,0.01671661,0.0012989710825325775
160.csv;09:32:51.732-2024/12/05;540;12,540,478,12,12,0,0,2,4,30,31,0,0,3,3,1,1,0.015417639557754822,0.01671085,0.001293209921086006
160.csv;07:46:35.935-2024/12/05;911;15,911,899,15,13,0,0,5,6,31,31,1,1,3,3,1,1,0.015417639557754822,0.016710505,0.0012928653317333984
160.csv;06:43:33.315-2024/12/05;505;10,505,505,10,10,0,0,0,1,31,32,1,1,2,2,0,0,0.015417639557754822,0.016709898,0.001292258109414749
160.csv;08:22:17.783-2024/12/05;57;0,57,120,0,1,0,0,6,7,28,29,1,1,3,3,1,1,0.015417639557754822,0.01670962,0.0012919805752875137
160.csv;07:14:05.303-2024/12/05;408;10,408,438,10,10,0,0,2,3,29,30,0,0,3,3,1,1,0.015417639557754822,0.016707374,0.0012897342252375411
160.csv;09:41:10.748-2024/12/05;266;5,266,366,5,5,0,0,6,7,29,32,0,0,4,4,1,1,0.015417639557754822,0.016707009,0.0012893691467882919
160.csv;07:15:17.349-2024/12/05;445;0,445,461,0,3,0,0,6,8,29,30,0,0,4,4,0,0,0.015417639557754822,0.016706498,0.0012888587820174026
160.csv;07:23:08.243-2024/12/05;430;15,430,409,15,16,0,0,8,9,31,31,1,1,2,2,0,0,0.015417639557754822,0.016706295,0.0012886557536961364
160.csv;09:41:07.439-2024/12/05;959;5,959,973,5,4,0,0,0,0,31,30,1,1,2,2,1,1,0.015417639557754822,0.016705373,0.001287733744347267
160.csv;09:40:36.400-2024/12/05;927;5,927,1002,5,5,0,0,4,4,31,30,1,1,2,2,1,1,0.015417639557754822,0.016698023,0.0012803837465884017
157.csv;04:04:21.601-2024/10/29;171;0,171,279,0,3,1,0,8,8,28,29,1,1,4,4,1,1,0.015417639557754822,0.016696231,0.0012785918819548416
160.csv;09:26:48.806-2024/12/05;87;15,87,209,15,12,0,0,12,10,30,31,0,0,3,3,0,0,0.015417639557754822,0.016695546,0.0012779064285399246
158.csv;08:11:33.946-2024/12/06;693;0,693,619,0,3,0,0,11,10,29,30,0,0,4,4,1,1,0.015417639557754822,0.016692707,0.0012750677573324966
160.csv;09:10:00.889-2024/12/05;672;0,672,688,0,2,0,0,0,4,29,31,1,1,4,4,1,1,0.015417639557754822,0.01669261,0.0012749708997847366
160.csv;07:22:28.099-2024/12/05;512;0,512,519,0,1,0,0,9,9,28,30,0,0,4,4,1,1,0.015417639557754822,0.016690923,0.0012732833432795333
160.csv;07:45:51.253-2024/12/05;539;15,539,535,15,16,0,0,11,11,30,31,1,1,2,3,0,0,0.015417639557754822,0.016690662,0.001273022572958641
157.csv;04:04:21.585-2024/10/29;169;6,169,232,6,6,1,1,14,11,28,29,1,1,4,4,0,0,0.015417639557754822,0.016690306,0.0012726668077351379
101.csv;10:09:29.685-2024/09/06;240;7,240,182,7,7,1,1,12,13,21,27,1,1,2,2,1,1,0.015417639557754822,0.01669007,0.0012724302518011855
157.csv;04:04:21.632-2024/10/29;174;2,174,155,2,3,1,1,8,8,28,30,1,1,3,3,0,0,0.015417639557754822,0.016681753,0.0012641135412098693
160.csv;09:10:13.552-2024/12/05;914;5,914,841,5,5,0,0,9,9,30,30,0,0,4,4,1,1,0.015417639557754822,0.016675688,0.0012580487686039733
158.csv;08:19:32.185-2024/12/06;388;18,388,292,18,20,0,0,14,14,15,23,1,1,0,1,0,0,0.015417639557754822,0.016670456,0.0012528165983797836
136.csv;18:52:52.512-2024/01/16;834;6,834,916,6,4,1,1,1,1,20,26,1,1,2,2,1,1,0.015417639557754822,0.016668456,0.0012508161174895095
160.csv;07:38:37.957-2024/12/05;218;0,218,269,0,1,0,0,8,9,28,31,1,1,3,3,1,1,0.015417639557754822,0.016668402,0.0012507621007801818
160.csv;07:13:06.461-2024/12/05;668;5,668,612,5,6,0,0,13,11,29,31,0,0,4,4,0,0,0.015417639557754822,0.016665054,0.0012474149274470138
160.csv;09:18:39.935-2024/12/05;352;10,352,438,10,9,0,0,7,7,29,28,0,0,4,4,0,0,0.015417639557754822,0.016660692,0.001243052612507515
160.csv;08:40:14.545-2024/12/05;213;5,213,145,5,5,0,0,11,12,30,32,1,1,2,2,0,0,0.015417639557754822,0.016656522,0.0012388821500183868
160.csv;07:15:17.353-2024/12/05;445;6,445,501,6,5,0,0,10,9,29,32,0,0,4,4,1,1,0.015417639557754822,0.016655738,0.0012380979764105605
155.csv;03:42:52.629-2024/10/29;297;5,297,350,5,6,1,1,14,11,30,31,0,0,3,3,0,0,0.015417639557754822,0.016653853,0.0012362129795195388
158.csv;08:19:32.321-2024/12/06;402;6,402,409,6,5,0,0,14,11,28,30,0,0,4,4,0,0,0.015417639557754822,0.016652567,0.0012349277543665695
160.csv;06:51:25.113-2024/12/05;581;2,581,544,2,3,0,0,8,8,30,31,0,0,4,4,1,1,0.015417639557754822,0.016649911,0.0012322716223837661
157.csv;04:04:21.345-2024/10/29;145;5,145,310,5,6,1,1,15,12,28,27,1,1,4,4,1,1,0.015417639557754822,0.01664978,0.00123214123722332
136.csv;18:50:58.668-2024/01/16;713;19,713,751,19,17,1,1,12,12,13,24,1,1,1,1,1,1,0.015417639557754822,0.016648367,0.0012307274895550536
157.csv;04:04:21.474-2024/10/29;158;3,158,239,3,4,1,1,13,11,28,30,1,1,4,4,1,1,0.015417639557754822,0.016645445,0.0012278049993159103
160.csv;08:22:14.217-2024/12/05;724;6,724,668,6,7,0,0,11,10,30,30,0,0,4,4,0,0,0.015417639557754822,0.016641721,0.0012240815716625976
158.csv;08:11:33.806-2024/12/06;679;1,679,637,1,3,0,0,5,6,30,32,0,0,4,4,0,0,0.015417639557754822,0.016641503,0.0012238636421801376
157.csv;04:18:02.215-2024/10/29;312;7,312,351,7,7,1,1,15,12,31,30,1,1,4,4,0,0,0.015417639557754822,0.016636373,0.0012187339174391555
158.csv;08:19:32.347-2024/12/06;405;1,405,449,1,2,0,0,6,7,28,31,0,0,4,4,1,1,0.015417639557754822,0.016635746,0.0012181062060238647
158.csv;08:09:34.794-2024/12/06;41;10,41,452,10,11,0,0,2,-1,0,-4,1,1,0,0,0,0,0.015417639557754822,0.016634528,0.0012168880360962676
160.csv;09:35:12.967-2024/12/05;328;0,328,425,0,2,0,0,9,9,30,31,0,0,4,4,1,1,0.015417639557754822,0.016634036,0.0012163962977768707
160.csv;09:32:24.511-2024/12/05;890;10,890,993,10,10,0,0,10,11,30,31,1,1,2,2,1,1,0.015417639557754822,0.016633548,0.0012159082847477722
160.csv;06:51:25.043-2024/12/05;574;5,574,526,5,6,0,0,8,8,31,31,0,0,4,4,1,1,0.015417639557754822,0.016632222,0.0012145820814015197
158.csv;08:03:45.673-2024/12/06;969;15,969,886,15,12,0,0,11,11,30,31,1,1,3,3,1,1,0.015417639557754822,0.016628847,0.0012112069683911132
158.csv;08:09:25.388-2024/12/06;125;5,125,51,5,4,0,0,9,9,30,31,1,1,2,2,1,1,0.015417639557754822,0.016628414,0.0012107748347164916
160.csv;06:51:43.336-2024/12/05;355;10,355,438,10,7,0,0,1,4,28,29,0,0,4,4,1,1,0.015417639557754822,0.01662452,0.0012068800437094497
160.csv;07:44:42.097-2024/12/05;792;5,792,684,5,4,0,0,3,6,28,30,0,0,4,4,0,0,0.015417639557754822,0.01661852,0.0012008804636837768
160.csv;07:46:30.270-2024/12/05;345;5,345,356,5,5,0,0,0,0,30,30,1,1,2,2,0,0,0.015417639557754822,0.016616413,0.0011987738120199966
160.csv;08:32:17.597-2024/12/05;646;5,646,639,5,5,0,0,9,10,29,32,1,1,3,3,1,1,0.015417639557754822,0.01661342,0.0011957805412651824
160.csv;09:05:37.026-2024/12/05;909;10,909,884,10,8,0,0,10,10,29,29,1,1,3,3,1,1,0.015417639557754822,0.016611878,0.0011942382710816192
160.csv;06:59:15.812-2024/12/05;547;5,547,517,5,4,0,0,3,2,29,30,1,1,2,2,0,0,0.015417639557754822,0.016608462,0.0011908221798779296
160.csv;07:38:26.205-2024/12/05;67;0,67,169,0,1,0,0,12,12,30,30,1,1,3,3,1,1,0.015417639557754822,0.016607514,0.001189874093496971
160.csv;08:36:44.053-2024/12/05;667;8,667,693,8,7,1,1,10,10,30,32,1,1,2,2,1,1,0.015417639557754822,0.01660732,0.001189680378401451
160.csv;09:03:52.253-2024/12/05;672;7,672,635,7,6,0,0,15,12,30,30,0,0,4,4,1,1,0.015417639557754822,0.016606769,0.0011891290354372787
160.csv;07:44:38.995-2024/12/05;481;15,481,485,15,9,0,0,12,11,28,31,1,1,4,4,0,0,0.015417639557754822,0.016606664,0.0011890247273089218
136.csv;18:51:47.036-2024/01/16;430;10,430,430,10,8,1,1,9,11,17,24,1,1,3,3,0,0,0.015417639557754822,0.016605152,0.0011875122594477462
158.csv;08:03:32.102-2024/12/06;636;10,636,616,10,8,0,0,2,5,29,30,0,0,4,4,1,1,0.015417639557754822,0.016602665,0.0011850256281735229
160.csv;07:32:05.655-2024/12/05;923;15,923,769,15,10,0,0,4,6,30,30,1,1,4,4,0,0,0.015417639557754822,0.016599454,0.0011818144279362487
160.csv;06:59:11.036-2024/12/05;69;15,69,34,15,15,0,0,11,12,30,31,1,1,2,2,0,0,0.015417639557754822,0.016594727,0.0011770870345475005
160.csv;07:14:05.323-2024/12/05;410;8,410,473,8,7,0,0,15,14,29,30,0,0,3,3,0,0,0.015417639557754822,0.01659142,0.0011737808394076156
160.csv;06:49:34.805-2024/12/05;814;5,814,698,5,5,0,0,7,8,30,30,0,0,4,4,0,0,0.015417639557754822,0.016589893,0.0011722534703852462
160.csv;07:36:52.285-2024/12/05;914;15,914,856,15,11,0,0,0,2,29,31,1,1,3,3,1,1,0.015417639557754822,0.016587865,0.0011702250498177337
160.csv;09:09:57.788-2024/12/05;362;0,362,366,0,2,0,0,0,3,29,30,1,1,3,3,1,1,0.015417639557754822,0.016586648,0.0011690087425352859
160.csv;09:10:56.471-2024/12/05;86;0,86,239,0,4,0,0,15,12,30,29,1,1,4,4,0,0,0.015417639557754822,0.016584579,0.0011669393437744903
160.csv;07:38:34.731-2024/12/05;919;6,919,881,6,4,0,0,4,5,29,31,1,1,3,3,0,0,0.015417639557754822,0.016581994,0.0011643539923073577
157.csv;04:04:21.625-2024/10/29;173;6,173,280,6,6,1,1,14,11,28,29,1,1,4,4,1,1,0.015417639557754822,0.016580446,0.0011628061341883468
160.csv;09:34:10.418-2024/12/05;217;5,217,125,5,4,0,0,5,6,30,32,1,1,2,2,0,0,0.015417639557754822,0.016578987,0.001161347683036499
160.csv;07:13:06.461-2024/12/05;668;6,668,584,6,6,0,0,14,11,29,31,0,0,4,4,0,0,0.015417639557754822,0.016574424,0.0011567842024208831
160.csv;09:26:19.218-2024/12/05;201;3,201,274,3,5,0,0,7,8,29,33,0,0,3,3,0,0,0.015417639557754822,0.01657123,0.001153589765989952
160.csv;09:34:15.876-2024/12/05;762;17,762,729,17,14,0,0,2,4,31,32,0,0,3,3,1,1,0.015417639557754822,0.016569216,0.0011515762465836334
160.csv;07:38:39.308-2024/12/05;353;5,353,304,5,5,0,0,6,7,29,31,1,1,2,2,0,0,0.015417639557754822,0.016561296,0.0011436562794091033
130.csv;21:20:19.990-2024/01/13;331;10,331,260,10,10,0,0,6,6,31,32,1,1,2,2,0,0,0.015417639557754822,0.01656079,0.0011431496399285125
160.csv;08:22:14.203-2024/12/05;723;1,723,658,1,3,0,0,6,8,30,31,0,0,4,4,1,1,0.015417639557754822,0.01655805,0.0011404096889139938
130.csv;21:13:37.311-2024/01/13;1023;10,1023,309,10,7,0,0,2,2,31,33,1,1,1,1,1,1,0.015417639557754822,0.016556146,0.0011385060655714797
158.csv;08:03:23.938-2024/12/06;844;0,844,670,0,3,0,0,9,9,28,29,0,0,4,4,1,1,0.015417639557754822,0.01655509,0.0011374499457718658
157.csv;04:04:21.940-2024/10/29;205;0,205,204,0,3,1,1,15,13,28,30,1,1,3,3,0,0,0.015417639557754822,0.016553877,0.0011362373637797164
160.csv;06:58:26.636-2024/12/05;749;10,749,652,10,8,0,0,11,10,28,29,0,0,4,4,0,0,0.015417639557754822,0.016545681,0.0011280417251231002
160.csv;07:22:55.401-2024/12/05;170;5,170,277,5,5,0,0,11,10,30,28,0,0,4,4,0,0,0.015417639557754822,0.016539965,0.0011223252671601104
158.csv;08:03:31.196-2024/12/06;545;18,545,533,18,12,0,0,3,5,30,31,1,1,4,4,0,0,0.015417639557754822,0.016539631,0.001121991853678398
155.csv;03:59:37.570-2024/10/29;439;8,439,459,8,7,1,1,13,14,18,24,1,1,2,2,1,1,0.015417639557754822,0.016539102,0.0011214628624560165
160.csv;09:26:19.226-2024/12/05;201;16,201,321,16,10,0,0,7,8,29,30,0,0,4,4,0,0,0.015417639557754822,0.01653884,0.001121200229489975
160.csv;09:20:48.732-2024/12/05;944;5,944,817,5,5,0,0,10,11,29,29,0,0,3,3,0,0,0.015417639557754822,0.016533205,0.0011155657279135513
160.csv;06:58:33.022-2024/12/05;364;7,364,434,7,6,0,0,10,10,28,30,0,0,4,4,0,0,0.015417639557754822,0.016531834,0.0011141948210837173
160.csv;07:30:49.583-2024/12/05;484;10,484,522,10,9,0,0,8,8,29,32,0,0,3,3,1,1,0.015417639557754822,0.016531587,0.0011139470892788696
160.csv;09:31:26.144-2024/12/05;173;10,173,95,10,10,0,0,9,10,30,31,1,1,2,2,0,0,0.015417639557754822,0.016529283,0.0011116429972292709
160.csv;08:09:29.324-2024/12/05;10;17,10,60,17,14,0,0,1,2,30,31,1,1,2,2,1,1,0.015417639557754822,0.01652859,0.001110950093233757
160.csv;07:23:54.910-2024/12/05;1001;5,1001,1041,5,4,0,0,9,9,30,31,1,1,2,2,1,1,0.015417639557754822,0.016526807,0.001109167541825943
157.csv;04:04:22.088-2024/10/29;219;8,219,331,8,7,1,1,15,11,29,29,1,1,4,4,1,1,0.015417639557754822,0.01652616,0.0011085212039591598
101.csv;09:57:33.869-2024/09/06;338;5,338,326,5,6,1,1,15,14,21,27,0,0,2,2,0,0,0.015417639557754822,0.016525514,0.0011078748660923766
160.csv;06:43:00.010-2024/12/05;247;1,247,270,1,2,0,0,9,10,28,32,1,1,3,3,1,1,0.015417639557754822,0.016525416,0.0011077761458994674
160.csv;09:34:13.827-2024/12/05;558;2,558,524,2,4,0,0,4,6,29,29,0,0,4,4,0,0,0.015417639557754822,0.016524414,0.0011067740428091812
160.csv;07:22:22.615-2024/12/05;987;16,987,767,16,12,0,0,9,9,28,28,1,1,4,4,0,0,0.015417639557754822,0.016522951,0.0011053118663670349
136.csv;18:53:35.836-2024/01/16;46;10,46,97,10,11,1,1,10,11,30,31,1,1,2,2,1,1,0.015417639557754822,0.01652084,0.001103199626767807
160.csv;07:30:34.873-2024/12/05;37;10,37,-19,10,9,0,0,9,9,29,30,1,1,2,2,0,0,0.015417639557754822,0.016520835,0.0011031959014775085
160.csv;08:00:53.842-2024/12/05;686;15,686,676,15,11,0,0,14,13,29,31,1,1,4,4,0,0,0.015417639557754822,0.016519709,0.0011020690011622238
158.csv;08:03:19.971-2024/12/06;447;5,447,471,5,5,0,0,5,5,28,30,1,1,2,2,1,1,0.015417639557754822,0.016518312,0.0011006720173003005
160.csv;07:15:17.353-2024/12/05;445;5,445,482,5,5,0,0,8,8,29,32,0,0,4,4,0,0,0.015417639557754822,0.016518308,0.001100668292010002
160.csv;07:46:07.129-2024/12/05;79;5,79,28,5,4,0,0,10,11,30,30,1,1,2,2,1,1,0.015417639557754822,0.016517065,0.001099425907695465
155.csv;03:47:04.375-2024/10/29;896;5,896,989,5,3,0,0,7,6,31,32,1,1,2,2,1,1,0.015417639557754822,0.016516525,0.001098885740602188
160.csv;09:34:08.702-2024/12/05;45;10,45,201,10,9,0,0,0,2,28,30,1,1,3,3,0,0,0.015417639557754822,0.016514027,0.0010963879334570693
160.csv;07:22:53.406-2024/12/05;994;15,994,839,15,11,0,0,3,6,29,29,1,1,4,4,0,0,0.015417639557754822,0.01650763,0.001089989747369461
160.csv;09:40:30.161-2024/12/05;303;10,303,234,10,10,0,0,8,8,30,34,1,1,2,2,0,0,0.015417639557754822,0.016507152,0.0010895129102112579
160.csv;09:10:52.243-2024/12/05;687;5,687,605,5,5,0,0,2,6,29,28,0,0,4,4,0,0,0.015417639557754822,0.01650509,0.0010874509620310592
160.csv;06:58:26.561-2024/12/05;742;5,742,671,5,4,0,0,4,6,29,30,0,0,4,4,0,0,0.015417639557754822,0.016497126,0.0010794862913729476
160.csv;08:03:16.604-2024/12/05;626;15,626,649,15,16,0,0,12,13,30,32,1,1,2,2,0,0,0.015417639557754822,0.016496513,0.0010788734811188506
160.csv;07:47:40.784-2024/12/05;228;17,228,133,17,15,0,0,12,12,30,32,1,1,2,2,0,0,0.015417639557754822,0.01649379,0.001076150293910675
158.csv;08:10:50.135-2024/12/06;408;0,408,421,0,1,0,0,15,14,28,30,1,1,3,3,1,1,0.015417639557754822,0.01649241,0.0010747700738550948
160.csv;09:40:18.079-2024/12/05;119;5,119,36,5,5,0,0,9,9,30,32,1,1,2,2,1,1,0.015417639557754822,0.01649151,0.0010738704162480163
101.csv;09:58:38.046-2024/09/06;612;5,612,650,5,6,1,1,13,12,31,32,1,1,3,3,0,0,0.015417639557754822,0.01648725,0.001069610546791725
160.csv;08:10:21.413-2024/12/05;100;0,100,118,0,2,0,0,13,12,30,30,1,1,3,3,0,0,0.015417639557754822,0.01647957,0.0010619308608414459
136.csv;18:49:20.600-2024/01/16;123;0,123,6,0,0,0,0,5,6,31,32,1,1,2,2,0,0,0.015417639557754822,0.01647926,0.0010616197991015243
160.csv;09:34:15.876-2024/12/05;763;1,763,650,1,3,0,0,7,7,31,31,0,0,4,4,1,1,0.015417639557754822,0.016478045,0.0010604053544642257
160.csv;08:40:14.551-2024/12/05;214;0,214,160,0,0,0,0,5,5,29,32,1,1,2,2,1,1,0.015417639557754822,0.01647747,0.0010598297971131133
101.csv;10:07:57.117-2024/09/06;199;8,199,170,8,8,1,1,13,13,24,30,1,1,2,2,0,0,0.015417639557754822,0.016474146,0.0010565068381668853
157.csv;04:04:22.256-2024/10/29;236;6,236,254,6,6,1,1,11,10,29,31,1,1,3,3,0,0,0.015417639557754822,0.016470337,0.001052697728836708
160.csv;09:10:16.393-2024/12/05;174;10,174,141,10,10,0,0,1,2,30,32,1,1,2,2,0,0,0.015417639557754822,0.016466757,0.001049117724859886
160.csv;08:38:42.082-2024/12/05;183;0,183,242,0,3,0,0,15,13,28,31,1,1,4,4,1,1,0.015417639557754822,0.016464433,0.0010467931437136459
160.csv;07:30:58.394-2024/12/05;341;15,341,317,15,14,0,0,9,10,30,32,1,1,3,3,1,1,0.015417639557754822,0.016464079,0.001046439241135292
101.csv;09:58:22.268-2024/09/06;58;15,58,37,15,13,0,0,15,15,31,29,1,1,2,2,1,1,0.015417639557754822,0.01646373,0.0010460909264923858
160.csv;09:10:54.388-2024/12/05;901;15,901,766,15,10,0,0,2,5,29,30,1,1,4,4,1,1,0.015417639557754822,0.016462618,0.001044978927338295
157.csv;04:14:07.903-2024/10/29;433;5,433,326,5,6,1,1,14,14,12,23,1,1,1,1,0,0,0.015417639557754822,0.016461654,0.0010440140771509933
160.csv;08:02:11.171-2024/12/05;227;12,227,169,12,12,0,0,9,10,30,32,1,1,2,2,0,0,0.015417639557754822,0.016458556,0.0010409164982678222
158.csv;08:19:32.668-2024/12/06;437;0,437,403,0,2,0,0,3,5,28,30,1,1,3,3,1,1,0.015417639557754822,0.016456233,0.0010385937797667312
157.csv;04:04:21.354-2024/10/29;146;5,146,241,5,6,1,1,13,11,28,29,1,1,4,4,0,0,0.015417639557754822,0.016454887,0.0010372470873238372
160.csv;09:01:00.531-2024/12/05;907;16,907,802,16,13,0,0,1,4,28,32,1,1,3,3,1,1,0.015417639557754822,0.016454343,0.0010367031949402618
160.csv;07:45:41.834-2024/12/05;621;15,621,648,15,12,0,0,2,4,29,32,1,1,3,3,0,0,0.015417639557754822,0.016451076,0.0010334361153485107
157.csv;04:04:21.959-2024/10/29;207;0,207,273,0,4,1,1,12,10,28,29,1,1,4,4,1,1,0.015417639557754822,0.01644971,0.0010320707964541244
160.csv;07:16:27.114-2024/12/05;253;4,253,276,4,4,1,1,4,5,30,28,1,1,2,2,0,0,0.015417639557754822,0.016445933,0.001028293352091484
160.csv;09:31:26.776-2024/12/05;236;15,236,311,15,10,0,0,15,13,29,30,1,1,4,4,0,0,0.015417639557754822,0.016445044,0.0010274048703553008
160.csv;08:55:07.035-2024/12/05;374;10,374,381,10,10,0,0,8,9,30,33,1,1,3,3,1,1,0.015417639557754822,0.01644467,0.0010270304786803054
124.csv;19:30:44.698-2024/02/13;805;10,805,854,10,10,0,0,4,4,31,31,1,1,2,2,1,1,0.015417639557754822,0.016444527,0.0010268870550038146
158.csv;08:11:34.018-2024/12/06;700;0,700,629,0,3,0,0,10,10,29,32,1,1,4,4,1,1,0.015417639557754822,0.01644235,0.0010247096228243636
160.csv;09:17:08.514-2024/12/05;426;10,426,461,10,8,0,0,5,7,30,31,0,0,4,4,0,0,0.015417639557754822,0.016440047,0.0010224073934199142
158.csv;08:11:33.838-2024/12/06;682;0,682,603,0,3,0,0,7,8,30,30,0,0,4,4,0,0,0.015417639557754822,0.01643416,0.0010165195721031951
160.csv;07:54:01.678-2024/12/05;430;5,430,465,5,6,0,0,0,2,29,31,1,1,3,3,0,0,0.015417639557754822,0.016432246,0.001014606635534935
158.csv;08:03:22.776-2024/12/06;728;0,728,639,0,3,0,0,5,7,30,31,0,0,4,4,1,1,0.015417639557754822,0.01642782,0.0010101809906603622
160.csv;07:55:10.109-2024/12/05;105;10,105,44,10,10,0,0,4,4,30,33,1,1,2,2,1,1,0.015417639557754822,0.016427165,0.0010095253395678329
157.csv;04:18:02.212-2024/10/29;312;3,312,334,3,5,1,1,13,11,31,30,1,1,4,4,0,0,0.015417639557754822,0.016421666,0.001004026811087303
158.csv;08:09:45.990-2024/12/06;137;5,137,134,5,3,0,0,2,2,29,31,1,1,2,2,0,0,0.015417639557754822,0.01642116,0.0010035201716067123
160.csv;08:38:42.028-2024/12/05;177;16,177,131,16,12,0,0,2,4,28,28,0,0,3,3,0,0,0.015417639557754822,0.016420873,0.0010032333242537307
155.csv;03:42:50.194-2024/10/29;54;0,54,228,0,3,1,1,11,10,29,28,1,1,4,4,1,1,0.015417639557754822,0.01641973,0.001002089660132103
160.csv;07:22:53.581-2024/12/05;1012;6,1012,784,6,6,0,0,5,7,28,30,0,0,4,4,1,1,0.015417639557754822,0.016414955,0.000997315700614624
160.csv;06:51:43.374-2024/12/05;359;5,359,443,5,5,0,0,9,8,28,31,0,0,4,4,0,0,0.015417639557754822,0.016409617,0.000991977359616928
160.csv;09:10:13.587-2024/12/05;917;17,917,770,17,11,0,0,12,10,30,29,1,1,4,4,0,0,0.015417639557754822,0.016408976,0.0009913366096855926
160.csv;09:26:19.218-2024/12/05;201;2,201,300,2,3,0,0,5,6,29,33,0,0,3,3,0,0,0.015417639557754822,0.01640811,0.0009904704796912002
160.csv;06:50:06.920-2024/12/05;954;0,954,947,0,-1,0,0,7,8,30,30,1,1,2,2,0,0,0.015417639557754822,0.016405728,0.0009880881565453338
157.csv;04:04:21.351-2024/10/29;146;2,146,292,2,4,1,0,9,8,28,30,1,1,4,4,1,1,0.015417639557754822,0.016402794,0.000985154490435295
160.csv;07:44:42.119-2024/12/05;794;1,794,769,1,0,0,0,4,5,28,30,1,1,2,2,0,0,0.015417639557754822,0.016397448,0.0009798086988570022
160.csv;07:46:18.292-2024/12/05;171;10,171,87,10,10,0,0,4,4,30,32,1,1,2,2,1,1,0.015417639557754822,0.01639585,0.000978210549318962
160.csv;09:26:18.746-2024/12/05;153;15,153,119,15,12,0,0,6,7,30,31,1,1,3,3,0,0,0.015417639557754822,0.016393913,0.0009762733983637618
158.csv;08:04:40.146-2024/12/06;272;15,272,299,15,11,0,0,15,12,30,28,1,1,4,4,0,0,0.015417639557754822,0.016389208,0.0009715683567168044
160.csv;09:26:16.146-2024/12/05;917;17,917,786,17,14,0,0,15,13,29,30,1,1,3,3,0,0,0.015417639557754822,0.016389007,0.0009713671910406875
155.csv;03:42:50.104-2024/10/29;45;0,45,49,0,4,1,1,15,13,11,17,0,0,2,2,0,0,0.015417639557754822,0.016385749,0.0009681094246746826
160.csv;07:53:30.653-2024/12/05;399;15,399,420,15,13,0,0,2,4,30,31,0,0,3,3,1,1,0.015417639557754822,0.01638142,0.0009637806373478698
136.csv;18:52:15.516-2024/01/16;206;11,206,253,11,11,0,0,9,9,10,20,1,1,3,3,1,1,0.015417639557754822,0.016377883,0.0009602434742094802
160.csv;09:17:37.561-2024/12/05;259;5,259,309,5,4,0,0,5,6,30,31,0,0,4,4,1,1,0.015417639557754822,0.016377542,0.000959902610147171
158.csv;08:12:04.422-2024/12/06;668;13,668,621,13,11,0,0,3,5,29,32,0,0,3,3,1,1,0.015417639557754822,0.016374985,0.0009573451983572769
160.csv;09:41:12.862-2024/12/05;477;10,477,472,10,8,0,0,2,5,29,32,0,0,4,4,1,1,0.015417639557754822,0.016371135,0.0009534951108338165
155.csv;03:48:59.859-2024/10/29;156;15,156,50,15,14,0,0,7,7,31,33,1,1,2,2,1,1,0.015417639557754822,0.016370283,0.0009526438820006179
160.csv;09:41:37.433-2024/12/05;886;15,886,868,15,12,0,0,4,5,29,30,1,1,3,3,1,1,0.015417639557754822,0.016369242,0.0009516026633621978
160.csv;06:48:15.092-2024/12/05;11;0,11,224,0,1,1,1,4,4,29,29,1,1,2,2,1,1,0.015417639557754822,0.01636919,0.0009515505092980193
160.csv;07:51:37.666-2024/12/05;365;0,365,367,0,-1,0,0,7,7,29,32,1,1,2,2,1,1,0.015417639557754822,0.016360575,0.0009429357754828262
155.csv;03:48:55.723-2024/10/29;767;0,767,865,0,-1,0,0,11,12,31,32,1,1,2,2,1,1,0.015417639557754822,0.016360344,0.0009427048074843215
160.csv;07:53:23.780-2024/12/05;736;6,736,660,6,6,0,0,1,4,28,30,0,0,4,3,1,1,0.015417639557754822,0.016359834,0.0009421944427134323
160.csv;09:17:06.001-2024/12/05;175;5,175,94,5,4,0,0,8,9,28,31,1,1,2,2,1,1,0.015417639557754822,0.016359651,0.0009420119034888076
160.csv;07:40:01.169-2024/12/05;347;5,347,258,5,5,0,0,7,8,30,32,1,1,2,2,0,0,0.015417639557754822,0.016356729,0.0009390894132496642
157.csv;04:04:22.331-2024/10/29;244;1,244,278,1,3,1,1,13,11,29,31,1,1,3,3,0,0,0.015417639557754822,0.016355412,0.000937772523129158
160.csv;08:31:04.095-2024/12/05;464;8,464,522,8,9,0,0,2,5,29,30,0,0,3,3,1,1,0.015417639557754822,0.016355122,0.0009374819504858779
136.csv;18:51:14.536-2024/01/16;252;9,252,285,9,10,1,1,5,3,13,13,1,1,1,1,1,1,0.015417639557754822,0.016354404,0.000936764832103424
160.csv;08:52:26.955-2024/12/05;750;10,750,836,10,10,0,0,2,1,28,30,1,1,2,2,0,0,0.015417639557754822,0.016352806,0.0009351666825653838
157.csv;04:04:21.721-2024/10/29;183;1,183,250,1,4,1,1,8,8,28,29,1,1,4,4,0,0,0.015417639557754822,0.016351352,0.0009337119567038345
158.csv;08:03:30.041-2024/12/06;430;6,430,434,6,8,0,0,14,13,29,32,1,1,3,3,1,1,0.015417639557754822,0.016351087,0.0009334474610926437
160.csv;06:51:45.855-2024/12/05;607;8,607,549,8,6,0,0,3,6,28,31,0,0,4,4,1,1,0.015417639557754822,0.016346883,0.0009292434709908294
160.csv;06:59:20.318-2024/12/05;997;15,997,816,15,10,0,0,14,11,28,30,1,1,4,4,0,0,0.015417639557754822,0.016336203,0.0009185630637051391
160.csv;08:15:35.227-2024/12/05;761;5,761,652,5,6,0,0,9,9,28,30,0,0,4,4,0,0,0.015417639557754822,0.01633134,0.0009136996972204971
160.csv;07:14:06.110-2024/12/05;489;2,489,485,2,3,0,0,8,8,28,32,0,0,4,4,0,0,0.015417639557754822,0.016326258,0.000908618401253395
160.csv;08:23:07.559-2024/12/05;938;10,938,778,10,8,0,0,6,8,28,29,0,0,4,4,1,1,0.015417639557754822,0.016325362,0.0009077224689366149
160.csv;07:22:22.431-2024/12/05;969;6,969,865,6,7,0,0,1,4,28,32,1,1,3,3,0,0,0.015417639557754822,0.016324548,0.000906908493006401
158.csv;08:03:23.110-2024/12/06;761;5,761,649,5,4,0,0,5,6,28,29,0,0,4,4,1,1,0.015417639557754822,0.01632247,0.0009048297810198593
160.csv;08:15:35.375-2024/12/05;776;5,776,684,5,5,0,0,7,8,28,33,0,0,4,4,1,1,0.015417639557754822,0.016322417,0.0009047776269556808
101.csv;10:08:28.098-2024/09/06;225;8,225,210,8,6,1,1,13,13,21,28,1,1,2,2,0,0,0.015417639557754822,0.01632223,0.0009045913624407577
160.csv;09:03:22.498-2024/12/05;768;15,768,766,15,12,0,0,15,13,30,32,0,0,3,3,0,0,0.015417639557754822,0.016321197,0.0009035575943829345
160.csv;08:46:07.156-2024/12/05;658;6,658,604,6,6,0,0,3,6,29,31,0,0,4,4,0,0,0.015417639557754822,0.01631951,0.0009018700378777313
160.csv;09:01:00.767-2024/12/05;931;15,931,718,15,11,0,0,14,12,29,31,1,1,4,4,1,1,0.015417639557754822,0.016312491,0.000894851590955429
157.csv;04:04:21.871-2024/10/29;198;3,198,221,3,4,1,1,9,10,28,31,1,1,3,3,0,0,0.015417639557754822,0.016311701,0.0008940618294121551
160.csv;08:53:31.299-2024/12/05;17;0,17,228,0,3,0,0,14,12,30,28,1,1,4,4,0,0,0.015417639557754822,0.016310511,0.0008928715991617965
160.csv;09:41:10.751-2024/12/05;266;7,266,338,7,6,0,0,8,8,29,31,0,0,4,4,1,1,0.015417639557754822,0.016309788,0.0008921488928438949
160.csv;08:33:14.745-2024/12/05;217;5,217,152,5,5,0,0,6,7,29,31,1,1,2,2,0,0,0.015417639557754822,0.01630937,0.0008917297976853179
160.csv;07:14:41.349-2024/12/05;941;0,941,810,0,4,0,0,8,9,29,28,0,0,4,4,1,1,0.015417639557754822,0.016308447,0.0008908077883364486
158.csv;08:17:48.391-2024/12/06;249;5,249,205,5,4,0,0,4,4,29,32,1,1,2,2,1,1,0.015417639557754822,0.016306072,0.0008884329157711791
160.csv;09:41:10.835-2024/12/05;274;15,274,346,15,10,0,0,7,9,29,30,0,0,4,4,0,0,0.015417639557754822,0.016305406,0.0008877660888077545
158.csv;08:12:04.453-2024/12/06;671;10,671,597,10,8,0,0,4,7,29,30,0,0,4,4,0,0,0.015417639557754822,0.01630377,0.0008861306863667297
155.csv;03:50:36.267-2024/10/29;581;15,581,511,15,12,0,0,15,14,0,5,0,0,2,2,0,0,0.015417639557754822,0.016302533,0.0008848938899876403
158.csv;08:09:45.682-2024/12/06;106;15,106,265,15,11,0,0,0,3,28,31,0,0,3,3,0,0,0.015417639557754822,0.016302248,0.000884608905279808
160.csv;09:26:11.746-2024/12/05;477;15,477,541,15,10,0,0,7,7,30,32,0,0,4,4,0,0,0.015417639557754822,0.016300598,0.0008829586016775894
157.csv;04:04:22.061-2024/10/29;217;0,217,311,0,3,1,1,12,10,29,28,1,1,4,4,1,1,0.015417639557754822,0.016299302,0.0008816622006537246
160.csv;09:40:18.095-2024/12/05;120;16,120,151,16,12,0,0,0,3,29,31,0,0,3,3,1,1,0.015417639557754822,0.016297389,0.0008797492640854644
160.csv;06:58:32.547-2024/12/05;316;13,316,390,13,9,0,0,15,13,28,30,1,1,4,4,1,1,0.015417639557754822,0.016293269,0.0008756290930153655
158.csv;08:19:32.321-2024/12/06;402;5,402,442,5,5,0,0,13,10,28,30,0,0,4,4,1,1,0.015417639557754822,0.016286513,0.0008688732790591049
101.csv;09:52:07.832-2024/09/06;503;0,503,483,0,1,0,0,11,11,15,25,1,1,2,2,1,1,0.015417639557754822,0.016284132,0.0008664928185583877
160.csv;08:09:40.628-2024/12/05;117;10,117,119,10,10,0,0,6,6,29,31,1,1,2,2,0,0,0.015417639557754822,0.016281432,0.0008637919830920028
160.csv;09:25:43.209-2024/12/05;696;1,696,638,1,4,0,0,4,6,30,32,0,0,4,3,1,1,0.015417639557754822,0.016281161,0.0008635218995453643
160.csv;07:55:07.921-2024/12/05;910;10,910,982,10,10,0,0,5,6,30,32,1,1,2,2,1,1,0.015417639557754822,0.016277298,0.0008596587735058593
158.csv;08:03:29.976-2024/12/06;423;17,423,436,17,14,0,0,2,4,30,33,0,0,3,3,0,0,0.015417639557754822,0.016273698,0.0008560582804323959
101.csv;10:08:24.626-2024/09/06;902;4,902,975,4,3,1,1,11,12,24,29,1,1,2,2,1,1,0.015417639557754822,0.016272731,0.000855091567599945
160.csv;09:26:18.754-2024/12/05;154;15,154,107,15,15,0,0,12,12,30,32,1,1,2,2,1,1,0.015417639557754822,0.016266108,0.0008484680014492797
160.csv;08:46:07.235-2024/12/05;666;5,666,606,5,3,0,0,5,6,28,29,0,0,4,4,0,0,0.015417639557754822,0.016262887,0.0008452474879862594
160.csv;09:26:16.102-2024/12/05;913;6,913,812,6,5,0,0,13,12,31,30,1,1,4,4,0,0,0.015417639557754822,0.01625574,0.0008381005185486602
160.csv;07:36:57.666-2024/12/05;429;1,429,421,1,4,0,0,12,11,29,31,1,1,3,3,0,0,0.015417639557754822,0.01625567,0.0008380297380329894
160.csv;07:38:26.343-2024/12/05;80;11,80,87,11,9,0,0,11,12,29,30,1,1,3,3,1,1,0.015417639557754822,0.01625279,0.0008351500886322784
160.csv;07:29:06.483-2024/12/05;414;10,414,449,10,7,0,0,3,6,30,31,0,0,4,4,0,0,0.015417639557754822,0.01624967,0.0008320301580073165
130.csv;21:34:32.715-2024/01/13;612;10,612,664,10,9,0,0,12,13,31,32,1,1,2,2,0,0,0.015417639557754822,0.016249424,0.000831784288847618
160.csv;06:58:28.629-2024/12/05;949;0,949,789,0,2,0,0,10,9,28,31,0,0,3,3,1,1,0.015417639557754822,0.016248923,0.0008312832373024749
160.csv;07:15:17.323-2024/12/05;442;10,442,484,10,7,0,0,1,5,29,30,0,0,4,4,0,0,0.015417639557754822,0.016246809,0.0008291691350580978
160.csv;07:22:55.408-2024/12/05;171;3,171,146,3,4,0,0,2,4,30,31,0,0,3,3,0,0,0.015417639557754822,0.016241407,0.000823767464125328
136.csv;18:51:46.048-2024/01/16;331;19,331,335,19,19,1,1,2,1,16,25,1,1,1,1,0,0,0.015417639557754822,0.016240062,0.0008224226343275833
160.csv;09:11:25.242-2024/12/05;915;5,915,1008,5,3,0,0,10,10,30,31,1,1,2,2,1,1,0.015417639557754822,0.016239021,0.0008213814156891631
160.csv;08:55:49.523-2024/12/05;527;5,527,572,5,6,0,0,4,4,31,33,1,1,2,2,1,1,0.015417639557754822,0.01623821,0.0008205711650492477
160.csv;07:51:59.987-2024/12/05;549;5,549,533,5,5,0,0,5,7,29,30,0,0,4,4,1,1,0.015417639557754822,0.016236564,0.0008189245867373275
160.csv;09:34:15.963-2024/12/05;771;12,771,652,12,8,0,0,12,11,30,30,0,0,4,4,0,0,0.015417639557754822,0.016226364,0.0008087247419001388
160.csv;08:56:23.417-2024/12/05;844;15,844,807,15,13,0,0,15,14,30,30,1,1,3,3,1,1,0.015417639557754822,0.016219875,0.0008022352862002181
157.csv;04:04:21.801-2024/10/29;191;0,191,295,0,4,1,1,9,9,28,28,1,1,4,4,0,0,0.015417639557754822,0.01621971,0.0008020713734270858
160.csv;09:33:02.375-2024/12/05;580;16,580,557,16,10,0,0,6,8,29,32,1,1,4,4,0,0,0.015417639557754822,0.016217535,0.0007998958038927841
101.csv;10:08:06.036-2024/09/06;67;7,67,28,7,7,1,1,12,12,25,30,1,1,2,2,0,0,0.015417639557754822,0.016216286,0.0007986459689976501
160.csv;08:55:55.624-2024/12/05;113;5,113,60,5,5,0,0,0,1,30,31,1,1,2,2,0,0,0.015417639557754822,0.016204111,0.0007864717203022766
157.csv;04:18:10.346-2024/10/29;101;7,101,151,7,9,1,1,9,9,18,24,0,0,2,2,1,1,0.015417639557754822,0.016201941,0.0007843017387034225
160.csv;07:53:23.688-2024/12/05;727;6,727,625,6,6,0,0,11,10,29,30,0,0,4,4,1,1,0.015417639557754822,0.016201677,0.0007840372430922317
160.csv;07:30:48.554-2024/12/05;381;15,381,343,15,14,0,0,4,6,29,33,1,1,3,3,1,1,0.015417639557754822,0.016198417,0.0007807776140810775
160.csv;06:50:34.038-2024/12/05;593;11,593,603,11,10,0,0,8,8,28,31,1,1,3,3,1,1,0.015417639557754822,0.01619708,0.0007794402348639297
136.csv;18:52:35.316-2024/01/16;138;10,138,83,10,11,1,1,11,11,19,29,1,1,1,1,0,0,0.015417639557754822,0.016195448,0.0007778085577132034
160.csv;08:48:26.581-2024/12/05;265;0,265,215,0,-1,0,0,5,5,30,32,1,1,2,2,1,1,0.015417639557754822,0.016193558,0.000775917972886734
158.csv;08:03:31.168-2024/12/06;543;5,543,535,5,6,0,0,12,9,30,32,0,0,4,4,0,0,0.015417639557754822,0.016193502,0.000775862093532257
136.csv;18:37:24.624-2024/01/16;205;10,205,302,10,9,0,0,15,14,29,30,1,1,3,3,0,0,0.015417639557754822,0.016192582,0.0007749419468285369
160.csv;06:51:34.859-2024/12/05;532;0,532,535,0,1,0,0,9,10,30,33,1,1,3,3,1,1,0.015417639557754822,0.01619124,0.0007736008423210906
155.csv;03:38:19.043-2024/10/29;586;7,586,419,7,6,0,0,15,11,29,30,1,1,4,4,0,0,0.015417639557754822,0.016180402,0.0007627621101977157
160.csv;06:50:34.149-2024/12/05;605;1,605,593,1,3,0,0,8,8,28,30,0,0,4,4,1,1,0.015417639557754822,0.016179588,0.0007619481342675018
158.csv;08:10:44.492-2024/12/06;867;11,867,761,11,9,0,0,2,5,28,32,0,0,3,3,0,0,0.015417639557754822,0.016178481,0.0007608417230488586
160.csv;07:23:18.337-2024/12/05;415;15,415,315,15,13,0,0,11,12,30,32,1,1,2,2,0,0,0.015417639557754822,0.016175453,0.000757813062036209
160.csv;08:33:45.908-2024/12/05;261;15,261,113,15,16,0,0,11,12,30,31,1,1,2,2,1,1,0.015417639557754822,0.016175073,0.0007574330824257659
160.csv;07:54:21.159-2024/12/05;330;5,330,348,5,5,0,0,13,13,30,32,1,1,3,3,0,0,0.015417639557754822,0.01617295,0.0007553096669556426
160.csv;09:17:34.456-2024/12/05;972;11,972,832,11,9,0,0,14,11,29,29,1,1,4,4,1,1,0.015417639557754822,0.016172536,0.0007548961597325134
157.csv;04:06:11.426-2024/10/29;913;5,913,933,5,6,1,1,11,10,16,25,0,0,2,2,1,1,0.015417639557754822,0.016170803,0.0007531638997437286
160.csv;08:33:45.789-2024/12/05;249;10,249,174,10,9,0,0,15,15,30,32,1,1,2,2,0,0,0.015417639557754822,0.016169608,0.0007519680815579223
160.csv;08:23:07.137-2024/12/05;896;5,896,723,5,5,0,0,3,5,28,28,0,0,4,4,1,1,0.015417639557754822,0.016159562,0.0007419228362681198
160.csv;07:14:04.544-2024/12/05;332;10,332,243,10,10,0,0,5,5,28,31,1,1,2,2,0,0,0.015417639557754822,0.016151667,0.0007340270834805297
160.csv;08:22:15.299-2024/12/05;832;10,832,854,10,9,0,0,4,5,28,28,1,1,3,3,0,0,0.015417639557754822,0.016149953,0.0007323134499432372
160.csv;08:40:45.342-2024/12/05;221;0,221,152,0,0,0,0,3,4,30,33,1,1,2,2,1,1,0.015417639557754822,0.016149668,0.0007320284652354049
160.csv;08:23:07.180-2024/12/05;900;10,900,731,10,8,0,0,5,7,28,28,0,0,4,4,1,1,0.015417639557754822,0.01614947,0.0007318310248495864
160.csv;07:47:44.119-2024/12/05;562;5,562,541,5,5,0,0,4,6,30,30,0,0,4,4,0,0,0.015417639557754822,0.016145304,0.0007276642876507568
160.csv;08:15:35.416-2024/12/05;780;5,780,683,5,6,0,0,3,6,28,28,0,0,4,4,1,1,0.015417639557754822,0.016140565,0.0007229257183911132
157.csv;04:08:22.101-2024/10/29;669;8,669,699,8,10,1,1,9,9,28,30,1,1,2,2,1,1,0.015417639557754822,0.016129501,0.0007118616062046813
160.csv;07:22:25.495-2024/12/05;251;15,251,379,15,9,0,0,13,12,28,30,0,0,4,4,0,0,0.015417639557754822,0.016127642,0.0007100026863457488
160.csv;09:03:52.214-2024/12/05;668;6,668,581,6,6,0,0,13,11,30,32,0,0,4,4,1,1,0.015417639557754822,0.016127445,0.0007098052459599304
155.csv;03:50:37.687-2024/10/29;723;15,723,616,15,11,0,0,15,12,29,30,1,1,4,4,1,1,0.015417639557754822,0.01612678,0.0007091402816416549
157.csv;04:19:57.964-2024/10/29;623;6,623,624,6,5,1,1,13,14,22,28,1,1,2,2,1,1,0.015417639557754822,0.016126426,0.000708786379063301
160.csv;09:09:57.572-2024/12/05;340;5,340,409,5,5,0,0,10,10,30,30,0,0,4,4,1,1,0.015417639557754822,0.016121516,0.0007038764464499282
160.csv;08:18:02.168-2024/12/05;95;6,95,23,6,5,0,0,11,12,29,30,1,1,2,2,0,0,0.015417639557754822,0.016121222,0.0007035821485163497
160.csv;07:13:59.468-2024/12/05;849;1,849,820,1,1,0,0,11,11,28,30,1,1,3,3,1,1,0.015417639557754822,0.016118249,0.0007006093668581771
160.csv;06:58:31.974-2024/12/05;259;10,259,413,10,7,0,0,4,6,28,31,0,0,4,4,0,0,0.015417639557754822,0.016111821,0.0006941813784481811
160.csv;09:09:57.658-2024/12/05;348;16,348,281,16,11,0,0,14,11,29,30,1,1,4,4,1,1,0.015417639557754822,0.016106881,0.0006892416435124206
157.csv;04:04:22.459-2024/10/29;257;1,257,335,1,4,1,1,13,10,29,31,1,1,4,4,1,1,0.015417639557754822,0.016105277,0.0006876379060389327
160.csv;07:44:40.561-2024/12/05;638;10,638,609,10,8,0,0,6,7,28,31,0,0,4,4,1,1,0.015417639557754822,0.016104238,0.0006865985500456619
160.csv;06:58:26.619-2024/12/05;748;0,748,688,0,2,0,0,3,6,28,28,0,0,4,4,0,0,0.015417639557754822,0.016100766,0.0006831265794874954
160.csv;08:32:36.992-2024/12/05;538;1,538,543,1,3,0,0,0,5,29,31,1,1,4,4,0,0,0.015417639557754822,0.016100354,0.0006827149349095153
160.csv;07:05:26.563-2024/12/05;758;6,758,764,6,6,0,0,4,5,28,29,1,1,2,3,0,0,0.015417639557754822,0.016098017,0.0006803773152472305
160.csv;07:54:23.980-2024/12/05;612;11,612,672,11,11,0,0,7,8,30,33,1,1,2,2,0,0,0.015417639557754822,0.016093802,0.0006761621492745208
160.csv;06:51:43.361-2024/12/05;358;2,358,397,2,3,0,0,4,6,28,30,0,0,4,4,1,1,0.015417639557754822,0.016092852,0.000675212200248413
160.csv;07:40:00.440-2024/12/05;274;5,274,191,5,4,0,0,8,10,30,31,1,1,2,2,1,1,0.015417639557754822,0.016092075,0.0006744354772211837
157.csv;04:04:21.681-2024/10/29;179;1,179,292,1,4,1,1,8,9,28,29,1,1,4,4,1,1,0.015417639557754822,0.016090097,0.0006724573480727004
160.csv;09:38:52.199-2024/12/05;747;5,747,658,5,4,0,0,5,7,30,31,0,0,4,4,0,0,0.015417639557754822,0.0160861,0.0006684601115824508
160.csv;08:56:26.664-2024/12/05;145;5,145,77,5,5,0,0,10,11,30,32,1,1,2,2,0,0,0.015417639557754822,0.016081136,0.0006634961622597503
160.csv;09:41:12.974-2024/12/05;488;15,488,484,15,9,0,0,1,5,29,31,1,1,4,4,0,0,0.015417639557754822,0.016079485,0.0006618458586575317
158.csv;08:17:46.791-2024/12/06;89;5,89,143,5,6,0,0,9,10,29,30,0,0,3,3,0,0,0.015417639557754822,0.016077263,0.0006596237229944991
157.csv;04:04:21.548-2024/10/29;165;9,165,280,9,7,1,1,11,11,28,30,1,1,4,4,1,1,0.015417639557754822,0.01607709,0.0006594504969956207
158.csv;08:10:48.184-2024/12/06;212;15,212,349,15,9,0,0,9,10,28,30,1,1,4,4,0,0,0.015417639557754822,0.016074283,0.0006566434907557296
160.csv;07:54:29.630-2024/12/05;153;10,153,2,10,9,0,0,7,7,30,32,1,1,2,2,0,0,0.015417639557754822,0.016073868,0.0006562281208874511
160.csv;07:38:39.547-2024/12/05;377;5,377,300,5,4,0,0,9,11,29,31,1,1,2,2,0,0,0.015417639557754822,0.016071213,0.000653573851549797
158.csv;08:11:33.763-2024/12/06;674;11,674,578,11,8,0,0,11,10,30,31,0,0,4,3,1,1,0.015417639557754822,0.016070869,0.0006532292621971893
160.csv;06:59:13.881-2024/12/05;354;0,354,315,0,0,0,0,6,6,28,32,1,1,2,2,1,1,0.015417639557754822,0.016068825,0.0006511859404684829
160.csv;09:32:56.720-2024/12/05;15;5,15,30,5,5,0,0,4,3,30,31,1,1,2,2,1,1,0.015417639557754822,0.016065475,0.0006478350418450164
160.csv;07:13:12.015-2024/12/05;199;15,199,243,15,12,0,0,12,12,29,31,1,1,3,3,1,1,0.015417639557754822,0.016064672,0.0006470322417856979
160.csv;06:58:33.793-2024/12/05;441;10,441,509,10,7,0,0,9,9,28,29,0,0,4,4,1,1,0.015417639557754822,0.016064294,0.000646654124820404
160.csv;08:17:53.307-2024/12/05;233;5,233,365,5,6,0,0,2,4,30,32,0,0,3,3,1,1,0.015417639557754822,0.01605787,0.0006402298617007064
160.csv;08:47:46.522-2024/12/05;354;9,354,320,9,9,1,1,5,4,30,32,1,1,2,2,1,1,0.015417639557754822,0.01605757,0.0006399299758316802
160.csv;07:52:54.821-2024/12/05;912;10,912,702,10,8,0,0,4,6,30,30,0,0,4,4,1,1,0.015417639557754822,0.016055508,0.0006378680276514816
158.csv;08:03:22.893-2024/12/06;739;15,739,689,15,11,0,0,2,5,28,30,1,1,4,4,0,0,0.015417639557754822,0.016050559,0.0006329189794899749
155.csv;03:45:07.477-2024/10/29;470;5,470,418,5,5,1,1,13,15,16,24,1,1,2,2,0,0,0.015417639557754822,0.016050022,0.0006323825376869964
157.csv;04:04:22.510-2024/10/29;262;0,262,361,0,3,1,1,9,9,29,28,1,1,4,4,1,1,0.015417639557754822,0.01604819,0.0006305496948601531
160.csv;07:54:20.139-2024/12/05;228;10,228,193,10,10,0,0,1,1,30,30,1,1,2,2,0,0,0.015417639557754822,0.016047897,0.0006302572595717239
136.csv;18:51:01.504-2024/01/16;997;10,997,1002,10,10,0,0,10,10,29,31,1,1,2,2,0,0,0.015417639557754822,0.016046444,0.0006288043963553237
157.csv;04:19:59.425-2024/10/29;769;8,769,766,8,7,1,1,11,11,24,28,1,1,2,2,0,0,0.015417639557754822,0.016041389,0.0006237491774203109
160.csv;07:39:58.690-2024/12/05;99;5,99,35,5,5,0,0,7,8,31,32,1,1,2,2,1,1,0.015417639557754822,0.016040789,0.0006231494056822585
160.csv;09:18:04.373-2024/12/05;892;10,892,944,10,8,0,0,11,11,29,29,1,1,2,2,0,0,0.015417639557754822,0.016040491,0.0006228513824583816
160.csv;07:22:25.699-2024/12/05;272;0,272,392,0,3,0,0,5,7,28,29,0,0,4,4,1,1,0.015417639557754822,0.01603934,0.0006217002677561569
157.csv;04:18:02.730-2024/10/29;364;2,364,318,2,2,1,1,10,11,25,28,1,1,2,2,1,1,0.015417639557754822,0.016038936,0.0006212960737587737
160.csv;07:44:39.485-2024/12/05;531;0,531,525,0,3,0,0,5,7,30,31,0,0,4,4,1,1,0.015417639557754822,0.016038332,0.0006206925767304229
160.csv;08:24:08.556-2024/12/05;894;5,894,980,5,3,0,0,10,10,30,32,1,1,2,2,1,1,0.015417639557754822,0.016038012,0.0006203722017647552
158.csv;08:03:22.948-2024/12/06;745;2,745,656,2,3,0,0,10,9,28,30,0,0,4,4,1,1,0.015417639557754822,0.016037753,0.0006201132940890121
160.csv;09:17:55.528-2024/12/05;8;0,8,154,0,1,0,0,4,5,30,32,1,1,3,3,0,0,0.015417639557754822,0.016027205,0.0006095651346089172
160.csv;09:17:56.666-2024/12/05;121;16,121,193,16,11,0,0,3,6,29,31,1,1,4,4,0,0,0.015417639557754822,0.016023673,0.0006060335594059753
158.csv;08:03:30.028-2024/12/06;429;5,429,446,5,6,0,0,12,10,29,30,0,0,4,4,0,0,0.015417639557754822,0.016020928,0.0006032880204560088
101.csv;09:55:08.986-2024/09/06;186;2,186,125,2,3,1,1,12,13,23,27,1,1,2,2,0,0,0.015417639557754822,0.016019503,0.0006018630969168472
160.csv;07:37:44.654-2024/12/05;7;15,7,46,15,14,0,0,12,12,30,32,1,1,2,2,0,0,0.015417639557754822,0.01601876,0.000601119901502304
108.csv;11:06:48.531-2024/10/21;450;15,450,489,15,10,0,0,15,12,30,31,1,1,4,4,1,1,0.015417639557754822,0.016016278,0.0005986388581635284
160.csv;07:38:26.666-2024/12/05;112;9,112,150,9,9,1,1,10,10,30,31,1,1,2,2,0,0,0.015417639557754822,0.01601144,0.0005937997060658264
160.csv;06:43:48.740-2024/12/05;1023;17,1023,922,17,13,0,0,3,2,28,30,0,0,2,2,0,0,0.015417639557754822,0.016008716,0.0005910765188576507
160.csv;07:31:39.635-2024/12/05;369;15,369,369,15,13,0,0,12,13,29,32,1,1,3,3,0,0,0.015417639557754822,0.016006237,0.0005885973381640243
160.csv;09:11:23.138-2024/12/05;704;15,704,714,15,11,0,0,15,12,30,31,1,1,4,4,1,1,0.015417639557754822,0.016004948,0.0005873083877207565
160.csv;07:22:27.422-2024/12/05;444;5,444,507,5,4,0,0,7,8,28,31,0,0,4,4,0,0,0.015417639557754822,0.016004901,0.0005872618215920257
160.csv;09:40:30.836-2024/12/05;371;0,371,348,0,1,0,0,9,10,30,32,1,1,3,3,0,0,0.015417639557754822,0.01600232,0.0005846801954151916
160.csv;06:59:20.342-2024/12/05;1000;5,1000,830,5,5,0,0,15,12,28,32,0,0,3,3,1,1,0.015417639557754822,0.015999878,0.0005822382676245498
136.csv;18:51:47.840-2024/01/16;510;19,510,536,19,16,1,1,15,15,18,29,1,1,1,1,1,1,0.015417639557754822,0.015991107,0.0005734670716168212
160.csv;08:52:20.852-2024/12/05;140;5,140,202,5,6,0,0,4,5,28,31,1,1,3,3,0,0,0.015417639557754822,0.01598757,0.0005699299084784316
160.csv;06:52:18.937-2024/12/05;843;15,843,703,15,10,0,0,8,8,28,29,0,0,4,4,0,0,0.015417639557754822,0.015985783,0.0005681436317803192
160.csv;08:15:35.258-2024/12/05;764;5,764,630,5,5,0,0,10,9,28,29,0,0,4,4,0,0,0.015417639557754822,0.01598302,0.0005653813290240096
160.csv;06:51:45.852-2024/12/05;607;0,607,547,0,3,0,0,10,9,28,31,0,0,4,4,1,1,0.015417639557754822,0.015981678,0.0005640383618714141
160.csv;07:55:31.690-2024/12/05;215;10,215,163,10,11,0,0,5,6,28,32,1,1,2,2,1,1,0.015417639557754822,0.015975391,0.0005577519344927596
160.csv;07:46:29.032-2024/12/05;221;10,221,155,10,11,0,0,4,3,30,32,1,1,2,2,1,1,0.015417639557754822,0.015974212,0.0005565728801132964
136.csv;18:51:14.884-2024/01/16;287;10,287,316,10,11,1,1,4,3,14,15,1,1,2,2,1,1,0.015417639557754822,0.015971487,0.0005538478302599716
160.csv;06:42:29.453-2024/12/05;263;5,263,273,5,5,0,0,15,15,29,32,1,1,2,2,1,1,0.015417639557754822,0.015971005,0.0005533654051663207
157.csv;04:04:22.452-2024/10/29;256;3,256,328,3,4,1,1,15,12,29,31,1,1,4,4,0,0,0.015417639557754822,0.01597064,0.0005530003267170715
160.csv;07:38:10.524-2024/12/05;546;15,546,539,15,10,0,0,2,5,28,31,1,1,4,4,1,1,0.015417639557754822,0.015965609,0.0005479693221689987
160.csv;09:01:00.242-2024/12/05;879;3,879,833,3,3,0,0,12,11,28,27,0,0,3,3,1,1,0.015417639557754822,0.01596498,0.0005473397481085586
160.csv;08:55:05.171-2024/12/05;188;0,188,139,0,-1,0,0,7,8,30,31,1,1,2,2,1,1,0.015417639557754822,0.01596413,0.0005464903819205093
101.csv;10:06:52.068-2024/09/06;862;9,862,919,9,9,1,1,15,14,24,29,1,1,2,2,0,0,0.015417639557754822,0.01595881,0.0005411706673743057
160.csv;07:53:22.728-2024/12/05;631;6,631,594,6,7,0,0,11,10,28,29,0,0,4,4,0,0,0.015417639557754822,0.015954362,0.0005367226707579421
160.csv;08:40:02.483-2024/12/05;31;5,31,-12,5,4,0,0,13,13,30,31,1,1,2,2,0,0,0.015417639557754822,0.015951673,0.0005340330111624526
158.csv;08:11:33.828-2024/12/06;681;5,681,633,5,5,0,0,12,10,30,32,0,0,4,4,0,0,0.015417639557754822,0.0159465,0.0005288604455830383
157.csv;04:04:21.326-2024/10/29;143;8,143,123,8,8,1,1,15,14,0,10,1,1,2,2,1,1,0.015417639557754822,0.015946416,0.0005287766265513229
160.csv;06:57:28.766-2024/12/05;82;10,82,363,10,8,0,0,8,8,30,30,0,0,4,4,0,0,0.015417639557754822,0.015946098,0.0005284581142308044
160.csv;08:48:24.236-2024/12/05;30;10,30,169,10,8,0,0,15,12,30,29,1,1,4,4,0,0,0.015417639557754822,0.015942473,0.0005248334067704009
160.csv;06:58:28.531-2024/12/05;939;5,939,745,5,4,0,0,8,8,28,30,0,0,4,4,1,1,0.015417639557754822,0.015941907,0.0005242671626450347
144.csv;08:06:05.852-2023/11/15;86;0,86,545,0,1,0,0,15,15,1,-3,1,1,0,0,1,1,0.015417639557754822,0.015939916,0.0005222759949805068
160.csv;07:55:40.748-2024/12/05;97;5,97,43,5,4,0,0,13,14,30,31,1,1,2,2,1,1,0.015417639557754822,0.015937828,0.0005201879697682189
160.csv;09:32:51.741-2024/12/05;541;7,541,541,7,5,0,0,3,5,30,32,0,0,4,4,1,1,0.015417639557754822,0.01593682,0.000519180278742485
160.csv;06:44:58.678-2024/12/05;849;6,849,952,6,6,1,1,9,9,30,30,1,1,2,2,1,1,0.015417639557754822,0.015936013,0.000518373753392868
160.csv;07:47:10.901-2024/12/05;312;10,312,281,10,10,0,0,7,8,30,32,1,1,2,2,1,1,0.015417639557754822,0.015934816,0.0005171760725619125
158.csv;08:09:45.690-2024/12/06;107;5,107,281,5,5,0,0,0,4,28,28,1,1,4,4,0,0,0.015417639557754822,0.015933044,0.0005154046970249938
160.csv;07:13:06.513-2024/12/05;673;6,673,619,6,4,0,0,4,5,29,31,0,0,4,4,1,1,0.015417639557754822,0.015931714,0.0005140747683884429
160.csv;09:08:42.861-2024/12/05;37;5,37,32,5,4,0,0,5,4,29,31,1,1,2,2,0,0,0.015417639557754822,0.015931197,0.0005135569530369567
160.csv;07:53:22.792-2024/12/05;637;15,637,621,15,11,0,0,0,4,28,31,1,1,4,4,1,1,0.015417639557754822,0.015928218,0.0005105785834433364
160.csv;06:43:38.245-2024/12/05;998;10,998,1040,10,9,0,0,13,14,30,31,1,1,2,2,1,1,0.015417639557754822,0.015923664,0.0005060244160534667
160.csv;09:10:10.373-2024/12/05;596;5,596,580,5,5,0,0,3,5,30,31,0,0,4,4,1,1,0.015417639557754822,0.01592185,0.0005042101996781158
101.csv;10:06:36.079-2024/09/06;287;7,287,174,7,8,1,1,12,13,21,26,1,1,2,2,0,0,0.015417639557754822,0.01591773,0.0005000900286080169
157.csv;04:04:21.276-2024/10/29;138;6,138,245,6,6,1,1,12,11,28,30,1,1,4,4,0,0,0.015417639557754822,0.015910342,0.0004927027779461669
155.csv;03:44:59.915-2024/10/29;738;2,738,777,2,1,1,1,11,12,14,24,1,1,1,1,1,1,0.015417639557754822,0.015910234,0.0004925947445275115
160.csv;08:15:35.435-2024/12/05;782;5,782,638,5,5,0,0,7,7,28,30,0,0,4,4,0,0,0.015417639557754822,0.015908457,0.0004908177810551452
160.csv;07:22:22.802-2024/12/05;1006;11,1006,777,11,8,0,0,10,9,28,29,0,0,4,4,0,0,0.015417639557754822,0.01590732,0.0004896797048689651
160.csv;09:41:39.497-2024/12/05;69;0,69,141,0,1,0,0,10,9,30,31,0,0,2,2,0,0,0.015417639557754822,0.015907079,0.0004894394236447143
160.csv;09:10:55.901-2024/12/05;29;5,29,35,5,4,0,0,7,7,30,31,1,1,2,2,0,0,0.015417639557754822,0.015904123,0.00048648340579288477
160.csv;08:22:17.767-2024/12/05;55;10,55,114,10,9,0,0,0,3,29,31,0,0,3,3,1,1,0.015417639557754822,0.015901856,0.0004842165666462707
136.csv;18:50:49.568-2024/01/16;827;19,827,802,19,13,1,1,6,7,30,32,0,0,3,3,1,1,0.015417639557754822,0.015901437,0.0004837974714876937
101.csv;09:57:00.379-2024/09/06;61;5,61,29,5,5,1,1,13,13,22,29,1,1,2,2,0,0,0.015417639557754822,0.015897816,0.00048017648931758874
160.csv;06:59:20.346-2024/12/05;1000;15,1000,830,15,11,0,0,15,12,28,28,1,1,4,4,1,1,0.015417639557754822,0.015897173,0.00047953387674110406
101.csv;10:09:39.006-2024/09/06;148;7,148,108,7,8,1,1,11,12,21,25,1,1,2,2,0,0,0.015417639557754822,0.015895788,0.00047814806875007623
160.csv;07:29:07.576-2024/12/05;524;0,524,556,0,3,0,0,0,5,28,30,1,1,4,4,0,0,0.015417639557754822,0.015893346,0.00047570614095943445
157.csv;04:04:21.949-2024/10/29;206;1,206,266,1,4,1,1,14,11,28,28,1,1,4,4,1,1,0.015417639557754822,0.01589326,0.0004756204592825698
160.csv;09:17:43.943-2024/12/05;897;11,897,714,11,9,0,0,3,6,29,31,0,0,4,4,0,0,0.015417639557754822,0.015892811,0.00047517156180160516
160.csv;06:43:48.770-2024/12/05;2;15,2,284,15,10,0,0,8,9,28,30,1,1,4,4,0,0,0.015417639557754822,0.01589154,0.00047390123780982965
160.csv;07:14:41.365-2024/12/05;942;11,942,811,11,9,0,0,6,7,29,31,1,1,3,4,0,0,0.015417639557754822,0.015891012,0.00047337224658744806
160.csv;06:42:28.275-2024/12/05;145;10,145,270,10,9,0,0,1,2,30,32,1,1,3,3,1,1,0.015417639557754822,0.015890641,0.0004730015802027511
160.csv;08:23:08.043-2024/12/05;986;15,986,858,15,12,0,0,15,13,28,31,0,0,3,3,1,1,0.015417639557754822,0.015887905,0.0004702653544785308
160.csv;06:42:29.230-2024/12/05;240;17,240,243,17,16,0,0,2,2,29,31,1,1,2,2,0,0,0.015417639557754822,0.015887707,0.00047006791409271234
160.csv;07:44:42.968-2024/12/05;879;0,879,817,0,0,0,0,11,11,28,29,1,1,3,3,0,0,0.015417639557754822,0.015883638,0.0004659980344416427
157.csv;04:04:21.316-2024/10/29;142;6,142,257,6,6,1,0,8,9,28,30,1,1,4,4,0,0,0.015417639557754822,0.015881367,0.00046372747000473016
160.csv;09:33:03.451-2024/12/05;688;11,688,620,11,8,0,0,7,8,31,32,0,0,4,4,0,0,0.015417639557754822,0.01588112,0.00046347973819988245
160.csv;09:25:33.697-2024/12/05;769;0,769,706,0,2,0,0,0,4,30,30,1,1,4,4,0,0,0.015417639557754822,0.015880363,0.0004627235042692947
160.csv;09:26:19.394-2024/12/05;218;15,218,217,15,15,0,0,9,10,28,31,1,1,2,2,1,1,0.015417639557754822,0.015880294,0.00046265458639877313
155.csv;03:44:41.034-2024/10/29;898;5,898,456,5,3,0,0,15,14,0,-3,1,1,0,0,1,1,0.015417639557754822,0.015878992,0.0004613525974394607
158.csv;08:03:31.180-2024/12/06;544;5,544,449,5,5,0,0,2,5,30,30,0,0,4,4,0,0,0.015417639557754822,0.01587758,0.00045994071241634363
157.csv;04:04:21.434-2024/10/29;154;5,154,276,5,6,1,1,12,10,28,29,1,1,4,4,0,0,0.015417639557754822,0.015877184,0.00045954396899955743
160.csv;09:10:52.246-2024/12/05;687;10,687,679,10,10,0,0,5,5,29,31,1,1,3,3,1,1,0.015417639557754822,0.015875895,0.0004582550185562896
158.csv;08:17:45.724-2024/12/06;1006;17,1006,838,17,14,0,0,14,12,28,31,1,1,3,3,1,1,0.015417639557754822,0.01587261,0.00045497117515819543
160.csv;09:26:13.878-2024/12/05;691;5,691,701,5,5,0,0,9,9,31,32,0,0,4,3,0,0,0.015417639557754822,0.015872005,0.0004543658154846954
160.csv;08:47:43.244-2024/12/05;27;5,27,15,5,4,0,0,6,5,30,31,1,1,2,2,0,0,0.015417639557754822,0.015868148,0.00045050827738063806
101.csv;10:03:29.729-2024/09/06;84;7,84,11,7,8,1,1,12,12,21,28,1,1,2,3,0,0,0.015417639557754822,0.01586783,0.00045018976506011957
157.csv;04:04:21.267-2024/10/29;137;7,137,209,7,7,1,0,10,9,28,29,1,1,4,4,0,0,0.015417639557754822,0.015867412,0.00044977253254669183
160.csv;06:51:25.169-2024/12/05;587;0,587,566,0,1,0,0,6,8,29,32,1,1,3,3,0,0,0.015417639557754822,0.015861176,0.0004435363965870666
160.csv;09:10:59.616-2024/12/05;400;10,400,390,10,7,0,0,9,9,30,31,0,0,4,4,0,0,0.015417639557754822,0.015855344,0.00043770445462482446
160.csv;09:10:10.327-2024/12/05;591;15,591,549,15,10,0,0,13,11,30,31,0,0,4,4,1,1,0.015417639557754822,0.015847018,0.0004293784308077621
160.csv;06:58:33.099-2024/12/05;372;0,372,421,0,2,0,0,2,5,28,28,0,0,4,4,0,0,0.015417639557754822,0.015845597,0.00042795723255889886
160.csv;07:14:43.430-2024/12/05;125;5,125,200,5,6,0,0,3,4,28,32,1,1,3,3,0,0,0.015417639557754822,0.015844578,0.00042693836566226953
160.csv;09:41:12.871-2024/12/05;478;7,478,462,7,6,0,0,5,6,29,32,0,0,4,4,0,0,0.015417639557754822,0.015843865,0.0004262249725701141
160.csv;07:29:07.476-2024/12/05;514;0,514,549,0,0,0,0,11,13,29,32,1,1,3,3,1,1,0.015417639557754822,0.015843282,0.0004256419646384048
136.csv;18:51:56.480-2024/01/16;351;0,351,397,0,4,0,0,4,7,15,22,1,1,4,4,0,0,0.015417639557754822,0.01584184,0.0004242002772929
160.csv;09:34:13.827-2024/12/05;558;3,558,504,3,3,0,0,5,7,29,30,0,0,4,4,1,1,0.015417639557754822,0.015837789,0.0004201490240933227
160.csv;09:03:57.809-2024/12/05;204;0,204,229,0,3,0,0,10,10,31,32,1,1,3,3,0,0,0.015417639557754822,0.015829055,0.00041141508098857874
136.csv;18:53:29.880-2024/01/16;475;0,475,514,0,2,1,1,9,10,19,30,1,1,2,2,0,0,0.015417639557754822,0.015826719,0.0004090793239714431
160.csv;08:55:08.852-2024/12/05;556;0,556,562,0,1,0,0,12,12,30,32,1,1,3,3,1,1,0.015417639557754822,0.015824342,0.0004067025887610244
160.csv;07:24:29.590-2024/12/05;373;5,373,315,5,5,0,0,7,9,30,32,1,1,2,2,0,0,0.015417639557754822,0.015823755,0.00040611585553901666
160.csv;09:01:00.171-2024/12/05;872;0,872,773,0,2,0,0,14,13,28,29,0,0,3,3,0,0,0.015417639557754822,0.015820974,0.00040333492633121484
160.csv;08:01:17.438-2024/12/05;998;5,998,892,5,5,0,0,4,6,30,31,1,1,3,3,0,0,0.015417639557754822,0.01582042,0.000402779858076744
160.csv;07:30:47.494-2024/12/05;275;15,275,304,15,13,0,0,3,5,29,32,1,1,3,3,0,0,0.015417639557754822,0.01582025,0.000402610357368164
160.csv;06:51:45.054-2024/12/05;527;10,527,539,10,8,0,0,8,8,28,30,0,0,4,4,1,1,0.015417639557754822,0.015819196,0.0004015561002136993
160.csv;09:03:26.347-2024/12/05;129;15,129,285,15,11,0,0,4,6,30,30,1,1,4,4,0,0,0.015417639557754822,0.0158174,0.00039976051028984064
160.csv;09:32:57.055-2024/12/05;48;15,48,115,15,12,0,0,5,6,30,31,1,1,3,3,1,1,0.015417639557754822,0.015817046,0.00039940660771148676
157.csv;04:04:21.545-2024/10/29;165;6,165,265,6,6,1,1,14,10,28,30,1,1,4,4,1,1,0.015417639557754822,0.015815588,0.0003979481565596389
160.csv;09:41:10.718-2024/12/05;263;2,263,403,2,4,0,0,8,8,29,31,0,0,4,4,0,0,0.015417639557754822,0.015803548,0.00038590801831501
160.csv;08:15:35.183-2024/12/05;757;1,757,626,1,4,0,0,7,8,29,31,0,0,4,4,0,0,0.015417639557754822,0.015801664,0.0003840248840691375
160.csv;08:46:58.392-2024/12/05;662;5,662,658,5,4,0,0,12,12,30,33,1,1,3,3,1,1,0.015417639557754822,0.015799418,0.000381778534019165
157.csv;04:04:21.170-2024/10/29;128;0,128,56,0,0,1,1,14,13,23,27,1,1,2,2,0,0,0.015417639557754822,0.015796758,0.00037911867674606317
158.csv;08:03:19.331-2024/12/06;383;5,383,343,5,5,0,0,14,15,28,28,1,1,2,2,1,1,0.015417639557754822,0.015791627,0.0003739870893599319
160.csv;09:10:59.701-2024/12/05;409;5,409,462,5,4,0,0,6,7,30,30,0,0,4,4,1,1,0.015417639557754822,0.015789272,0.00037163270589130395
160.csv;06:43:16.778-2024/12/05;899;11,899,736,11,9,0,0,9,9,28,30,0,0,4,4,1,1,0.015417639557754822,0.01578788,0.00037024130996482843
124.csv;19:20:19.362-2024/02/13;735;10,735,778,10,9,0,0,7,7,20,29,1,1,2,2,1,1,0.015417639557754822,0.015782353,0.00036471297916191095
160.csv;09:03:57.163-2024/12/05;139;10,139,89,10,10,0,0,12,13,30,31,1,1,2,2,1,1,0.015417639557754822,0.01578185,0.0003642100649716186
160.csv;07:52:20.299-2024/12/05;532;6,532,510,6,5,0,0,4,5,28,32,1,1,3,3,0,0,0.015417639557754822,0.015778916,0.00036127639886157983
158.csv;08:18:15.346-2024/12/06;897;1,897,863,1,2,0,0,15,13,28,31,1,1,3,3,0,0,0.015417639557754822,0.015778812,0.0003611720907332229
160.csv;07:23:08.298-2024/12/05;436;2,436,446,2,1,0,0,5,6,30,30,1,1,2,2,1,1,0.015417639557754822,0.015775325,0.00035768521901386255
160.csv;07:27:59.797-2024/12/05;913;15,913,880,15,12,0,0,11,11,28,31,1,1,3,3,1,1,0.015417639557754822,0.015774248,0.00035660861011760706
157.csv;04:04:22.082-2024/10/29;219;3,219,166,3,5,1,1,13,12,0,7,1,1,2,2,0,0,0.015417639557754822,0.015771102,0.00035346260246055597
160.csv;08:10:52.251-2024/12/05;111;10,111,107,10,9,0,0,12,12,31,32,1,1,2,2,1,1,0.015417639557754822,0.015765693,0.00034805348094718927
136.csv;18:52:51.416-2024/01/16;724;10,724,723,10,9,1,1,6,7,20,27,1,1,2,2,0,0,0.015417639557754822,0.015764587,0.0003469470697285461
136.csv;18:54:07.832-2024/01/16;174;0,174,147,0,1,1,1,2,2,30,32,1,1,2,2,0,0,0.015417639557754822,0.015762506,0.0003448664950968551
160.csv;08:08:58.768-2024/12/05;27;5,27,-3,5,5,0,0,5,4,30,32,1,1,2,2,1,1,0.015417639557754822,0.015761072,0.00034343225833194727
160.csv;07:06:46.743-2024/12/05;584;5,584,609,5,5,0,0,3,4,30,32,1,1,2,2,0,0,0.015417639557754822,0.015757889,0.00034024899777191156
157.csv;04:04:22.380-2024/10/29;249;2,249,240,2,4,1,1,8,9,29,32,1,1,3,3,0,0,0.015417639557754822,0.015756339,0.0003386992770077514
160.csv;07:46:03.386-2024/12/05;729;0,729,738,0,3,1,1,12,10,29,30,1,1,4,4,1,1,0.015417639557754822,0.015754083,0.0003364436137320327
160.csv;08:15:35.193-2024/12/05;758;2,758,647,2,4,0,0,13,11,29,29,0,0,4,4,1,1,0.015417639557754822,0.01575314,0.00033550111528652185
160.csv;07:47:41.250-2024/12/05;275;5,275,211,5,5,0,0,11,12,30,31,1,1,2,2,1,1,0.015417639557754822,0.015751902,0.00033426245626228326
160.csv;09:10:58.802-2024/12/05;319;5,319,251,5,6,0,0,7,8,31,33,1,1,2,2,0,0,0.015417639557754822,0.015747422,0.0003297827946783828
160.csv;06:49:37.083-2024/12/05;18;7,18,195,7,6,0,0,15,14,28,29,1,1,3,3,0,0,0.015417639557754822,0.015745237,0.0003275979119183349
105.csv;11:30:09.336-2024/11/20;255;7,255,192,7,7,1,1,10,11,23,28,1,1,2,2,1,1,0.015417639557754822,0.015745163,0.00032752340611236566
160.csv;08:17:53.307-2024/12/05;233;10,233,304,10,8,0,0,15,13,30,31,1,1,4,4,0,0,0.015417639557754822,0.01574466,0.0003270204919220733
101.csv;09:57:02.998-2024/09/06;323;15,323,379,15,11,0,0,15,12,31,31,1,1,4,4,0,0,0.015417639557754822,0.015744198,0.000326558555925064
160.csv;07:23:25.562-2024/12/05;114;5,114,145,5,5,0,0,1,4,30,31,1,1,3,3,0,0,0.015417639557754822,0.015743408,0.0003257687943817901
158.csv;08:03:26.143-2024/12/06;40;15,40,223,15,10,0,0,3,6,29,30,1,1,4,4,1,1,0.015417639557754822,0.01574325,0.00032561046954410547
160.csv;07:22:28.322-2024/12/05;534;5,534,519,5,4,0,0,12,10,28,31,0,0,4,4,1,1,0.015417639557754822,0.015740406,0.0003227662104012298
160.csv;08:32:34.230-2024/12/05;261;15,261,227,15,15,0,0,0,0,31,31,1,1,2,2,1,1,0.015417639557754822,0.015736924,0.00031928492661731714
157.csv;04:04:21.173-2024/10/29;128;4,128,50,4,3,1,1,9,10,25,30,1,1,2,2,1,1,0.015417639557754822,0.01573526,0.00031761972185390466
160.csv;06:43:51.445-2024/12/05;270;10,270,328,10,8,0,0,12,10,28,29,0,0,4,4,1,1,0.015417639557754822,0.015730618,0.0003129780101420211
157.csv;04:04:21.375-2024/10/29;148;6,148,220,6,6,1,1,14,12,28,31,1,1,3,3,1,1,0.015417639557754822,0.015729394,0.0003117542522789764
160.csv;09:39:50.270-2024/12/05;410;5,410,457,5,5,0,0,9,9,30,30,0,0,4,4,1,1,0.015417639557754822,0.015728813,0.0003111731069924163
108.csv;10:55:24.101-2024/10/21;615;10,615,590,10,10,0,0,14,14,31,30,0,0,3,3,0,0,0.015417639557754822,0.015728435,0.00031079499002712244
160.csv;08:31:04.135-2024/12/05;468;8,468,490,8,7,0,0,14,12,28,30,1,1,4,4,1,1,0.015417639557754822,0.015725575,0.0003079358297230529
160.csv;07:29:07.763-2024/12/05;542;11,542,546,11,10,0,0,7,7,28,32,1,1,2,2,0,0,0.015417639557754822,0.015722614,0.0003049742239357757
136.csv;18:52:04.360-2024/01/16;115;0,115,241,0,1,1,1,7,6,21,27,1,1,3,3,1,1,0.015417639557754822,0.015721748,0.0003041080939413833
160.csv;07:47:44.188-2024/12/05;569;5,569,572,5,5,0,0,14,13,30,32,1,1,3,3,1,1,0.015417639557754822,0.015717706,0.0003000661539675521
160.csv;09:25:17.713-2024/12/05;194;10,194,383,10,8,0,0,9,9,30,31,0,0,4,4,1,1,0.015417639557754822,0.015716992,0.00029935276087539667
157.csv;04:04:22.125-2024/10/29;223;6,223,242,6,6,1,1,14,12,29,31,1,1,3,3,1,1,0.015417639557754822,0.015716355,0.0002987157362343597
160.csv;06:51:40.547-2024/12/05;76;15,76,232,15,10,0,0,11,11,29,30,1,1,4,4,0,0,0.015417639557754822,0.01571618,0.00029854064759033197
136.csv;18:52:36.196-2024/01/16;226;10,226,148,10,12,1,1,14,15,19,29,1,1,1,1,0,0,0.015417639557754822,0.01571617,0.0002985313343645858
160.csv;09:10:52.188-2024/12/05;681;15,681,706,15,13,0,0,2,4,30,32,0,0,3,3,0,0,0.015417639557754822,0.015713854,0.0002962142037989425
160.csv;09:16:30.837-2024/12/05;755;0,755,834,0,-1,0,0,8,9,30,32,1,1,2,2,1,1,0.015417639557754822,0.015713487,0.000295847262704544
105.csv;11:28:01.693-2024/11/20;803;3,803,836,3,2,1,1,11,11,23,28,1,1,2,2,1,1,0.015417639557754822,0.015705964,0.00028832403894680017
160.csv;07:55:09.381-2024/12/05;32;10,32,7,10,9,0,0,1,2,30,31,1,1,2,2,0,0,0.015417639557754822,0.015700126,0.00028248650904911035
158.csv;08:03:43.881-2024/12/06;790;10,790,825,10,10,0,0,5,6,31,31,1,1,2,2,0,0,0.015417639557754822,0.015698625,0.0002809852170588302
158.csv;08:03:28.520-2024/12/06;278;6,278,195,6,7,0,0,7,9,28,32,1,1,2,2,0,0,0.015417639557754822,0.01569846,0.0002808213042856979
160.csv;07:47:46.730-2024/12/05;823;5,823,940,5,4,0,0,10,11,30,31,1,1,2,2,1,1,0.015417639557754822,0.015697293,0.00027965342577713007
160.csv;07:44:47.233-2024/12/05;281;10,281,370,10,8,0,0,0,4,28,30,1,1,4,4,0,1,0.015417639557754822,0.015693452,0.00027581265147941583
160.csv;06:43:16.778-2024/12/05;899;16,899,933,16,13,0,0,1,3,28,30,0,0,3,3,1,1,0.015417639557754822,0.015691856,0.0002742163645865249
157.csv;04:04:21.859-2024/10/29;196;9,196,147,9,7,1,1,11,12,28,31,1,1,2,2,1,1,0.015417639557754822,0.015690602,0.00027296280440109247
160.csv;09:03:22.554-2024/12/05;774;11,774,793,11,10,0,0,1,3,29,32,1,1,3,3,0,0,0.015417639557754822,0.015690243,0.0002726033138872909
160.csv;07:30:47.069-2024/12/05;233;5,233,223,5,5,0,0,1,1,29,30,1,1,2,2,1,1,0.015417639557754822,0.015688673,0.0002710331040264892
160.csv;09:41:08.694-2024/12/05;60;15,60,201,15,10,0,0,9,9,30,31,1,1,4,4,0,0,0.015417639557754822,0.015688477,0.00027083752628581995
160.csv;08:07:58.640-2024/12/05;158;7,158,230,7,6,0,0,8,9,29,30,1,1,3,3,0,0,0.015417639557754822,0.015688157,0.0002705171513201522
160.csv;07:14:06.596-2024/12/05;537;17,537,533,17,12,0,0,2,5,28,31,1,1,4,4,1,1,0.015417639557754822,0.015687982,0.0002703420626761245
124.csv;19:25:41.980-2024/02/13;229;11,229,245,11,9,0,0,4,4,31,33,1,1,2,2,1,1,0.015417639557754822,0.01568794,0.00027030108448284143
158.csv;08:10:49.035-2024/12/06;298;0,298,324,0,4,0,0,12,10,28,30,0,0,4,4,1,1,0.015417639557754822,0.015686307,0.0002686675446869659
160.csv;09:41:08.665-2024/12/05;57;17,57,132,17,12,0,0,1,3,30,32,0,0,3,3,0,0,0.015417639557754822,0.015684903,0.00026726311024444574
124.csv;19:25:41.980-2024/02/13;229;10,229,214,10,10,0,0,3,4,22,27,1,1,2,2,0,0,0.015417639557754822,0.015681282,0.00026364212807434076
160.csv;07:54:11.101-2024/12/05;348;10,348,366,10,11,0,0,2,2,30,33,1,1,2,2,0,0,0.015417639557754822,0.01568028,0.0002626400249840545
160.csv;08:09:26.515-2024/12/05;754;0,754,752,0,1,0,0,2,5,29,32,1,1,3,3,0,0,0.015417639557754822,0.015677057,0.00025941764887588495
157.csv;04:04:22.101-2024/10/29;221;2,221,236,2,5,1,1,10,10,29,29,1,1,4,4,0,0,0.015417639557754822,0.015676724,0.0002590842353941726
158.csv;08:19:26.999-2024/12/06;894;5,894,981,5,5,0,0,8,10,30,30,1,1,2,2,0,0,0.015417639557754822,0.015676457,0.0002588178771378326
160.csv;06:58:29.706-2024/12/05;32;15,32,93,15,12,0,0,5,7,28,31,1,1,3,3,1,1,0.015417639557754822,0.015676418,0.00025877876158969873
158.csv;08:10:47.821-2024/12/06;176;10,176,349,10,8,0,0,5,6,30,31,0,0,4,4,1,1,0.015417639557754822,0.015675085,0.00025744510766284937
160.csv;07:13:06.454-2024/12/05;667;10,667,624,10,8,0,0,9,8,29,32,0,0,4,4,1,1,0.015417639557754822,0.015674908,0.0002572681563736724
158.csv;08:17:45.765-2024/12/06;1010;15,1010,840,15,10,0,0,13,12,28,29,1,1,4,4,1,1,0.015417639557754822,0.015673872,0.0002562325256707
160.csv;09:40:29.842-2024/12/05;271;10,271,195,10,9,0,0,4,4,30,32,1,1,2,2,0,0,0.015417639557754822,0.015673494,0.00025585440870540613
158.csv;08:03:45.516-2024/12/06;953;15,953,902,15,12,0,0,12,12,30,32,1,1,3,3,1,1,0.015417639557754822,0.01567103,0.00025339012917297357
103.csv;03:38:25.262-2024/09/04;655;0,655,650,0,1,0,0,6,7,31,33,1,1,3,3,1,1,0.015417639557754822,0.015668899,0.00025125926312225336
101.csv;10:08:36.889-2024/09/06;80;8,80,283,8,7,1,1,13,12,31,28,1,1,4,4,1,1,0.015417639557754822,0.015662733,0.0002450939076782989
160.csv;09:17:57.520-2024/12/05;207;5,207,113,5,5,0,0,10,11,29,31,1,1,2,2,0,0,0.015417639557754822,0.015662516,0.00024487597819583887
103.csv;03:30:39.355-2024/09/04;144;5,144,548,5,5,0,0,1,-1,0,-3,1,1,0,0,0,0,0.015417639557754822,0.01565808,0.00024044102009551996
160.csv;07:30:05.671-2024/12/05;189;10,189,102,10,10,0,0,7,8,29,30,1,1,2,2,1,1,0.015417639557754822,0.01565552,0.0002378798830153274
160.csv;07:14:05.826-2024/12/05;460;15,460,475,15,12,0,0,11,11,28,32,1,1,3,3,0,0,0.015417639557754822,0.015654393,0.00023675298270004266
160.csv;07:54:20.756-2024/12/05;290;0,290,283,0,1,0,0,9,10,30,33,1,1,3,3,0,0,0.015417639557754822,0.01565163,0.00023399067994373315
160.csv;08:53:32.175-2024/12/05;104;10,104,316,10,8,0,0,9,8,29,29,0,0,4,4,1,1,0.015417639557754822,0.015651267,0.00023362746413963312
158.csv;08:17:45.813-2024/12/06;1015;11,1015,940,11,10,0,0,5,5,28,29,0,0,3,3,1,1,0.015417639557754822,0.015650494,0.00023285446640270227
160.csv;06:57:32.002-2024/12/05;406;5,406,471,5,6,0,0,6,8,28,30,0,0,4,4,0,0,0.015417639557754822,0.01564765,0.0002300102072598266
160.csv;07:32:06.953-2024/12/05;29;10,29,31,10,9,0,0,4,3,30,31,1,1,2,2,1,1,0.015417639557754822,0.01564564,0.0002280004131438064
160.csv;07:46:26.831-2024/12/05;1;5,1,-23,5,4,0,0,9,9,30,31,1,1,2,2,0,0,0.015417639557754822,0.015641632,0.00022399200078266138
160.csv;06:51:25.084-2024/12/05;578;10,578,543,10,8,0,0,10,9,30,31,0,0,4,4,0,0,0.015417639557754822,0.015640846,0.0002232059645296859
158.csv;08:03:27.268-2024/12/06;153;2,153,138,2,3,0,0,5,6,29,30,1,1,2,2,0,0,0.015417639557754822,0.015638068,0.00022042876061218256
160.csv;09:39:21.621-2024/12/05;617;10,617,617,10,9,0,0,6,6,28,30,1,1,2,2,0,0,0.015417639557754822,0.015636602,0.0002189628588797378
160.csv;08:07:58.636-2024/12/05;158;5,158,325,5,6,0,0,4,7,29,30,0,0,4,4,0,0,0.015417639557754822,0.015636586,0.00021894609507339471
157.csv;04:04:21.548-2024/10/29;166;0,166,306,0,3,1,1,10,9,28,28,1,1,4,4,1,1,0.015417639557754822,0.015635923,0.0002182829934002685
160.csv;08:40:13.903-2024/12/05;149;5,149,65,5,6,0,0,5,6,29,31,1,1,2,2,1,1,0.015417639557754822,0.015634561,0.00021692139979618066
160.csv;06:58:30.632-2024/12/05;125;6,125,147,6,5,0,0,9,9,28,31,0,0,2,2,0,0,0.015417639557754822,0.015629228,0.00021158864673393243
160.csv;07:14:09.350-2024/12/05;813;5,813,819,5,5,0,0,4,5,28,31,1,1,3,3,0,0,0.015417639557754822,0.015628919,0.0002112794476391601
160.csv;08:33:15.566-2024/12/05;299;5,299,254,5,4,0,0,8,10,29,30,1,1,2,2,0,0,0.015417639557754822,0.015625859,0.00020821912165897363
160.csv;09:10:06.867-2024/12/05;245;10,245,128,10,11,0,0,5,5,30,32,1,1,2,2,1,1,0.015417639557754822,0.015622539,0.00020489988800304407
160.csv;08:15:35.476-2024/12/05;786;5,786,628,5,5,0,0,7,7,28,29,0,0,4,4,1,1,0.015417639557754822,0.015621013,0.0002033734503032493
157.csv;04:04:21.668-2024/10/29;177;7,177,255,7,7,1,1,14,11,28,29,1,1,4,4,0,0,0.015417639557754822,0.015620841,0.00020320115562694543
160.csv;06:43:48.793-2024/12/05;5;6,5,136,6,5,0,0,4,6,28,28,0,0,3,3,1,1,0.015417639557754822,0.0156156905,0.00019805094178932184
160.csv;06:58:26.531-2024/12/05;739;5,739,690,5,4,0,0,6,7,29,30,0,0,4,4,1,1,0.015417639557754822,0.0156117175,0.0001940779196860122
155.csv;03:50:41.947-2024/10/29;125;15,125,259,15,10,0,0,14,12,29,28,1,1,4,4,1,1,0.015417639557754822,0.015609804,0.0001921640517951774
136.csv;18:52:24.476-2024/01/16;78;10,78,148,10,10,1,1,0,0,30,31,1,1,2,2,1,1,0.015417639557754822,0.015609522,0.00019188279237764352
160.csv;09:17:31.235-2024/12/05;650;10,650,622,10,8,0,0,8,8,30,31,0,0,4,4,1,1,0.015417639557754822,0.015609312,0.00019167231347578043
160.csv;06:58:26.616-2024/12/05;747;6,747,645,6,6,0,0,10,10,28,31,0,0,4,4,0,0,0.015417639557754822,0.015607596,0.00018995681729333871
160.csv;08:52:21.688-2024/12/05;223;10,223,193,10,9,0,0,10,10,28,31,1,1,2,2,0,0,0.015417639557754822,0.0156074595,0.00018981991287487024
160.csv;08:47:35.823-2024/12/05;309;0,309,244,0,-1,0,0,5,6,30,32,1,1,2,2,0,0,0.015417639557754822,0.0156064965,0.00018885692533271783
136.csv;18:53:09.320-2024/01/16;466;19,466,458,19,17,1,1,14,13,18,30,1,1,1,1,1,1,0.015417639557754822,0.0156041905,0.0001865509706379699
160.csv;06:43:00.263-2024/12/05;272;6,272,412,6,6,0,0,9,9,28,29,0,0,4,4,1,1,0.015417639557754822,0.015603898,0.00018625853534954065
160.csv;08:39:02.897-2024/12/05;216;10,216,246,10,11,0,0,2,2,29,31,1,1,2,2,1,1,0.015417639557754822,0.015601867,0.0001842273208143043
160.csv;08:40:03.105-2024/12/05;93;5,93,18,5,5,0,0,12,13,30,31,1,1,2,2,1,1,0.015417639557754822,0.015600447,0.00018280705388801569
160.csv;06:58:40.998-2024/12/05;137;16,137,201,16,11,0,0,7,8,28,30,1,1,4,4,1,1,0.015417639557754822,0.015598219,0.00018057933028953546
160.csv;09:41:42.115-2024/12/05;330;15,330,237,15,15,0,0,10,11,29,32,1,1,2,2,1,1,0.015417639557754822,0.015597865,0.00018022542771118158
158.csv;08:12:04.422-2024/12/06;668;12,668,638,12,11,0,0,2,4,29,32,0,0,3,3,1,1,0.015417639557754822,0.015596012,0.00017837209578769678
158.csv;08:03:30.072-2024/12/06;433;7,433,376,7,7,0,0,6,7,29,30,1,1,2,2,0,0,0.015417639557754822,0.0155878095,0.00017016993787305826
160.csv;09:32:23.960-2024/12/05;835;5,835,937,5,4,0,0,6,7,29,30,1,1,2,2,0,0,0.015417639557754822,0.015587704,0.0001700646984221267
160.csv;07:22:08.602-2024/12/05;610;5,610,613,5,3,0,0,13,13,29,31,1,1,3,3,0,0,0.015417639557754822,0.01558715,0.0001695105614902305
158.csv;08:17:45.813-2024/12/06;1015;15,1015,761,15,10,0,0,4,7,28,29,1,1,4,4,1,1,0.015417639557754822,0.015585428,0.00016778854604976648
160.csv;06:42:28.730-2024/12/05;190;16,190,163,16,15,0,0,4,4,28,33,1,1,2,2,0,0,0.015417639557754822,0.015584173,0.00016653312321918481
160.csv;09:40:27.637-2024/12/05;51;0,51,208,0,5,0,0,15,12,28,27,1,1,4,4,0,0,0.015417639557754822,0.015583079,0.00016543975051658624
160.csv;06:59:22.697-2024/12/05;211;15,211,274,15,11,0,0,14,12,28,29,1,1,4,4,0,0,0.015417639557754822,0.0155803375,0.00016269793685691827
101.csv;09:56:15.744-2024/09/06;717;9,717,771,9,8,1,1,13,14,23,28,1,1,2,2,1,1,0.015417639557754822,0.015578522,0.0001608827891589927
124.csv;19:33:51.136-2024/02/13;1017;10,1017,973,10,8,0,0,12,14,31,31,1,1,2,2,0,0,0.015417639557754822,0.0155768255,0.0001591859194280433
160.csv;09:32:53.923-2024/12/05;759;12,759,678,12,9,0,0,4,6,30,31,0,0,4,4,1,1,0.015417639557754822,0.015576179,0.00015853958156126016
160.csv;07:44:39.971-2024/12/05;579;10,579,549,10,9,0,0,6,7,28,31,1,1,3,3,0,0,0.015417639557754822,0.015570791,0.00015315188046710962
160.csv;08:09:30.987-2024/12/05;177;5,177,104,5,5,0,0,6,6,29,31,1,1,2,2,0,0,0.015417639557754822,0.015569434,0.00015179401215332025
157.csv;04:22:14.162-2024/10/29;931;5,931,953,5,5,1,1,13,14,22,27,1,1,2,2,0,0,0.015417639557754822,0.015568124,0.0001504845726134109
160.csv;07:14:09.347-2024/12/05;812;16,812,883,16,17,0,0,5,6,28,32,1,1,2,2,0,0,0.015417639557754822,0.015564407,0.00014676766421812051
160.csv;06:43:48.801-2024/12/05;6;0,6,262,0,3,0,0,4,7,28,29,1,1,4,4,1,1,0.015417639557754822,0.015559937,0.00014229731585996622
160.csv;07:30:49.509-2024/12/05;477;0,477,518,0,3,0,0,0,4,29,30,1,1,4,4,0,0,0.015417639557754822,0.015559257,0.00014161745038049692
160.csv;07:36:48.876-2024/12/05;573;15,573,529,15,10,0,0,15,12,29,31,0,0,4,3,1,1,0.015417639557754822,0.015558755,0.00014111546751277917
157.csv;04:04:21.288-2024/10/29;139;8,139,53,8,9,1,1,15,14,0,8,1,1,2,2,0,0,0.015417639557754822,0.015552281,0.00013464184429662698
158.csv;08:03:29.993-2024/12/06;425;10,425,463,10,8,0,0,6,7,30,31,0,0,4,4,1,1,0.015417639557754822,0.015547725,0.00013008581426160806
160.csv;09:02:35.541-2024/12/05;169;5,169,109,5,5,0,0,15,15,29,30,1,1,2,2,0,0,0.015417639557754822,0.01554757,0.00012993028339164728
160.csv;07:50:57.166-2024/12/05;411;0,411,463,0,1,0,0,0,3,28,31,1,1,4,4,1,1,0.015417639557754822,0.015545836,0.00012819616075771326
160.csv;07:29:06.672-2024/12/05;433;10,433,480,10,10,0,0,2,4,29,32,0,0,3,3,1,1,0.015417639557754822,0.015537718,0.00012007875319736475
160.csv;07:14:09.537-2024/12/05;831;16,831,711,16,10,0,0,5,7,28,29,1,1,4,4,0,0,0.015417639557754822,0.015536219,0.00011857932385223383
160.csv;09:10:58.421-2024/12/05;281;5,281,242,5,4,0,0,9,10,30,31,1,1,2,2,1,1,0.015417639557754822,0.015527358,0.00010971872087734216
160.csv;08:48:26.608-2024/12/05;267;10,267,159,10,10,0,0,6,6,30,33,1,1,2,2,0,0,0.015417639557754822,0.015524456,0.00010681671973484033
160.csv;07:44:42.115-2024/12/05;794;0,794,757,0,3,0,0,0,5,28,30,1,1,4,4,0,0,0.015417639557754822,0.015521415,0.00010377502020614618
160.csv;08:40:50.298-2024/12/05;716;10,716,744,10,10,0,0,4,6,30,32,1,1,3,3,1,1,0.015417639557754822,0.015521281,0.00010364184107797617
160.csv;08:38:39.158-2024/12/05;914;10,914,571,10,8,0,0,6,7,28,30,0,0,3,3,0,0,0.015417639557754822,0.015516861,9.92217841388511e-05
160.csv;07:16:03.690-2024/12/05;983;5,983,1052,5,4,0,0,10,10,30,31,1,1,2,2,1,1,0.015417639557754822,0.015512506,9.486598845737451e-05
158.csv;08:10:48.696-2024/12/06;263;15,263,335,15,11,0,0,10,10,28,31,0,0,3,3,0,0,0.015417639557754822,0.015510364,9.272487785833353e-05
160.csv;08:36:41.101-2024/12/05;372;8,372,400,8,8,1,1,4,6,28,33,1,1,3,3,0,0,0.015417639557754822,0.015509075,9.143499609249109e-05
160.csv;08:09:22.420-2024/12/05;344;10,344,359,10,10,0,0,8,8,30,33,1,1,3,3,1,1,0.015417639557754822,0.015504167,8.652785744684213e-05
157.csv;04:06:10.111-2024/10/29;782;2,782,884,2,1,1,1,15,15,15,22,1,1,1,1,0,0,0.015417639557754822,0.015501952,8.431224104183191e-05
158.csv;08:03:23.976-2024/12/06;847;16,847,770,16,15,0,0,14,14,28,30,0,0,3,3,1,1,0.015417639557754822,0.015499914,8.227450724857324e-05
160.csv;08:09:29.991-2024/12/05;77;6,77,98,6,5,1,1,9,9,30,29,1,1,2,2,0,0,0.015417639557754822,0.015496386,7.874665733592981e-05
160.csv;08:31:38.822-2024/12/05;864;15,864,748,15,9,0,0,2,5,30,31,1,1,4,4,1,1,0.015417639557754822,0.015496167,7.852779653089517e-05
160.csv;07:54:25.521-2024/12/05;766;11,766,881,11,11,0,0,6,6,31,32,1,1,2,2,1,1,0.015417639557754822,0.015495826,7.818600114601129e-05
155.csv;03:50:45.035-2024/10/29;434;5,434,411,5,5,0,0,15,13,29,31,1,1,3,3,0,0,0.015417639557754822,0.015495714,7.807424243705743e-05
160.csv;07:39:30.127-2024/12/05;315;5,315,246,5,5,0,0,0,0,30,31,1,1,2,2,1,1,0.015417639557754822,0.01549488,7.724070873277658e-05
160.csv;09:09:57.648-2024/12/05;348;0,348,374,0,2,0,0,6,7,29,29,0,0,4,4,1,1,0.015417639557754822,0.015493603,7.596386548297876e-05
157.csv;04:04:21.674-2024/10/29;178;5,178,274,5,6,1,1,13,10,28,29,1,1,4,4,0,0,0.015417639557754822,0.015492372,7.47326570393371e-05
160.csv;07:15:17.291-2024/12/05;439;5,439,463,5,5,0,0,3,5,28,29,0,0,4,4,1,1,0.015417639557754822,0.015490175,7.253566708581918e-05
160.csv;08:23:07.108-2024/12/05;893;10,893,719,10,7,0,0,10,9,28,29,0,0,4,4,0,0,0.015417639557754822,0.015487689,7.004903581159586e-05
160.csv;07:38:46.557-2024/12/05;54;5,54,122,5,5,0,0,8,9,30,31,1,1,3,3,1,1,0.015417639557754822,0.0154870935,6.945392068641656e-05
160.csv;07:29:06.322-2024/12/05;398;10,398,456,10,7,0,0,3,6,31,31,0,0,4,4,1,1,0.015417639557754822,0.015485805,6.816590156572336e-05
160.csv;07:38:41.118-2024/12/05;534;5,534,559,5,5,0,0,6,7,30,34,1,1,3,3,0,0,0.015417639557754822,0.01548558,6.794052150266641e-05
160.csv;09:16:07.442-2024/12/05;463;5,463,492,5,4,0,0,11,13,30,33,1,1,2,2,1,1,0.015417639557754822,0.015485474,6.783435072916025e-05
160.csv;08:10:52.766-2024/12/05;163;5,163,108,5,4,0,0,14,14,30,31,1,1,2,2,1,1,0.015417639557754822,0.015483419,6.57798531295585e-05
157.csv;04:04:21.761-2024/10/29;187;0,187,303,0,3,1,1,9,9,28,28,1,1,4,4,1,1,0.015417639557754822,0.01548333,6.569044616239542e-05
160.csv;08:02:51.385-2024/12/05;153;0,153,136,0,0,0,0,1,1,30,31,1,1,2,2,1,1,0.015417639557754822,0.015479188,6.154885467308038e-05
160.csv;07:22:11.855-2024/12/05;935;15,935,906,15,12,0,0,6,6,29,31,1,1,3,3,0,0,0.015417639557754822,0.015473689,5.604939486997598e-05
101.csv;09:55:28.354-2024/09/06;75;2,75,-12,2,3,1,1,14,14,17,23,1,1,2,2,0,0,0.015417639557754822,0.015460356,4.271658089178079e-05
160.csv;07:52:19.964-2024/12/05;498;16,498,496,16,17,0,0,6,7,29,32,1,1,2,2,1,1,0.015417639557754822,0.015458572,4.0932166838817535e-05
160.csv;09:20:27.975-2024/12/05;916;5,916,829,5,4,1,1,4,6,30,29,1,1,4,4,1,1,0.015417639557754822,0.015458476,4.083624061363214e-05
160.csv;07:39:58.544-2024/12/05;84;15,84,4,15,15,0,0,5,5,31,31,1,1,2,2,1,1,0.015417639557754822,0.015457745,4.010515239255899e-05
160.csv;06:50:38.907-2024/12/05;56;15,56,180,15,13,0,0,6,7,28,29,1,1,3,3,1,1,0.015417639557754822,0.015456591,3.895124372261041e-05
105.csv;11:28:05.867-2024/11/20;196;7,196,127,7,7,1,1,13,13,31,31,1,1,2,2,1,1,0.015417639557754822,0.015450915,3.3275763952903686e-05
157.csv;04:04:22.430-2024/10/29;254;0,254,329,0,3,1,1,8,8,29,29,1,1,4,4,1,1,0.015417639557754822,0.015448624,3.098471041934961e-05
160.csv;07:05:26.570-2024/12/05;759;5,759,795,5,4,0,0,10,11,28,31,1,1,2,2,1,1,0.015417639557754822,0.015443211,2.5571863615684448e-05
160.csv;09:10:56.417-2024/12/05;80;16,80,134,16,13,0,0,13,13,30,30,0,0,3,3,1,1,0.015417639557754822,0.01544015,2.251060631292337e-05
160.csv;09:25:15.541-2024/12/05;1001;5,1001,929,5,5,0,0,6,8,29,32,1,1,3,3,1,1,0.015417639557754822,0.01543991,2.2270325088672577e-05
160.csv;07:14:37.813-2024/12/05;587;5,587,591,5,4,0,0,11,13,29,31,1,1,2,2,0,0,0.015417639557754822,0.015437195,1.9555519783668457e-05
101.csv;09:52:15.194-2024/09/06;215;0,215,112,0,-2,0,0,12,12,15,20,1,1,1,1,0,0,0.015417639557754822,0.015434949,1.7309169733695923e-05
160.csv;08:33:14.830-2024/12/05;225;15,225,151,15,15,0,0,9,10,29,31,1,1,2,2,0,0,0.015417639557754822,0.015433216,1.5575978422336517e-05
160.csv;08:31:04.151-2024/12/05;470;0,470,513,0,3,0,0,4,6,28,30,0,0,4,4,1,1,0.015417639557754822,0.015431358,1.3717989885978638e-05
160.csv;07:46:35.674-2024/12/05;885;15,885,866,15,13,0,0,11,11,30,32,1,1,3,3,1,1,0.015417639557754822,0.0154311415,1.3501923048667847e-05
158.csv;08:11:34.168-2024/12/06;715;5,715,614,5,5,0,0,5,7,28,30,0,0,4,4,1,1,0.015417639557754822,0.01543108,1.3440455758743225e-05
160.csv;06:43:16.715-2024/12/05;893;8,893,801,8,7,0,0,10,9,28,32,0,0,3,3,1,1,0.015417639557754822,0.015428127,1.0487231874637543e-05
160.csv;08:33:46.681-2024/12/05;338;15,338,382,15,10,0,0,3,6,29,30,1,1,4,4,1,1,0.015417639557754822,0.0154260555,8.415970468692718e-06
160.csv;09:25:37.885-2024/12/05;163;15,163,227,15,13,0,0,10,10,30,31,1,1,3,3,1,1,0.015417639557754822,0.015424569,6.929579639606415e-06
160.csv;07:13:59.618-2024/12/05;863;15,863,779,15,13,0,0,7,7,30,31,0,0,3,3,0,0,0.015417639557754822,0.015422091,4.451330268554626e-06
160.csv;07:52:19.522-2024/12/05;454;15,454,434,15,13,0,0,14,14,30,30,0,0,3,3,0,0,0.015417639557754822,0.015421597,3.957729304008423e-06
160.csv;09:03:22.463-2024/12/05;765;6,765,644,6,6,0,0,9,9,30,30,0,0,4,4,0,0,0.015417639557754822,0.01541928,1.6405987383651122e-06
160.csv;07:36:52.367-2024/12/05;923;0,923,785,0,1,0,0,15,12,29,31,0,0,3,3,1,1,0.015417639557754822,0.015418426,7.865759374427184e-07
160.csv;07:30:37.900-2024/12/05;340;5,340,340,5,5,0,0,7,9,29,32,1,1,3,3,0,0,0.015417639557754822,0.0154179605,3.209146501349791e-07
